row_id,part,provider,method,path,operationId
e0001,8,auth0,DELETE,/actions/actions/{id},delete_action
e0002,9,auth0,DELETE,/actions/modules/{id},delete_action_module
e0003,2,auth0,DELETE,/agents/{id},delete_agent
e0004,4,auth0,DELETE,/anomaly/blocks/ips/{id},delete_ips_by_id
e0005,3,auth0,DELETE,/branding/phone/templates/{id},delete_phone_template
e0006,9,auth0,DELETE,/branding/templates/universal-login,delete_universal-login
e0007,1,auth0,DELETE,/branding/themes/{themeId},delete_branding_theme
e0008,3,auth0,DELETE,/client-grants/{id},delete_client-grants_by_id
e0009,7,auth0,DELETE,/clients/{client_id}/credentials/{credential_id},delete_credentials_by_credential_id
e0010,3,auth0,DELETE,/clients/{id},delete_clients_by_id
e0011,4,auth0,DELETE,/connection-profiles/{id},delete_connection-profiles_by_id
e0012,8,auth0,DELETE,/connections/{id},delete_connections_by_id
e0013,4,auth0,DELETE,/connections/{id}/directory-provisioning,delete_directory-provisioning
e0014,2,auth0,DELETE,/connections/{id}/directory-provisioning/synchronized-groups,delete_synchronized-groups
e0015,1,auth0,DELETE,/connections/{id}/scim-configuration,delete_scim-configuration
e0016,8,auth0,DELETE,/connections/{id}/scim-configuration/tokens/{tokenId},delete_tokens_by_tokenId
e0017,7,auth0,DELETE,/connections/{id}/users,delete_users_by_email
e0018,9,auth0,DELETE,/custom-domains/{id},delete_custom-domains_by_id
e0019,6,auth0,DELETE,/device-credentials/{id},delete_device-credentials_by_id
e0020,5,auth0,DELETE,/emails/provider,delete_provider
e0021,3,auth0,DELETE,/event-streams/{id},delete_event-streams_by_id
e0022,9,auth0,DELETE,/experimentation/experiments/{id},delete_experiment
e0023,4,auth0,DELETE,/experimentation/feature-flags/{id},delete_feature_flag
e0024,8,auth0,DELETE,/experimentation/feature-flags/{id}/variations/{vid},delete_variation
e0025,1,auth0,DELETE,/experimentation/segments/{id},delete_segment
e0026,5,auth0,DELETE,/flows/vault/connections/{id},delete_flows_vault_connections_by_id
e0027,9,auth0,DELETE,/flows/{flow_id}/executions/{execution_id},delete_flows_executions_by_execution_id
e0028,6,auth0,DELETE,/flows/{id},delete_flows_by_id
e0029,5,auth0,DELETE,/forms/{id},delete_form
e0030,5,auth0,DELETE,/grants,delete_grants_by_user_id
e0031,8,auth0,DELETE,/grants/{id},delete_grants_by_id
e0032,9,auth0,DELETE,/groups/{id},delete_group
e0033,4,auth0,DELETE,/groups/{id}/roles,delete_group_roles
e0034,6,auth0,DELETE,/hooks/{id},delete_hooks_by_id
e0035,3,auth0,DELETE,/hooks/{id}/secrets,delete_secrets
e0036,4,auth0,DELETE,/keys/custom-signing,delete_custom_signing_keys
e0037,8,auth0,DELETE,/keys/encryption/{kid},delete_encryption_key
e0038,9,auth0,DELETE,/keys/network-acls/{id},delete_keys_network_acls
e0039,8,auth0,DELETE,/log-streams/{id},delete_log-streams_by_id
e0040,4,auth0,DELETE,/network-acls/{id},delete_network-acls_by_id
e0041,3,auth0,DELETE,/organizations/{id},delete_organizations_by_id
e0042,6,auth0,DELETE,/organizations/{id}/client-grants/{grant_id},delete_client-grants_by_grant_id
e0043,7,auth0,DELETE,/organizations/{id}/clients,delete_organization_clients
e0044,1,auth0,DELETE,/organizations/{id}/connections/{connection_id},delete_organization_connection
e0045,6,auth0,DELETE,/organizations/{id}/discovery-domains/{discovery_domain_id},delete_discovery-domains_by_discovery_domain_id
e0046,3,auth0,DELETE,/organizations/{id}/enabled_connections/{connectionId},delete_enabled_connections_by_connectionId
e0047,8,auth0,DELETE,/organizations/{id}/invitations/{invitation_id},delete_invitations_by_invitation_id
e0048,5,auth0,DELETE,/organizations/{id}/members,delete_members
e0049,4,auth0,DELETE,/organizations/{id}/members/{user_id}/roles,delete_organization_member_roles
e0050,3,auth0,DELETE,/organizations/{id}/organization-templates/{template_id},delete_organizations_by_id_organization-templates_by_template_id
e0051,3,auth0,DELETE,/organizations/{organization_id}/groups/{group_id}/roles,delete_organization_group_roles
e0052,8,auth0,DELETE,/rate-limit-policies/{id},delete_rate-limit-policies_by_id
e0053,2,auth0,DELETE,/refresh-tokens/{id},delete_refresh_token
e0054,1,auth0,DELETE,/resource-servers/{id},delete_resource-servers_by_id
e0055,7,auth0,DELETE,/roles/{id},delete_roles_by_id
e0056,9,auth0,DELETE,/roles/{id}/groups,delete_role_groups
e0057,8,auth0,DELETE,/roles/{id}/permissions,delete_role_permission_assignment
e0058,1,auth0,DELETE,/rules-configs/{key},delete_rules-configs_by_key
e0059,7,auth0,DELETE,/rules/{id},delete_rules_by_id
e0060,1,auth0,DELETE,/self-service-profiles/{id},delete_self-service-profiles_by_id
e0061,5,auth0,DELETE,/sessions/{id},delete_session
e0062,9,auth0,DELETE,/token-exchange-profiles/{id},delete_token-exchange-profiles_by_id
e0063,3,auth0,DELETE,/user-attribute-profiles/{id},delete_user-attribute-profiles_by_id
e0064,3,auth0,DELETE,/user-blocks,delete_user-blocks
e0065,8,auth0,DELETE,/user-blocks/{id},delete_user-blocks_by_id
e0066,9,auth0,DELETE,/users/{id},delete_users_by_id
e0067,1,auth0,DELETE,/users/{id}/authentication-methods,delete_authentication-methods
e0068,5,auth0,DELETE,/users/{id}/authentication-methods/{authentication_method_id},delete_authentication-methods_by_authentication_method_id
e0069,3,auth0,DELETE,/users/{id}/authenticators,delete_authenticators
e0070,6,auth0,DELETE,/users/{id}/identities/{provider}/{user_id},delete_user_identity_by_user_id
e0071,9,auth0,DELETE,/users/{id}/multifactor/{provider},delete_multifactor_by_provider
e0072,8,auth0,DELETE,/users/{id}/permissions,delete_permissions
e0073,6,auth0,DELETE,/users/{id}/roles,delete_user_roles
e0074,1,auth0,DELETE,/users/{user_id}/refresh-tokens,delete_refresh_tokens_for_user
e0075,1,auth0,DELETE,/users/{user_id}/sessions,delete_sessions_for_user
e0076,8,auth0,DELETE,/verifiable-credentials/verification/templates/{id},delete_vc_templates_by_id
e0077,3,auth0,PATCH,/actions/actions/{id},patch_action
e0078,8,auth0,PATCH,/actions/modules/{id},patch_action_module
e0079,1,auth0,PATCH,/actions/triggers/{triggerId}/bindings,patch_bindings
e0080,2,auth0,PATCH,/agents/{id},patch_agent
e0081,1,auth0,PATCH,/attack-protection/bot-detection,patch_bot-detection
e0082,7,auth0,PATCH,/attack-protection/breached-password-detection,patch_breached-password-detection
e0083,7,auth0,PATCH,/attack-protection/brute-force-protection,patch_brute-force-protection
e0084,1,auth0,PATCH,/attack-protection/captcha,patch_captcha
e0085,5,auth0,PATCH,/attack-protection/phone-provider-protection,patch_phone-provider-protection
e0086,6,auth0,PATCH,/attack-protection/suspicious-ip-throttling,patch_suspicious-ip-throttling
e0087,9,auth0,PATCH,/branding,patch_branding
e0088,8,auth0,PATCH,/branding/phone/providers/{id},update_phone_provider
e0089,7,auth0,PATCH,/branding/phone/templates/{id},update_phone_template
e0090,2,auth0,PATCH,/branding/phone/templates/{id}/reset,reset_phone_template
e0091,6,auth0,PATCH,/branding/themes/{themeId},patch_branding_theme
e0092,1,auth0,PATCH,/client-grants/{id},patch_client-grants_by_id
e0093,5,auth0,PATCH,/clients/{client_id}/credentials/{credential_id},patch_credentials_by_credential_id
e0094,9,auth0,PATCH,/clients/{id},patch_clients_by_id
e0095,4,auth0,PATCH,/connection-profiles/{id},patch_connection-profiles_by_id
e0096,8,auth0,PATCH,/connections/{id},patch_connections_by_id
e0097,9,auth0,PATCH,/connections/{id}/clients,patch_clients
e0098,2,auth0,PATCH,/connections/{id}/directory-provisioning,patch_directory-provisioning
e0099,4,auth0,PATCH,/connections/{id}/scim-configuration,patch_scim-configuration
e0100,9,auth0,PATCH,/custom-domains/default,patch_default
e0101,6,auth0,PATCH,/custom-domains/{id},patch_custom-domains_by_id
e0102,2,auth0,PATCH,/email-templates/{templateName},patch_email-templates_by_templateName
e0103,4,auth0,PATCH,/emails/provider,patch_provider
e0104,6,auth0,PATCH,/event-streams/{id},patch_event-streams_by_id
e0105,2,auth0,PATCH,/experimentation/experiments/{id},update_experiment
e0106,3,auth0,PATCH,/experimentation/feature-flags/{id},update_feature_flag
e0107,3,auth0,PATCH,/experimentation/feature-flags/{id}/variations/{vid},update_variation
e0108,6,auth0,PATCH,/experimentation/segments/{id},update_segment
e0109,7,auth0,PATCH,/flows/vault/connections/{id},patch_flows_vault_connections_by_id
e0110,8,auth0,PATCH,/flows/{id},patch_flows_by_id
e0111,5,auth0,PATCH,/forms/{id},patch_form
e0112,2,auth0,PATCH,/guardian/factors/duo/settings,patch_factor_duo_settings
e0113,3,auth0,PATCH,/guardian/factors/push-notification/providers/apns,patch_apns
e0114,6,auth0,PATCH,/guardian/factors/push-notification/providers/fcm,patch_fcm
e0115,1,auth0,PATCH,/guardian/factors/push-notification/providers/fcmv1,patch_fcmv1
e0116,3,auth0,PATCH,/guardian/factors/push-notification/providers/sns,patch_sns
e0117,5,auth0,PATCH,/hooks/{id},patch_hooks_by_id
e0118,1,auth0,PATCH,/hooks/{id}/secrets,patch_secrets
e0119,2,auth0,PATCH,/log-streams/{id},patch_log-streams_by_id
e0120,2,auth0,PATCH,/network-acls/{id},patch_network-acls_by_id
e0121,9,auth0,PATCH,/organizations/{id},patch_organizations_by_id
e0122,3,auth0,PATCH,/organizations/{id}/clients/{client_id},patch_organization_client
e0123,1,auth0,PATCH,/organizations/{id}/connections/{connection_id},patch_organization_connection
e0124,2,auth0,PATCH,/organizations/{id}/discovery-domains/{discovery_domain_id},patch_discovery-domains_by_discovery_domain_id
e0125,9,auth0,PATCH,/organizations/{id}/enabled_connections/{connectionId},patch_enabled_connections_by_connectionId
e0126,6,auth0,PATCH,/prompts,patch_prompts
e0127,1,auth0,PATCH,/prompts/rendering,patch_bulk_rendering
e0128,6,auth0,PATCH,/prompts/{prompt}/screen/{screen}/rendering,patch_rendering
e0129,6,auth0,PATCH,/rate-limit-policies/{id},patch_rate-limit-policies_by_id
e0130,2,auth0,PATCH,/refresh-tokens/{id},patch_refresh-tokens_by_id
e0131,2,auth0,PATCH,/resource-servers/{id},patch_resource-servers_by_id
e0132,5,auth0,PATCH,/risk-assessments/settings,patch_risk_assessments_settings
e0133,6,auth0,PATCH,/risk-assessments/settings/new-device,patch_new-device
e0134,8,auth0,PATCH,/roles/{id},patch_roles_by_id
e0135,2,auth0,PATCH,/rules/{id},patch_rules_by_id
e0136,3,auth0,PATCH,/self-service-profiles/{id},patch_self-service-profiles_by_id
e0137,9,auth0,PATCH,/sessions/{id},patch_sessions_by_id
e0138,9,auth0,PATCH,/supplemental-signals,patch_supplemental-signals
e0139,6,auth0,PATCH,/tenants/settings,patch_settings
e0140,8,auth0,PATCH,/token-exchange-profiles/{id},patch_token-exchange-profiles_by_id
e0141,9,auth0,PATCH,/user-attribute-profiles/{id},patch_user-attribute-profiles_by_id
e0142,3,auth0,PATCH,/users/{id},patch_users_by_id
e0143,2,auth0,PATCH,/users/{id}/authentication-methods/{authentication_method_id},patch_authentication-methods_by_authentication_method_id
e0144,6,auth0,PATCH,/verifiable-credentials/verification/templates/{id},patch_vc_templates_by_id
e0145,3,auth0,POST,/actions/actions,post_action
e0146,2,auth0,POST,/actions/actions/{actionId}/versions/{id}/deploy,post_deploy_draft_version
e0147,7,auth0,POST,/actions/actions/{id}/deploy,post_deploy_action
e0148,6,auth0,POST,/actions/modules,post_action_module
e0149,3,auth0,POST,/actions/modules/{id}/rollback,post_action_module_rollback
e0150,2,auth0,POST,/agents,post_agent
e0151,8,auth0,POST,/branding/phone/providers,create_phone_provider
e0152,4,auth0,POST,/branding/phone/providers/{id}/try,try_phone_provider
e0153,2,auth0,POST,/branding/phone/templates,create_phone_template
e0154,5,auth0,POST,/branding/themes,post_branding_theme
e0155,7,auth0,POST,/client-grants,post_client-grants
e0156,6,auth0,POST,/clients,post_clients
e0157,2,auth0,POST,/clients/cimd/preview,post_clients_cimd_preview
e0158,7,auth0,POST,/clients/cimd/register,post_clients_cimd_register
e0159,1,auth0,POST,/clients/{client_id}/credentials,post_credentials
e0160,2,auth0,POST,/clients/{id}/rotate-secret,post_rotate-secret
e0161,8,auth0,POST,/connection-profiles,post_connection-profiles
e0162,4,auth0,POST,/connections,post_connections
e0163,3,auth0,POST,/connections/{id}/directory-provisioning/synchronizations,post_synchronizations
e0164,1,auth0,POST,/connections/{id}/directory-provisioning/synchronized-groups,post_synchronized-groups
e0165,8,auth0,POST,/connections/{id}/keys,post_keys
e0166,9,auth0,POST,/connections/{id}/keys/rotate,post_rotate
e0167,3,auth0,POST,/connections/{id}/scim-configuration/tokens,post_scim_token
e0168,7,auth0,POST,/custom-domains,post_custom-domains
e0169,1,auth0,POST,/custom-domains/{id}/test,post_test_domain
e0170,5,auth0,POST,/custom-domains/{id}/verify,post_verify
e0171,1,auth0,POST,/device-credentials,post_device-credentials
e0172,2,auth0,POST,/email-templates,post_email-templates
e0173,3,auth0,POST,/emails/provider,post_provider
e0174,5,auth0,POST,/event-streams,post_event-streams
e0175,2,auth0,POST,/event-streams/{id}/redeliver,post_redeliver
e0176,6,auth0,POST,/event-streams/{id}/redeliver/{event_id},post_redeliver_by_event_id
e0177,8,auth0,POST,/event-streams/{id}/test,post_test_event
e0178,2,auth0,POST,/experimentation/experiments,create_experiment
e0179,5,auth0,POST,/experimentation/experiments/{id}/status,update_experiment_status
e0180,3,auth0,POST,/experimentation/experiments/{id}/validate,validate_experiment
e0181,3,auth0,POST,/experimentation/feature-flags,create_feature_flag
e0182,9,auth0,POST,/experimentation/feature-flags/{id}/status,update_feature_flag_status
e0183,4,auth0,POST,/experimentation/feature-flags/{id}/variations,create_variation
e0184,3,auth0,POST,/experimentation/segments,create_segment
e0185,9,auth0,POST,/flows,post_flows
e0186,4,auth0,POST,/flows/vault/connections,post_flows_vault_connections
e0187,6,auth0,POST,/forms,create_form
e0188,3,auth0,POST,/groups/{id}/roles,post_group_roles
e0189,7,auth0,POST,/hooks,post_hooks
e0190,1,auth0,POST,/hooks/{id}/secrets,post_secrets
e0191,5,auth0,POST,/jobs/users-imports,post_users-imports
e0192,7,auth0,POST,/keys/encryption/rekey,post_encryption_rekey
e0193,1,auth0,POST,/keys/encryption/{kid}/wrapping-key,post_encryption_wrapping_key
e0194,6,auth0,POST,/keys/network-acls,create_keys_network_acls
e0195,7,auth0,POST,/keys/signing/rotate,post_signing_keys
e0196,9,auth0,POST,/log-streams,post_log-streams
e0197,3,auth0,POST,/network-acls,post_network-acls
e0198,4,auth0,POST,/organizations/{id}/client-grants,create_organization-client-grants
e0199,4,auth0,POST,/organizations/{id}/connections,post_organization_connection
e0200,1,auth0,POST,/organizations/{id}/discovery-domains,post_discovery-domains
e0201,1,auth0,POST,/organizations/{id}/enabled_connections,post_enabled_connections
e0202,9,auth0,POST,/organizations/{id}/members/{user_id}/roles,post_organization_member_roles
e0203,4,auth0,POST,/rate-limit-policies,post_rate-limit-policies
e0204,3,auth0,POST,/refresh-tokens/revoke,revoke_refresh_tokens
e0205,7,auth0,POST,/roles/{id}/groups,post_role_groups
e0206,4,auth0,POST,/roles/{id}/permissions,post_role_permission_assignment
e0207,2,auth0,POST,/roles/{id}/users,post_role_users
e0208,2,auth0,POST,/rules,post_rules
e0209,1,auth0,POST,/self-service-profiles/{id}/sso-ticket,post_sso-ticket
e0210,8,auth0,POST,/sessions/{id}/revoke,revoke_session
e0211,6,auth0,POST,/tickets/email-verification,post_email-verification
e0212,1,auth0,POST,/tickets/password-change,post_password-change
e0213,8,auth0,POST,/token-exchange-profiles,post_token-exchange-profiles
e0214,9,auth0,POST,/users,post_users
e0215,9,auth0,POST,/users/{id}/authentication-methods,post_authentication-methods
e0216,5,auth0,POST,/users/{id}/identities,post_identities
e0217,8,auth0,POST,/users/{id}/permissions,post_permissions
e0218,5,auth0,POST,/users/{id}/revoke-access,user_revoke_access
e0219,9,auth0,POST,/users/{id}/risk-assessments/clear,post_clear_assessors
e0220,7,auth0,POST,/users/{id}/roles,post_user_roles
e0221,4,auth0,PUT,/branding/templates/universal-login,put_universal-login
e0222,4,auth0,PUT,/connections/{id}/directory-provisioning/synchronized-groups,put_synchronized-groups
e0223,2,auth0,PUT,/email-templates/{templateName},put_email-templates_by_templateName
e0224,1,auth0,PUT,/guardian/factors/duo/settings,put_factor_duo_settings
e0225,6,auth0,PUT,/guardian/factors/email/settings,set_email_factor_settings
e0226,3,auth0,PUT,/guardian/factors/phone/message-types,put_message-types
e0227,9,auth0,PUT,/guardian/factors/phone/providers/twilio,put_twilio
e0228,5,auth0,PUT,/guardian/factors/phone/selected-provider,put_phone_providers
e0229,5,auth0,PUT,/guardian/factors/phone/settings,set_phone_factor_settings
e0230,9,auth0,PUT,/guardian/factors/phone/templates,put_factor_phone_templates
e0231,8,auth0,PUT,/guardian/factors/push-notification/providers/apns,put_apns
e0232,9,auth0,PUT,/guardian/factors/push-notification/providers/fcm,put_fcm
e0233,2,auth0,PUT,/guardian/factors/push-notification/providers/fcmv1,put_fcmv1
e0234,5,auth0,PUT,/guardian/factors/push-notification/providers/sns,put_sns
e0235,3,auth0,PUT,/guardian/factors/push-notification/selected-provider,put_pn_providers
e0236,3,auth0,PUT,/guardian/factors/sms/providers/twilio,put_sms_twilio_factor_provider
e0237,7,auth0,PUT,/guardian/factors/sms/selected-provider,put_sms_providers
e0238,3,auth0,PUT,/guardian/factors/sms/templates,put_factor_sms_templates
e0239,8,auth0,PUT,/guardian/factors/{name},put_factors_by_name
e0240,1,auth0,PUT,/guardian/policies,put_policies
e0241,2,auth0,PUT,/guardian/settings,set_guardian_settings
e0242,9,auth0,PUT,/keys/custom-signing,put_custom_signing_keys
e0243,3,auth0,PUT,/keys/signing/{kid}/revoke,put_signing_keys
e0244,1,auth0,PUT,/network-acls/{id},put_network-acls_by_id
e0245,7,auth0,PUT,/organizations/{id}/organization-templates/{template_id},put_organizations_by_id_organization-templates_by_template_id
e0246,5,auth0,PUT,/prompts/{prompt}/custom-text/{language},put_custom-text_by_language
e0247,2,auth0,PUT,/prompts/{prompt}/partials,put_partials
e0248,3,auth0,PUT,/rules-configs/{key},put_rules-configs_by_key
e0249,4,auth0,PUT,/self-service-profiles/{id}/custom-text/{language}/{page},put_self_service_profile_custom_text
e0250,8,auth0,PUT,/users/{id}/authentication-methods,put_authentication-methods
e0251,3,hubspot,DELETE,/analytics/reporting/2027-03-beta/dashboards/{dashboardId}/widgets/{reportId},delete-/analytics/reporting/2027-03-beta/dashboards/{dashboardId}/widgets/{reportId}
e0252,6,hubspot,DELETE,/app-webhooks/2027-03-beta/{appId}/settings,delete-/app-webhooks/2027-03-beta/{appId}/settings_/app-webhooks/2027-03-beta/{appId}/settings
e0253,4,hubspot,DELETE,/appinstalls/v3/external-install,delete-/appinstalls/v3/external-install
e0254,5,hubspot,DELETE,/automation/sequences/2026-09/serviceaccounts/sequences/{sequenceId},delete-/automation/sequences/2026-09/serviceaccounts/sequences/{sequenceId}
e0255,6,hubspot,DELETE,/automation/v4/flows/{flowId},delete-/automation/v4/flows/{flowId}
e0256,9,hubspot,DELETE,/cms/v3/blogs/authors/{objectId},delete-/cms/v3/blogs/authors/{objectId}_archive
e0257,5,hubspot,DELETE,/cms/v3/blogs/posts/{objectId},delete-/cms/v3/blogs/posts/{objectId}_archive
e0258,8,hubspot,DELETE,/cms/v3/hubdb/tables/{tableIdOrName}/rows/{rowId}/draft,delete-/cms/v3/hubdb/tables/{tableIdOrName}/rows/{rowId}/draft_purgeDraftTableRow
e0259,5,hubspot,DELETE,/cms/v3/hubdb/tables/{tableIdOrName}/versions/{versionId},delete-/cms/v3/hubdb/tables/{tableIdOrName}/versions/{versionId}_removeTableVersion
e0260,4,hubspot,DELETE,/cms/v3/source-code/{environment}/content/{path},delete-/cms/v3/source-code/{environment}/content/{path}_archive
e0261,2,hubspot,DELETE,/commerce/payments-settings/2027-03-beta/payments-settings/checkout-fees/{checkoutFeeId},delete-/commerce/payments-settings/2027-03-beta/payments-settings/checkout-fees/{checkoutFeeId}
e0262,6,hubspot,DELETE,/commerce/price-books/2026-09/price-books/{priceBookId}/items/{priceBookItemId},delete-/commerce/price-books/2026-09/price-books/{priceBookId}/items/{priceBookItemId}
e0263,6,hubspot,DELETE,/conversations/conversations/v3/threads/{threadId}/assignee,delete-/conversations/conversations/v3/threads/{threadId}/assignee_/conversations/conversations/v3/threads/{threadId}/assignee
e0264,7,hubspot,DELETE,/conversations/v3/custom-channels/{channelId},delete-/conversations/v3/custom-channels/{channelId}
e0265,2,hubspot,DELETE,/crm-object-schemas/v3/schemas/{objectType},delete-/crm-object-schemas/v3/schemas/{objectType}_archive
e0266,9,hubspot,DELETE,/crm/lists/2026-09/{listId},delete-/crm/lists/2026-09/{listId}
e0267,4,hubspot,DELETE,/crm/lists/2026-09/{listId}/memberships,delete-/crm/lists/2026-09/{listId}/memberships
e0268,4,hubspot,DELETE,/crm/objects/2026-09-beta/{objectType}/{objectId},delete-/crm/objects/2026-09-beta/{objectType}/{objectId}_/crm/objects/2026-09-beta/{objectType}/{objectId}
e0269,9,hubspot,DELETE,/crm/objects/2026-09-beta/{objectType}/{objectId}/associations/{toObjectType}/{toObjectId},delete-/crm/objects/2026-09-beta/{objectType}/{objectId}/associations/{toObjectType}/{toObjectId}_/crm/objects/2026-09-beta/{objectType}/{objectId}/associations/{toObjectType}/{toObjectId}
e0270,4,hubspot,DELETE,/crm/objects/2026-09/projects/{projectId},delete-/crm/objects/2026-09/projects/{projectId}_/crm/objects/2026-09-beta/{objectType}/{objectId}
e0271,4,hubspot,DELETE,/crm/pipelines-rules/2026-09/{objectTypeId}/{pipelineId},delete-/crm/pipelines-rules/2026-09/{objectTypeId}/{pipelineId}
e0272,5,hubspot,DELETE,/crm/pipelines/2026-09/{objectType}/{pipelineId},delete-/crm/pipelines/2026-09/{objectType}/{pipelineId}
e0273,9,hubspot,DELETE,/crm/task-series/2026-09/{taskId},delete-/crm/task-series/2026-09/{taskId}
e0274,7,hubspot,DELETE,/crm/v3/extensions/calling/transcripts/{transcriptId},delete-/crm/v3/extensions/calling/transcripts/{transcriptId}
e0275,3,hubspot,DELETE,/crm/v3/extensions/calling/{appId}/settings,delete-/crm/v3/extensions/calling/{appId}/settings_remove
e0276,3,hubspot,DELETE,/crm/v3/extensions/cards-dev/{appId}/{cardId},delete-/crm/v3/extensions/cards-dev/{appId}/{cardId}_archive
e0277,3,hubspot,DELETE,/crm/v3/objects/0-3/{dealId},delete-/crm/v3/objects/0-3/{dealId}_archive
e0278,9,hubspot,DELETE,/crm/v3/objects/bucket_test111s/{bucketTest111Id},delete-/crm/v3/objects/bucket_test111s/{bucketTest111Id}
e0279,7,hubspot,DELETE,/crm/v3/objects/companies/{companyId},delete-/crm/v3/objects/companies/{companyId}_archive
e0280,5,hubspot,DELETE,/crm/v3/objects/contacts/{contactId},delete-/crm/v3/objects/contacts/{contactId}_archive
e0281,9,hubspot,DELETE,/crm/v3/objects/fees/{feeId},delete-/crm/v3/objects/fees/{feeId}
e0282,9,hubspot,DELETE,/crm/v3/objects/leads/{leadsId},delete-/crm/v3/objects/leads/{leadsId}_archive
e0283,7,hubspot,DELETE,/crm/v3/objects/line_items/{lineItemId},delete-/crm/v3/objects/line_items/{lineItemId}_archive
e0284,9,hubspot,DELETE,/crm/v3/objects/orders/{orderId},delete-/crm/v3/objects/orders/{orderId}
e0285,9,hubspot,DELETE,/crm/v3/objects/products/{productId},delete-/crm/v3/objects/products/{productId}_archive
e0286,9,hubspot,DELETE,/crm/v3/objects/quotes/{quoteId},delete-/crm/v3/objects/quotes/{quoteId}_archive
e0287,9,hubspot,DELETE,/crm/v3/objects/subscriptions/{subscriptionId},delete-/crm/v3/objects/subscriptions/{subscriptionId}
e0288,7,hubspot,DELETE,/crm/v3/objects/taxes/{taxId},delete-/crm/v3/objects/taxes/{taxId}_archive
e0289,7,hubspot,DELETE,/crm/v4/objects/{objectType}/{objectId}/associations/{toObjectType}/{toObjectId},delete-/crm/v4/objects/{objectType}/{objectId}/associations/{toObjectType}/{toObjectId}
e0290,8,hubspot,DELETE,/feature-flags/v3/{appId}/flags/{flagName},delete-/feature-flags/v3/{appId}/flags/{flagName}
e0291,9,hubspot,DELETE,/files/2026-09/files/{fileId},delete-/files/2026-09/files/{fileId}
e0292,8,hubspot,DELETE,/files/2026-09/folders/{folderId},delete-/files/2026-09/folders/{folderId}
e0293,6,hubspot,DELETE,/integrators/timeline/v3/{appId}/event-templates/{eventTemplateId},delete-/integrators/timeline/v3/{appId}/event-templates/{eventTemplateId}_archive
e0294,7,hubspot,DELETE,/integrators/timeline/v3/{appId}/event-templates/{eventTemplateId}/tokens/{tokenName},delete-/integrators/timeline/v3/{appId}/event-templates/{eventTemplateId}/tokens/{tokenName}_archive
e0295,9,hubspot,DELETE,/marketing/campaigns/2026-09/{campaignGuid}/assets/{assetType}/{assetId},delete-/marketing/campaigns/2026-09/{campaignGuid}/assets/{assetType}/{assetId}
e0296,2,hubspot,DELETE,/marketing/campaigns/2026-09/{campaignGuid}/budget/{budgetId},delete-/marketing/campaigns/2026-09/{campaignGuid}/budget/{budgetId}
e0297,2,hubspot,DELETE,/marketing/campaigns/2026-09/{campaignGuid}/spend/{spendId},delete-/marketing/campaigns/2026-09/{campaignGuid}/spend/{spendId}
e0298,5,hubspot,DELETE,/marketing/lead-scoring/2027-03-beta/scores/{scoreId},delete-/marketing/lead-scoring/2027-03-beta/scores/{scoreId}
e0299,8,hubspot,DELETE,/marketing/v3/marketing-events/associations/{externalAccountId}/{externalEventId}/lists/{listId},delete-/marketing/v3/marketing-events/associations/{externalAccountId}/{externalEventId}/lists/{listId}_disassociateByExternalAccountAndEventIds
e0300,7,hubspot,DELETE,/marketing/v3/marketing-events/events/{externalEventId},delete-/marketing/v3/marketing-events/events/{externalEventId}_archive
e0301,9,hubspot,DELETE,/marketing/v3/transactional/smtp-tokens/{tokenId},delete-/marketing/v3/transactional/smtp-tokens/{tokenId}_archiveToken
e0302,2,hubspot,DELETE,/media-bridge/v1/{appId}/properties/{objectType}/groups/{groupName},delete-/media-bridge/v1/{appId}/properties/{objectType}/groups/{groupName}
e0303,7,hubspot,DELETE,/media-bridge/v1/{appId}/properties/{objectType}/{propertyName},delete-/media-bridge/v1/{appId}/properties/{objectType}/{propertyName}
e0304,7,hubspot,DELETE,/media-bridge/v1/{appId}/schemas/{objectType}/associations/{associationId},delete-/media-bridge/v1/{appId}/schemas/{objectType}/associations/{associationId}
e0305,2,hubspot,DELETE,/public/api/versioning/test/2026-09-beta/widgets/{widgetId},delete-/public/api/versioning/test/2026-09-beta/widgets/{widgetId}
e0306,6,hubspot,DELETE,/public/api/versioning/test/2026-09/widgets/{widgetId},delete-/public/api/versioning/test/2026-09/widgets/{widgetId}
e0307,2,hubspot,DELETE,/public/api/versioning/test/2027-03-beta/widgets/{widgetId},delete-/public/api/versioning/test/2027-03-beta/widgets/{widgetId}
e0308,6,hubspot,DELETE,/settings/teams/2026-09/{teamId},delete-/settings/teams/2026-09/{teamId}
e0309,7,hubspot,DELETE,/url-mappings/v3/url-mappings/{id},delete-/url-mappings/v3/url-mappings/{id}_/url-mappings/v3/url-mappings/{id}
e0310,6,hubspot,DELETE,/webhooks-journal/subscriptions/2027-03-beta/filters/{filterId},delete-/webhooks-journal/subscriptions/2027-03-beta/filters/{filterId}_/webhooks-journal/subscriptions/2027-03-beta/filters/{filterId}
e0311,2,hubspot,DELETE,/webhooks-journal/subscriptions/2027-03-beta/portals/{portalId},delete-/webhooks-journal/subscriptions/2027-03-beta/portals/{portalId}_/webhooks-journal/subscriptions/2027-03-beta/portals/{portalId}
e0312,3,hubspot,DELETE,/webhooks-journal/subscriptions/2027-03-beta/{subscriptionId},delete-/webhooks-journal/subscriptions/2027-03-beta/{subscriptionId}_/webhooks-journal/subscriptions/2027-03-beta/{subscriptionId}
e0313,1,hubspot,PATCH,/app-webhooks/2027-03-beta/{appId}/subscriptions/{subscriptionId},patch-/app-webhooks/2027-03-beta/{appId}/subscriptions/{subscriptionId}_/app-webhooks/2027-03-beta/{appId}/subscriptions/{subscriptionId}
e0314,6,hubspot,PATCH,/automation/email-templates/2026-09/{templateId},patch-/automation/email-templates/2026-09/{templateId}_/automation/email-templates/2026-09-beta/{templateId}
e0315,5,hubspot,PATCH,/automation/v4/actions/{appId}/{definitionId},patch-/automation/v4/actions/{appId}/{definitionId}_update
e0316,1,hubspot,PATCH,/cms/v3/blogs/authors/{objectId},patch-/cms/v3/blogs/authors/{objectId}_update
e0317,2,hubspot,PATCH,/cms/v3/blogs/posts/{objectId},patch-/cms/v3/blogs/posts/{objectId}_update
e0318,3,hubspot,PATCH,/cms/v3/blogs/posts/{objectId}/draft,patch-/cms/v3/blogs/posts/{objectId}/draft_updateDraft
e0319,9,hubspot,PATCH,/cms/v3/blogs/tags/{objectId},patch-/cms/v3/blogs/tags/{objectId}_update
e0320,7,hubspot,PATCH,/cms/v3/hubdb/tables/{tableIdOrName}/draft,patch-/cms/v3/hubdb/tables/{tableIdOrName}/draft_updateDraftTable
e0321,4,hubspot,PATCH,/cms/v3/hubdb/tables/{tableIdOrName}/rows/{rowId}/draft,patch-/cms/v3/hubdb/tables/{tableIdOrName}/rows/{rowId}/draft_updateDraftTableRow
e0322,8,hubspot,PATCH,/cms/v3/pages/landing-pages/folders/{objectId},patch-/cms/v3/pages/landing-pages/folders/{objectId}_updateFolder
e0323,5,hubspot,PATCH,/cms/v3/pages/landing-pages/{objectId},patch-/cms/v3/pages/landing-pages/{objectId}_update
e0324,1,hubspot,PATCH,/cms/v3/pages/landing-pages/{objectId}/draft,patch-/cms/v3/pages/landing-pages/{objectId}/draft_updateDraft
e0325,2,hubspot,PATCH,/cms/v3/pages/site-pages/{objectId}/draft,patch-/cms/v3/pages/site-pages/{objectId}/draft_updateDraft
e0326,9,hubspot,PATCH,/cms/v3/url-redirects/{urlRedirectId},patch-/cms/v3/url-redirects/{urlRedirectId}_update
e0327,3,hubspot,PATCH,/commerce/contracts/2027-03-beta/changes/{changeId},patch-/commerce/contracts/2027-03-beta/changes/{changeId}
e0328,3,hubspot,PATCH,/commerce/contracts/2027-03-beta/contracts/{contractId},patch-/commerce/contracts/2027-03-beta/contracts/{contractId}
e0329,3,hubspot,PATCH,/commerce/payment-links/2027-03-beta/payment-links/{paymentLinkId},patch-/commerce/payment-links/2027-03-beta/payment-links/{paymentLinkId}_/commerce/payment-links/2026-09-beta/payment-links/{paymentLinkId}
e0330,2,hubspot,PATCH,/commerce/payment-methods/2027-03-beta/settings,patch-/commerce/payment-methods/2027-03-beta/settings
e0331,4,hubspot,PATCH,/commerce/payments-settings/2027-03-beta/payments-settings/checkout-fees,patch-/commerce/payments-settings/2027-03-beta/payments-settings/checkout-fees
e0332,5,hubspot,PATCH,/commerce/payments-settings/2027-03-beta/payments-settings/policy,patch-/commerce/payments-settings/2027-03-beta/payments-settings/policy
e0333,4,hubspot,PATCH,/commerce/payments-settings/2027-03-beta/payments-settings/shipping,patch-/commerce/payments-settings/2027-03-beta/payments-settings/shipping
e0334,5,hubspot,PATCH,/commerce/price-books/2026-09/price-books/{priceBookId},patch-/commerce/price-books/2026-09/price-books/{priceBookId}
e0335,3,hubspot,PATCH,/commerce/price-books/2026-09/price-books/{priceBookId}/items/{priceBookItemId},patch-/commerce/price-books/2026-09/price-books/{priceBookId}/items/{priceBookItemId}
e0336,2,hubspot,PATCH,/conversations/v3/conversations/threads/{threadId},patch-/conversations/v3/conversations/threads/{threadId}
e0337,6,hubspot,PATCH,/conversations/v3/custom-channels/{channelId},patch-/conversations/v3/custom-channels/{channelId}
e0338,2,hubspot,PATCH,/conversations/v3/custom-channels/{channelId}/channel-accounts/{channelAccountId},patch-/conversations/v3/custom-channels/{channelId}/channel-accounts/{channelAccountId}
e0339,7,hubspot,PATCH,/conversations/v3/custom-channels/{channelId}/messages/{messageId},patch-/conversations/v3/custom-channels/{channelId}/messages/{messageId}
e0340,2,hubspot,PATCH,/crm/objects/2026-09-beta/{objectType}/{objectId},patch-/crm/objects/2026-09-beta/{objectType}/{objectId}_/crm/objects/2026-09-beta/{objectType}/{objectId}
e0341,1,hubspot,PATCH,/crm/objects/2026-09/projects/{projectId},patch-/crm/objects/2026-09/projects/{projectId}_/crm/objects/2026-09-beta/{objectType}/{objectId}
e0342,7,hubspot,PATCH,/crm/objects/v3/{objectType}/{objectId},patch-/crm/objects/v3/{objectType}/{objectId}_/crm/objects/v3/{objectType}/{objectId}
e0343,7,hubspot,PATCH,/crm/pipelines/2026-09/{objectType}/{pipelineId},patch-/crm/pipelines/2026-09/{objectType}/{pipelineId}
e0344,3,hubspot,PATCH,/crm/task-series/2026-09/{taskId},patch-/crm/task-series/2026-09/{taskId}
e0345,4,hubspot,PATCH,/crm/v3/extensions/calling/{appId}/settings/recording,patch-/crm/v3/extensions/calling/{appId}/settings/recording_update
e0346,9,hubspot,PATCH,/crm/v3/extensions/cards-dev/{appId}/{cardId},patch-/crm/v3/extensions/cards-dev/{appId}/{cardId}_update
e0347,7,hubspot,PATCH,/crm/v3/objects/0-162/{serviceId},patch-/crm/v3/objects/0-162/{serviceId}
e0348,2,hubspot,PATCH,/crm/v3/objects/bucket_test111s/{bucketTest111Id},patch-/crm/v3/objects/bucket_test111s/{bucketTest111Id}
e0349,5,hubspot,PATCH,/crm/v3/objects/calls/{callId},patch-/crm/v3/objects/calls/{callId}_update
e0350,8,hubspot,PATCH,/crm/v3/objects/companies/{companyId},patch-/crm/v3/objects/companies/{companyId}_update
e0351,8,hubspot,PATCH,/crm/v3/objects/contacts/{contactId},patch-/crm/v3/objects/contacts/{contactId}_update
e0352,6,hubspot,PATCH,/crm/v3/objects/discounts/{discountId},patch-/crm/v3/objects/discounts/{discountId}
e0353,7,hubspot,PATCH,/crm/v3/objects/emails/{emailId},patch-/crm/v3/objects/emails/{emailId}_update
e0354,4,hubspot,PATCH,/crm/v3/objects/invoices/{invoiceId},patch-/crm/v3/objects/invoices/{invoiceId}_update
e0355,9,hubspot,PATCH,/crm/v3/objects/meetings/{meetingId},patch-/crm/v3/objects/meetings/{meetingId}_update
e0356,1,hubspot,PATCH,/crm/v3/objects/notes/{noteId},patch-/crm/v3/objects/notes/{noteId}_update
e0357,6,hubspot,PATCH,/crm/v3/objects/partner_services/{partnerServiceId},patch-/crm/v3/objects/partner_services/{partnerServiceId}
e0358,3,hubspot,PATCH,/crm/v3/objects/postal_mail/{postalMailId},patch-/crm/v3/objects/postal_mail/{postalMailId}_update
e0359,1,hubspot,PATCH,/crm/v3/objects/products/{productId},patch-/crm/v3/objects/products/{productId}_update
e0360,9,hubspot,PATCH,/crm/v3/objects/quotes/{quoteId},patch-/crm/v3/objects/quotes/{quoteId}_update
e0361,6,hubspot,PATCH,/crm/v3/objects/taxes/{taxId},patch-/crm/v3/objects/taxes/{taxId}_update
e0362,6,hubspot,PATCH,/crm/v3/objects/{objectType}/{objectId},patch-/crm/v3/objects/{objectType}/{objectId}_update
e0363,6,hubspot,PATCH,/crm/v3/properties/{objectType}/groups/{groupName},patch-/crm/v3/properties/{objectType}/groups/{groupName}_update
e0364,8,hubspot,PATCH,/crm/v3/properties/{objectType}/{propertyName},patch-/crm/v3/properties/{objectType}/{propertyName}_update
e0365,2,hubspot,PATCH,/marketing/campaigns/2026-09/{campaignGuid},patch-/marketing/campaigns/2026-09/{campaignGuid}
e0366,1,hubspot,PATCH,/marketing/v3/emails/{emailId},patch-/marketing/v3/emails/{emailId}
e0367,9,hubspot,PATCH,/marketing/v3/emails/{emailId},patch-/marketing/v3/emails/{emailId}_update
e0368,9,hubspot,PATCH,/marketing/v3/emails/{emailId}/draft,patch-/marketing/v3/emails/{emailId}/draft
e0369,1,hubspot,PATCH,/marketing/v3/marketing-events/events/{externalEventId},patch-/marketing/v3/marketing-events/events/{externalEventId}_update
e0370,3,hubspot,PATCH,/marketing/v3/marketing-events/{objectId},patch-/marketing/v3/marketing-events/{objectId}_updateByObjectId
e0371,7,hubspot,PATCH,/media-bridge/v1/{appId}/properties/{objectType}/groups/{groupName},patch-/media-bridge/v1/{appId}/properties/{objectType}/groups/{groupName}
e0372,1,hubspot,PATCH,/scheduler/2027-03-beta/meetings/meeting-links/{meetingLinkSlug},patch-/scheduler/2027-03-beta/meetings/meeting-links/{meetingLinkSlug}_/scheduler/2026-09-beta/meetings/meeting-links/{meetingLinkSlug}
e0373,6,hubspot,PATCH,/settings/teams/2026-09/{teamId},patch-/settings/teams/2026-09/{teamId}
e0374,9,hubspot,PATCH,/settings/v3/currencies/exchange-rates/{exchangeRateId},patch-/settings/v3/currencies/exchange-rates/{exchangeRateId}
e0375,3,hubspot,POST,/analytics/reporting/2027-03-beta/dashboards/batch/archive,post-/analytics/reporting/2027-03-beta/dashboards/batch/archive
e0376,1,hubspot,POST,/analytics/reporting/2027-03-beta/reports/permissions/batch/update,post-/analytics/reporting/2027-03-beta/reports/permissions/batch/update_/analytics/reporting/2027-03-beta/reports/permissions/batch/update
e0377,5,hubspot,POST,/automation/v4/actions/callbacks/complete,post-/automation/v4/actions/callbacks/complete_completeBatch
e0378,2,hubspot,POST,/automation/v4/flows,post-/automation/v4/flows
e0379,9,hubspot,POST,/cms/v3/blog-settings/settings/multi-language/attach-to-lang-group,post-/cms/v3/blog-settings/settings/multi-language/attach-to-lang-group
e0380,5,hubspot,POST,/cms/v3/blogs/posts/{objectId}/revisions/{revisionId}/restore-to-draft,post-/cms/v3/blogs/posts/{objectId}/revisions/{revisionId}/restore-to-draft_restorePreviousVersionToDraft
e0381,4,hubspot,POST,/cms/v3/blogs/tags/multi-language/detach-from-lang-group,post-/cms/v3/blogs/tags/multi-language/detach-from-lang-group_detachFromLangGroup
e0382,2,hubspot,POST,/cms/v3/hubdb/tables/{tableIdOrName}/rows/draft/batch/clone,post-/cms/v3/hubdb/tables/{tableIdOrName}/rows/draft/batch/clone_cloneDraftTableRows
e0383,4,hubspot,POST,/cms/v3/hubdb/tables/{tableIdOrName}/rows/draft/batch/replace,post-/cms/v3/hubdb/tables/{tableIdOrName}/rows/draft/batch/replace_replaceDraftTableRows
e0384,8,hubspot,POST,/cms/v3/hubdb/tables/{tableIdOrName}/rows/{rowId}/draft/clone,post-/cms/v3/hubdb/tables/{tableIdOrName}/rows/{rowId}/draft/clone_cloneDraftTableRow
e0385,5,hubspot,POST,/cms/v3/pages/landing-pages/batch/read,post-/cms/v3/pages/landing-pages/batch/read_readBatch
e0386,4,hubspot,POST,/cms/v3/pages/landing-pages/batch/update,post-/cms/v3/pages/landing-pages/batch/update_updateBatch
e0387,9,hubspot,POST,/cms/v3/pages/landing-pages/clone,post-/cms/v3/pages/landing-pages/clone_clone
e0388,4,hubspot,POST,/cms/v3/pages/landing-pages/{objectId}/draft/reset,post-/cms/v3/pages/landing-pages/{objectId}/draft/reset_resetDraft
e0389,9,hubspot,POST,/cms/v3/pages/site-pages/multi-language/create-language-variation,post-/cms/v3/pages/site-pages/multi-language/create-language-variation_createLangVariation
e0390,3,hubspot,POST,/cms/v3/pages/site-pages/{objectId}/revisions/{revisionId}/restore,post-/cms/v3/pages/site-pages/{objectId}/revisions/{revisionId}/restore_restorePreviousVersion
e0391,7,hubspot,POST,/cms/v3/source-code/extract/async,post-/cms/v3/source-code/extract/async_doAsync
e0392,7,hubspot,POST,/conversations/v3/custom-channels/{channelId}/messages,post-/conversations/v3/custom-channels/{channelId}/messages
e0393,6,hubspot,POST,/crm-object-schemas/v3/schemas/{objectType}/associations,post-/crm-object-schemas/v3/schemas/{objectType}/associations_createAssociation
e0394,6,hubspot,POST,/crm/lists/2026-09/records/memberships/batch/read,post-/crm/lists/2026-09/records/memberships/batch/read
e0395,7,hubspot,POST,/crm/lists/2026-09/search,post-/crm/lists/2026-09/search
e0396,6,hubspot,POST,/crm/objects/2026-09-beta/{objectType},post-/crm/objects/2026-09-beta/{objectType}_/crm/objects/2026-09-beta/{objectType}
e0397,4,hubspot,POST,/crm/objects/2026-09-beta/{objectType}/batch/upsert,post-/crm/objects/2026-09-beta/{objectType}/batch/upsert_/crm/objects/2026-09-beta/{objectType}/batch/upsert
e0398,4,hubspot,POST,/crm/objects/2026-09-beta/{objectType}/search,post-/crm/objects/2026-09-beta/{objectType}/search_/crm/objects/2026-09-beta/{objectType}/search
e0399,2,hubspot,POST,/crm/objects/2026-09/projects/batch/archive,post-/crm/objects/2026-09/projects/batch/archive_/crm/objects/2026-09-beta/{objectType}/batch/archive
e0400,7,hubspot,POST,/crm/objects/v3/{objectType}/gdpr-delete,post-/crm/objects/v3/{objectType}/gdpr-delete_/crm/objects/v3/{objectType}/gdpr-delete
e0401,2,hubspot,POST,/crm/v3/extensions/calling/recordings/ready,post-/crm/v3/extensions/calling/recordings/ready_markAsReady
e0402,8,hubspot,POST,/crm/v3/imports,post-/crm/v3/imports_/crm/v3/imports
e0403,2,hubspot,POST,/crm/v3/objects/0-3/batch/read,post-/crm/v3/objects/0-3/batch/read_read
e0404,4,hubspot,POST,/crm/v3/objects/0-420/batch/upsert,post-/crm/v3/objects/0-420/batch/upsert
e0405,8,hubspot,POST,/crm/v3/objects/bucket_test111s/batch/create,post-/crm/v3/objects/bucket_test111s/batch/create
e0406,4,hubspot,POST,/crm/v3/objects/calls,post-/crm/v3/objects/calls_create
e0407,5,hubspot,POST,/crm/v3/objects/commerce_payments/batch/upsert,post-/crm/v3/objects/commerce_payments/batch/upsert
e0408,8,hubspot,POST,/crm/v3/objects/communications/batch/archive,post-/crm/v3/objects/communications/batch/archive_archive
e0409,3,hubspot,POST,/crm/v3/objects/communications/batch/create,post-/crm/v3/objects/communications/batch/create_create
e0410,3,hubspot,POST,/crm/v3/objects/companies,post-/crm/v3/objects/companies_create
e0411,4,hubspot,POST,/crm/v3/objects/companies/batch/archive,post-/crm/v3/objects/companies/batch/archive_archive
e0412,8,hubspot,POST,/crm/v3/objects/companies/batch/create,post-/crm/v3/objects/companies/batch/create_create
e0413,1,hubspot,POST,/crm/v3/objects/companies/batch/read,post-/crm/v3/objects/companies/batch/read_read
e0414,3,hubspot,POST,/crm/v3/objects/discounts/batch/upsert,post-/crm/v3/objects/discounts/batch/upsert
e0415,7,hubspot,POST,/crm/v3/objects/goal_targets/batch/upsert,post-/crm/v3/objects/goal_targets/batch/upsert_upsert
e0416,2,hubspot,POST,/crm/v3/objects/invoices/batch/create,post-/crm/v3/objects/invoices/batch/create_create
e0417,8,hubspot,POST,/crm/v3/objects/orders,post-/crm/v3/objects/orders
e0418,3,hubspot,POST,/crm/v3/objects/postal_mail,post-/crm/v3/objects/postal_mail_create
e0419,4,hubspot,POST,/crm/v3/objects/postal_mail/batch/create,post-/crm/v3/objects/postal_mail/batch/create_create
e0420,3,hubspot,POST,/crm/v3/objects/postal_mail/search,post-/crm/v3/objects/postal_mail/search_doSearch
e0421,1,hubspot,POST,/crm/v3/objects/products/search,post-/crm/v3/objects/products/search_doSearch
e0422,6,hubspot,POST,/crm/v3/objects/subscriptions/batch/read,post-/crm/v3/objects/subscriptions/batch/read
e0423,4,hubspot,POST,/crm/v3/objects/tasks/batch/update,post-/crm/v3/objects/tasks/batch/update_update
e0424,6,hubspot,POST,/crm/v3/objects/tickets,post-/crm/v3/objects/tickets_create
e0425,1,hubspot,POST,/crm/v3/objects/tickets/batch/upsert,post-/crm/v3/objects/tickets/batch/upsert_upsert
e0426,4,hubspot,POST,/crm/v4/associations/{fromObjectType}/{toObjectType}/batch/associate/default,post-/crm/v4/associations/{fromObjectType}/{toObjectType}/batch/associate/default
e0427,7,hubspot,POST,/crm/v4/associations/{fromObjectType}/{toObjectType}/batch/read,post-/crm/v4/associations/{fromObjectType}/{toObjectType}/batch/read
e0428,1,hubspot,POST,/crm/v4/associations/{fromObjectType}/{toObjectType}/labels,post-/crm/v4/associations/{fromObjectType}/{toObjectType}/labels
e0429,7,hubspot,POST,/events/v3/send/batch,post-/events/v3/send/batch_send
e0430,6,hubspot,POST,/marketing/v3/emails,post-/marketing/v3/emails_/marketing/v3/emails
e0431,1,hubspot,POST,/marketing/v3/marketing-events/events,post-/marketing/v3/marketing-events/events_create
e0432,8,hubspot,POST,/marketing/v3/marketing-events/events/upsert,post-/marketing/v3/marketing-events/events/upsert_upsert
e0433,8,hubspot,POST,/marketing/v3/marketing-events/{objectId}/attendance/{subscriberState}/create,post-/marketing/v3/marketing-events/{objectId}/attendance/{subscriberState}/create_recordByContactId
e0434,5,hubspot,POST,/media-bridge/v1/{appId}/settings/oembed-domains,post-/media-bridge/v1/{appId}/settings/oembed-domains
e0435,3,hubspot,POST,/public/api/versioning/test/2027-03-beta/widgets,post-/public/api/versioning/test/2027-03-beta/widgets
e0436,2,hubspot,POST,/settings/v3/currencies/exchange-rates/update-visibility,post-/settings/v3/currencies/exchange-rates/update-visibility
e0437,6,hubspot,POST,/webhooks-journal/journal-local/2027-03-beta/batch/read,post-/webhooks-journal/journal-local/2027-03-beta/batch/read_/webhooks-journal/journal-local/2027-03-beta/batch/read
e0438,8,hubspot,PUT,/analytics/reporting/2027-03-beta/dashboards/{dashboardId}/widgets/{reportId},put-/analytics/reporting/2027-03-beta/dashboards/{dashboardId}/widgets/{reportId}
e0439,3,hubspot,PUT,/app-webhooks/2027-03-beta/{appId}/settings,put-/app-webhooks/2027-03-beta/{appId}/settings_/app-webhooks/2027-03-beta/{appId}/settings
e0440,1,hubspot,PUT,/automation/sequences/2026-09/serviceaccounts/sequences/{sequenceId},put-/automation/sequences/2026-09/serviceaccounts/sequences/{sequenceId}
e0441,9,hubspot,PUT,/automation/v4/actions/{appId}/{definitionId}/functions/{functionType},put-/automation/v4/actions/{appId}/{definitionId}/functions/{functionType}_createOrReplaceByFunctionType
e0442,7,hubspot,PUT,/automation/v4/actions/{appId}/{definitionId}/functions/{functionType}/{functionId},put-/automation/v4/actions/{appId}/{definitionId}/functions/{functionType}/{functionId}_createOrReplace
e0443,2,hubspot,PUT,/automation/v4/flows/{flowId},put-/automation/v4/flows/{flowId}
e0444,3,hubspot,PUT,/cms/v3/blog-settings/settings/multi-language/set-new-lang-primary,put-/cms/v3/blog-settings/settings/multi-language/set-new-lang-primary
e0445,9,hubspot,PUT,/cms/v3/blogs/authors/multi-language/set-new-lang-primary,put-/cms/v3/blogs/authors/multi-language/set-new-lang-primary_setLangPrimary
e0446,5,hubspot,PUT,/cms/v3/blogs/posts/multi-language/set-new-lang-primary,put-/cms/v3/blogs/posts/multi-language/set-new-lang-primary_setLangPrimary
e0447,8,hubspot,PUT,/cms/v3/blogs/tags/multi-language/set-new-lang-primary,put-/cms/v3/blogs/tags/multi-language/set-new-lang-primary_setLangPrimary
e0448,6,hubspot,PUT,/cms/v3/hubdb/tables/{tableIdOrName}/rows/{rowId}/draft,put-/cms/v3/hubdb/tables/{tableIdOrName}/rows/{rowId}/draft_replaceDraftTableRow
e0449,4,hubspot,PUT,/cms/v3/pages/landing-pages/multi-language/set-new-lang-primary,put-/cms/v3/pages/landing-pages/multi-language/set-new-lang-primary_setLangPrimary
e0450,7,hubspot,PUT,/cms/v3/pages/site-pages/multi-language/set-new-lang-primary,put-/cms/v3/pages/site-pages/multi-language/set-new-lang-primary_setLangPrimary
e0451,5,hubspot,PUT,/cms/v3/source-code/{environment}/content/{path},put-/cms/v3/source-code/{environment}/content/{path}_createOrUpdate
e0452,3,hubspot,PUT,/conversations/conversations/v3/threads/{threadId}/assignee,put-/conversations/conversations/v3/threads/{threadId}/assignee_/conversations/conversations/v3/threads/{threadId}/assignee
e0453,2,hubspot,PUT,/crm/lists/2026-09/folders/move-list,put-/crm/lists/2026-09/folders/move-list
e0454,7,hubspot,PUT,/crm/lists/2026-09/folders/{folderId}/move/{newParentFolderId},put-/crm/lists/2026-09/folders/{folderId}/move/{newParentFolderId}
e0455,7,hubspot,PUT,/crm/lists/2026-09/folders/{folderId}/rename,put-/crm/lists/2026-09/folders/{folderId}/rename
e0456,2,hubspot,PUT,/crm/lists/2026-09/{listId}/memberships/add,put-/crm/lists/2026-09/{listId}/memberships/add
e0457,4,hubspot,PUT,/crm/lists/2026-09/{listId}/memberships/add-and-remove,put-/crm/lists/2026-09/{listId}/memberships/add-and-remove
e0458,5,hubspot,PUT,/crm/lists/2026-09/{listId}/memberships/add-from/{sourceListId},put-/crm/lists/2026-09/{listId}/memberships/add-from/{sourceListId}
e0459,7,hubspot,PUT,/crm/lists/2026-09/{listId}/memberships/remove,put-/crm/lists/2026-09/{listId}/memberships/remove
e0460,7,hubspot,PUT,/crm/lists/2026-09/{listId}/restore,put-/crm/lists/2026-09/{listId}/restore
e0461,6,hubspot,PUT,/crm/lists/2026-09/{listId}/schedule-conversion,put-/crm/lists/2026-09/{listId}/schedule-conversion
e0462,4,hubspot,PUT,/crm/lists/2026-09/{listId}/update-list-filters,put-/crm/lists/2026-09/{listId}/update-list-filters
e0463,5,hubspot,PUT,/crm/lists/2026-09/{listId}/update-list-name,put-/crm/lists/2026-09/{listId}/update-list-name
e0464,1,hubspot,PUT,/crm/object-tags/2026-09/{objectTypeId}/{tagId},put-/crm/object-tags/2026-09/{objectTypeId}/{tagId}
e0465,8,hubspot,PUT,/crm/objects/2026-09-beta/{fromObjectType}/{fromObjectId}/associations/default/{toObjectType}/{toObjectId},put-/crm/objects/2026-09-beta/{fromObjectType}/{fromObjectId}/associations/default/{toObjectType}/{toObjectId}_/crm/objects/2026-09-beta/{fromObjectType}/{fromObjectId}/associations/default/{toObjectType}/{toObjectId}
e0466,9,hubspot,PUT,/crm/objects/2026-09-beta/{objectType}/{objectId}/associations/{toObjectType}/{toObjectId},put-/crm/objects/2026-09-beta/{objectType}/{objectId}/associations/{toObjectType}/{toObjectId}_/crm/objects/2026-09-beta/{objectType}/{objectId}/associations/{toObjectType}/{toObjectId}
e0467,3,hubspot,PUT,/crm/objects/2026-09/{fromObjectType}/{fromObjectId}/associations/default/{toObjectType}/{toObjectId},put-/crm/objects/2026-09/{fromObjectType}/{fromObjectId}/associations/default/{toObjectType}/{toObjectId}_/crm/objects/2026-09-beta/{fromObjectType}/{fromObjectId}/associations/default/{toObjectType}/{toObjectId}
e0468,8,hubspot,PUT,/crm/objects/2026-09/{objectType}/{objectId}/associations/{toObjectType}/{toObjectId},put-/crm/objects/2026-09/{objectType}/{objectId}/associations/{toObjectType}/{toObjectId}_/crm/objects/2026-09-beta/{objectType}/{objectId}/associations/{toObjectType}/{toObjectId}
e0469,1,hubspot,PUT,/crm/objects/v3/{objectType}/{objectId}/associations/{toObjectType}/{toObjectId}/{associationType},put-/crm/objects/v3/{objectType}/{objectId}/associations/{toObjectType}/{toObjectId}/{associationType}_/crm/objects/v3/{objectType}/{objectId}/associations/{toObjectType}/{toObjectId}/{associationType}
e0470,5,hubspot,PUT,/crm/pipelines-rules/2026-09/{objectTypeId}/{pipelineId},put-/crm/pipelines-rules/2026-09/{objectTypeId}/{pipelineId}
e0471,2,hubspot,PUT,/crm/pipelines-rules/2026-09/{objectTypeId}/{pipelineId}/stage-edit-permissions,put-/crm/pipelines-rules/2026-09/{objectTypeId}/{pipelineId}/stage-edit-permissions
e0472,5,hubspot,PUT,/crm/pipelines/2026-09/{objectType}/{pipelineId},put-/crm/pipelines/2026-09/{objectType}/{pipelineId}
e0473,9,hubspot,PUT,/crm/pipelines/2026-09/{objectType}/{pipelineId}/stages/{stageId},put-/crm/pipelines/2026-09/{objectType}/{pipelineId}/stages/{stageId}
e0474,5,hubspot,PUT,/crm/v3/objects/partner_clients/{partnerClientId}/associations/{toObjectType}/{toObjectId}/{associationType},put-/crm/v3/objects/partner_clients/{partnerClientId}/associations/{toObjectType}/{toObjectId}/{associationType}
e0475,2,hubspot,PUT,/crm/v3/objects/partner_services/{partnerServiceId}/associations/{toObjectType}/{toObjectId}/{associationType},put-/crm/v3/objects/partner_services/{partnerServiceId}/associations/{toObjectType}/{toObjectId}/{associationType}
e0476,5,hubspot,PUT,/crm/v3/property-validations/{objectTypeId}/{propertyName}/rule-type/{ruleType},put-/crm/v3/property-validations/{objectTypeId}/{propertyName}/rule-type/{ruleType}_/crm/v3/property-validations/{objectTypeId}/{propertyName}/rule-type/{ruleType}
e0477,1,hubspot,PUT,/crm/v4/associations/{fromObjectType}/{toObjectType}/labels,put-/crm/v4/associations/{fromObjectType}/{toObjectType}/labels
e0478,7,hubspot,PUT,/crm/v4/objects/{fromObjectType}/{fromObjectId}/associations/default/{toObjectType}/{toObjectId},put-/crm/v4/objects/{fromObjectType}/{fromObjectId}/associations/default/{toObjectType}/{toObjectId}
e0479,3,hubspot,PUT,/crm/v4/objects/{objectType}/{objectId}/associations/{toObjectType}/{toObjectId},put-/crm/v4/objects/{objectType}/{objectId}/associations/{toObjectType}/{toObjectId}
e0480,1,hubspot,PUT,/data-studio/data-source/2026-09/{datasourceId},put-/data-studio/data-source/2026-09/{datasourceId}
e0481,5,hubspot,PUT,/data-studio/data-source/2026-09/{datasourceId}/json,put-/data-studio/data-source/2026-09/{datasourceId}/json_/data-studio/data-source/2026-09-beta/{datasourceId}/json
e0482,1,hubspot,PUT,/feature-flags/v3/{appId}/flags/{flagName},put-/feature-flags/v3/{appId}/flags/{flagName}
e0483,6,hubspot,PUT,/feature-flags/v3/{appId}/flags/{flagName}/portals/{portalId},put-/feature-flags/v3/{appId}/flags/{flagName}/portals/{portalId}
e0484,2,hubspot,PUT,/files/2026-09/files/{fileId},put-/files/2026-09/files/{fileId}
e0485,4,hubspot,PUT,/integrators/timeline/v3/{appId}/event-templates/{eventTemplateId},put-/integrators/timeline/v3/{appId}/event-templates/{eventTemplateId}_update
e0486,1,hubspot,PUT,/integrators/timeline/v3/{appId}/event-templates/{eventTemplateId}/tokens/{tokenName},put-/integrators/timeline/v3/{appId}/event-templates/{eventTemplateId}/tokens/{tokenName}_update
e0487,2,hubspot,PUT,/marketing/campaigns/2026-09/{campaignGuid}/assets/{assetType}/{assetId},put-/marketing/campaigns/2026-09/{campaignGuid}/assets/{assetType}/{assetId}
e0488,6,hubspot,PUT,/marketing/campaigns/2026-09/{campaignGuid}/budget/{budgetId},put-/marketing/campaigns/2026-09/{campaignGuid}/budget/{budgetId}
e0489,2,hubspot,PUT,/marketing/campaigns/2026-09/{campaignGuid}/spend/{spendId},put-/marketing/campaigns/2026-09/{campaignGuid}/spend/{spendId}
e0490,3,hubspot,PUT,/marketing/lead-scoring/2027-03-beta/scores/{scoreId}/draft,put-/marketing/lead-scoring/2027-03-beta/scores/{scoreId}/draft
e0491,9,hubspot,PUT,/marketing/v3/marketing-events/associations/{externalAccountId}/{externalEventId}/lists/{listId},put-/marketing/v3/marketing-events/associations/{externalAccountId}/{externalEventId}/lists/{listId}_associateByExternalAccountAndEventIds
e0492,4,hubspot,PUT,/marketing/v3/marketing-events/associations/{marketingEventId}/lists/{listId},put-/marketing/v3/marketing-events/associations/{marketingEventId}/lists/{listId}_associateByMarketingEventId
e0493,1,hubspot,PUT,/marketing/v3/marketing-events/events/{externalEventId},put-/marketing/v3/marketing-events/events/{externalEventId}_upsert
e0494,9,hubspot,PUT,/media-bridge/v1/{appId}/settings,put-/media-bridge/v1/{appId}/settings
e0495,4,hubspot,PUT,/public/api/versioning/test/2026-09-beta/widgets/{widgetId},put-/public/api/versioning/test/2026-09-beta/widgets/{widgetId}
e0496,3,hubspot,PUT,/public/api/versioning/test/2026-09/widgets/{widgetId},put-/public/api/versioning/test/2026-09/widgets/{widgetId}
e0497,3,hubspot,PUT,/public/api/versioning/test/2027-03-beta/widgets/{widgetId},put-/public/api/versioning/test/2027-03-beta/widgets/{widgetId}
e0498,7,hubspot,PUT,/public/api/versioning/test/2027-03-beta/widgets/{widgetId},put-/public/api/versioning/test/2027-03-beta/widgets/{widgetId}_/public/api/versioning/test/2027-03-beta/widgets/{widgetId}
e0499,8,hubspot,PUT,/settings/users/2026-09/{userId},put-/settings/users/2026-09/{userId}
e0500,1,hubspot,PUT,/settings/v3/currencies/company-currency,put-/settings/v3/currencies/company-currency
e0501,5,klaviyo,DELETE,/api/campaigns/{id},delete_campaign
e0502,5,klaviyo,DELETE,/api/catalog-categories/{id},delete_catalog_category
e0503,2,klaviyo,DELETE,/api/catalog-categories/{id}/relationships/items,remove_items_from_catalog_category
e0504,7,klaviyo,DELETE,/api/catalog-items/{id},delete_catalog_item
e0505,9,klaviyo,DELETE,/api/catalog-items/{id}/relationships/categories,remove_categories_from_catalog_item
e0506,6,klaviyo,DELETE,/api/catalog-variants/{id},delete_catalog_variant
e0507,8,klaviyo,DELETE,/api/coupon-codes/{id},delete_coupon_code
e0508,5,klaviyo,DELETE,/api/coupons/{id},delete_coupon
e0509,6,klaviyo,DELETE,/api/custom-metrics/{id},delete_custom_metric
e0510,9,klaviyo,DELETE,/api/data-sources/{id},delete_data_source
e0511,9,klaviyo,DELETE,/api/flow-actions/{id},delete_flow_action
e0512,3,klaviyo,DELETE,/api/flows/{id},delete_flow
e0513,7,klaviyo,DELETE,/api/forms/{id},delete_form
e0514,1,klaviyo,DELETE,/api/lists/{id},delete_list
e0515,6,klaviyo,DELETE,/api/lists/{id}/relationships/profiles,remove_profiles_from_list
e0516,1,klaviyo,DELETE,/api/object-schemas/{id}/relationships/object-schemas,delete_object_schema_relationship
e0517,4,klaviyo,DELETE,/api/object-schemas/{id}/relationships/profile-object-schemas,delete_profile_schema_relationship
e0518,5,klaviyo,DELETE,/api/object-types/{id},delete_object_type
e0519,4,klaviyo,DELETE,/api/push-tokens/{id},delete_push_token
e0520,7,klaviyo,DELETE,/api/segments/{id},delete_segment
e0521,2,klaviyo,DELETE,/api/tag-groups/{id},delete_tag_group
e0522,3,klaviyo,DELETE,/api/tags/{id},delete_tag
e0523,9,klaviyo,DELETE,/api/tags/{id}/relationships/campaigns,remove_tag_from_campaigns
e0524,8,klaviyo,DELETE,/api/tags/{id}/relationships/flows,remove_tag_from_flows
e0525,5,klaviyo,DELETE,/api/tags/{id}/relationships/lists,remove_tag_from_lists
e0526,4,klaviyo,DELETE,/api/tags/{id}/relationships/segments,remove_tag_from_segments
e0527,4,klaviyo,DELETE,/api/template-universal-content/{id},delete_universal_content
e0528,9,klaviyo,DELETE,/api/templates/{id},delete_template
e0529,9,klaviyo,DELETE,/api/web-feeds/{id},delete_web_feed
e0530,6,klaviyo,DELETE,/api/webhooks/{id},delete_webhook
e0531,5,klaviyo,PATCH,/api/campaign-messages/{id},update_campaign_message
e0532,3,klaviyo,PATCH,/api/campaign-messages/{id}/relationships/image,update_image_for_campaign_message
e0533,4,klaviyo,PATCH,/api/campaign-send-jobs/{id},cancel_campaign_send
e0534,4,klaviyo,PATCH,/api/campaigns/{id},update_campaign
e0535,2,klaviyo,PATCH,/api/catalog-categories/{id},update_catalog_category
e0536,5,klaviyo,PATCH,/api/catalog-categories/{id}/relationships/items,update_items_for_catalog_category
e0537,6,klaviyo,PATCH,/api/catalog-items/{id},update_catalog_item
e0538,7,klaviyo,PATCH,/api/catalog-items/{id}/relationships/categories,update_categories_for_catalog_item
e0539,5,klaviyo,PATCH,/api/catalog-variants/{id},update_catalog_variant
e0540,1,klaviyo,PATCH,/api/coupon-codes/{id},update_coupon_code
e0541,6,klaviyo,PATCH,/api/coupons/{id},update_coupon
e0542,9,klaviyo,PATCH,/api/custom-metrics/{id},update_custom_metric
e0543,4,klaviyo,PATCH,/api/flow-actions/{id},update_flow_action
e0544,8,klaviyo,PATCH,/api/flows/{id},update_flow
e0545,3,klaviyo,PATCH,/api/images/{id},update_image
e0546,6,klaviyo,PATCH,/api/lists/{id},update_list
e0547,6,klaviyo,PATCH,/api/mapped-metrics/{id},update_mapped_metric
e0548,6,klaviyo,PATCH,/api/object-schemas/{id},update_object_schema
e0549,7,klaviyo,PATCH,/api/object-schemas/{id}/relationships/object-schemas,update_object_schema_relationship
e0550,8,klaviyo,PATCH,/api/object-schemas/{id}/relationships/profile-object-schemas,update_profile_schema_relationship
e0551,3,klaviyo,PATCH,/api/profiles/{id},update_profile
e0552,5,klaviyo,PATCH,/api/reviews/{id},update_review
e0553,7,klaviyo,PATCH,/api/segments/{id},update_segment
e0554,9,klaviyo,PATCH,/api/source-mappings/{id},update_source_mapping
e0555,4,klaviyo,PATCH,/api/tag-groups/{id},update_tag_group
e0556,9,klaviyo,PATCH,/api/tags/{id},update_tag
e0557,5,klaviyo,PATCH,/api/template-universal-content/{id},update_universal_content
e0558,2,klaviyo,PATCH,/api/templates/{id},update_template
e0559,6,klaviyo,PATCH,/api/tracking-settings/{id},update_tracking_setting
e0560,6,klaviyo,PATCH,/api/web-feeds/{id},update_web_feed
e0561,3,klaviyo,PATCH,/api/webhooks/{id},update_webhook
e0562,8,klaviyo,POST,/api/back-in-stock-subscriptions,create_back_in_stock_subscription
e0563,9,klaviyo,POST,/api/campaign-clone,create_campaign_clone
e0564,2,klaviyo,POST,/api/campaign-message-assign-template,assign_template_to_campaign_message
e0565,4,klaviyo,POST,/api/campaign-recipient-estimation-jobs,refresh_campaign_recipient_estimation
e0566,5,klaviyo,POST,/api/campaign-send-jobs,send_campaign
e0567,4,klaviyo,POST,/api/campaign-values-reports,query_campaign_values
e0568,1,klaviyo,POST,/api/campaigns,create_campaign
e0569,9,klaviyo,POST,/api/catalog-categories,create_catalog_category
e0570,3,klaviyo,POST,/api/catalog-categories/{id}/relationships/items,add_items_to_catalog_category
e0571,6,klaviyo,POST,/api/catalog-category-bulk-create-jobs,bulk_create_catalog_categories
e0572,8,klaviyo,POST,/api/catalog-category-bulk-delete-jobs,bulk_delete_catalog_categories
e0573,8,klaviyo,POST,/api/catalog-category-bulk-update-jobs,bulk_update_catalog_categories
e0574,6,klaviyo,POST,/api/catalog-item-bulk-create-jobs,bulk_create_catalog_items
e0575,7,klaviyo,POST,/api/catalog-item-bulk-delete-jobs,bulk_delete_catalog_items
e0576,8,klaviyo,POST,/api/catalog-item-bulk-update-jobs,bulk_update_catalog_items
e0577,2,klaviyo,POST,/api/catalog-items,create_catalog_item
e0578,5,klaviyo,POST,/api/catalog-items/{id}/relationships/categories,add_categories_to_catalog_item
e0579,9,klaviyo,POST,/api/catalog-variant-bulk-create-jobs,bulk_create_catalog_variants
e0580,5,klaviyo,POST,/api/catalog-variant-bulk-delete-jobs,bulk_delete_catalog_variants
e0581,2,klaviyo,POST,/api/catalog-variant-bulk-update-jobs,bulk_update_catalog_variants
e0582,8,klaviyo,POST,/api/catalog-variants,create_catalog_variant
e0583,8,klaviyo,POST,/api/conversation-messages,create_conversation_message
e0584,7,klaviyo,POST,/api/coupon-code-bulk-create-jobs,bulk_create_coupon_codes
e0585,4,klaviyo,POST,/api/coupon-codes,create_coupon_code
e0586,5,klaviyo,POST,/api/coupons,create_coupon
e0587,6,klaviyo,POST,/api/custom-metrics,create_custom_metric
e0588,9,klaviyo,POST,/api/data-privacy-deletion-jobs,request_profile_deletion
e0589,2,klaviyo,POST,/api/data-source-record-bulk-create-jobs,bulk_create_data_source_records
e0590,7,klaviyo,POST,/api/data-source-record-create-jobs,create_data_source_record
e0591,1,klaviyo,POST,/api/data-sources,create_data_source
e0592,4,klaviyo,POST,/api/event-bulk-create-jobs,bulk_create_events
e0593,9,klaviyo,POST,/api/events,create_event
e0594,1,klaviyo,POST,/api/flow-series-reports,query_flow_series
e0595,7,klaviyo,POST,/api/flow-values-reports,query_flow_values
e0596,7,klaviyo,POST,/api/flows,create_flow
e0597,4,klaviyo,POST,/api/form-series-reports,query_form_series
e0598,9,klaviyo,POST,/api/form-values-reports,query_form_values
e0599,1,klaviyo,POST,/api/forms,create_form
e0600,8,klaviyo,POST,/api/image-upload,upload_image_from_file
e0601,2,klaviyo,POST,/api/images,upload_image_from_url
e0602,1,klaviyo,POST,/api/lists,create_list
e0603,6,klaviyo,POST,/api/lists/{id}/relationships/profiles,add_profiles_to_list
e0604,6,klaviyo,POST,/api/metric-aggregates,query_metric_aggregates
e0605,4,klaviyo,POST,/api/object-record-bulk-delete-jobs,bulk_delete_object_records
e0606,2,klaviyo,POST,/api/object-schemas,create_object_schema
e0607,7,klaviyo,POST,/api/object-schemas/{id}/relationships/object-schemas,create_object_schema_relationship
e0608,4,klaviyo,POST,/api/object-schemas/{id}/relationships/profile-object-schemas,create_profile_schema_relationship
e0609,6,klaviyo,POST,/api/object-types,create_object_type
e0610,1,klaviyo,POST,/api/profile-bulk-import-jobs,bulk_import_profiles
e0611,7,klaviyo,POST,/api/profile-import,create_or_update_profile
e0612,3,klaviyo,POST,/api/profile-merge,merge_profiles
e0613,3,klaviyo,POST,/api/profile-subscription-bulk-create-jobs,bulk_subscribe_profiles
e0614,8,klaviyo,POST,/api/profile-subscription-bulk-delete-jobs,bulk_unsubscribe_profiles
e0615,6,klaviyo,POST,/api/profile-suppression-bulk-create-jobs,bulk_suppress_profiles
e0616,4,klaviyo,POST,/api/profile-suppression-bulk-delete-jobs,bulk_unsuppress_profiles
e0617,4,klaviyo,POST,/api/profiles,create_profile
e0618,9,klaviyo,POST,/api/push-tokens,create_push_token
e0619,4,klaviyo,POST,/api/segment-series-reports,query_segment_series
e0620,7,klaviyo,POST,/api/segment-values-reports,query_segment_values
e0621,2,klaviyo,POST,/api/segments,create_segment
e0622,3,klaviyo,POST,/api/tag-groups,create_tag_group
e0623,1,klaviyo,POST,/api/tags,create_tag
e0624,8,klaviyo,POST,/api/tags/{id}/relationships/campaigns,tag_campaigns
e0625,8,klaviyo,POST,/api/tags/{id}/relationships/flows,tag_flows
e0626,5,klaviyo,POST,/api/tags/{id}/relationships/lists,tag_lists
e0627,6,klaviyo,POST,/api/tags/{id}/relationships/segments,tag_segments
e0628,5,klaviyo,POST,/api/template-clone,clone_template
e0629,7,klaviyo,POST,/api/template-render,render_template
e0630,1,klaviyo,POST,/api/template-universal-content,create_universal_content
e0631,6,klaviyo,POST,/api/templates,create_template
e0632,7,klaviyo,POST,/api/web-feeds,create_web_feed
e0633,1,klaviyo,POST,/api/webhooks,create_webhook
e0634,6,klaviyo,POST,/client/back-in-stock-subscriptions,create_client_back_in_stock_subscription
e0635,5,klaviyo,POST,/client/event-bulk-create,bulk_create_client_events
e0636,4,klaviyo,POST,/client/events,create_client_event
e0637,8,klaviyo,POST,/client/profiles,create_client_profile
e0638,1,klaviyo,POST,/client/push-token-unregister,unregister_client_push_token
e0639,4,klaviyo,POST,/client/push-tokens,create_client_push_token
e0640,7,klaviyo,POST,/client/reviews,create_client_review
e0641,2,klaviyo,POST,/client/subscriptions,create_client_subscription
e0642,3,miro,DELETE,/Users/{id},deleteUser
e0643,4,miro,DELETE,/v2-experimental/boards/{board_id}/code_widgets/{item_id},delete-code-widget-item
e0644,6,miro,DELETE,/v2-experimental/boards/{board_id}/items/{item_id},delete-item-experimental
e0645,8,miro,DELETE,/v2-experimental/boards/{board_id}/mindmap_nodes/{item_id},delete-mindmap-node-experimental
e0646,9,miro,DELETE,/v2-experimental/boards/{board_id}/shapes/{item_id},delete-shape-item-flowchart
e0647,9,miro,DELETE,/v2/boards/{board_id_PlatformTags}/items/{item_id},remove-tag-from-item
e0648,5,miro,DELETE,/v2/boards/{board_id},delete-board
e0649,8,miro,DELETE,/v2/boards/{board_id}/app_cards/{item_id},delete-app-card-item
e0650,8,miro,DELETE,/v2/boards/{board_id}/cards/{item_id},delete-card-item
e0651,7,miro,DELETE,/v2/boards/{board_id}/connectors/{connector_id},delete-connector
e0652,1,miro,DELETE,/v2/boards/{board_id}/docs/{item_id},delete-doc-format-item
e0653,9,miro,DELETE,/v2/boards/{board_id}/documents/{item_id},delete-document-item
e0654,2,miro,DELETE,/v2/boards/{board_id}/embeds/{item_id},delete-embed-item
e0655,1,miro,DELETE,/v2/boards/{board_id}/frames/{item_id},delete-frame-item
e0656,5,miro,DELETE,/v2/boards/{board_id}/groups/{group_id},unGroup
e0657,9,miro,DELETE,/v2/boards/{board_id}/groups/{group_id}?,deleteGroup
e0658,1,miro,DELETE,/v2/boards/{board_id}/images/{item_id},delete-image-item
e0659,1,miro,DELETE,/v2/boards/{board_id}/items/{item_id},delete-item
e0660,5,miro,DELETE,/v2/boards/{board_id}/members/{board_member_id},remove-board-member
e0661,9,miro,DELETE,/v2/boards/{board_id}/shapes/{item_id},delete-shape-item
e0662,8,miro,DELETE,/v2/boards/{board_id}/sticky_notes/{item_id},delete-sticky-note-item
e0663,6,miro,DELETE,/v2/boards/{board_id}/tags/{tag_id},delete-tag
e0664,4,miro,DELETE,/v2/boards/{board_id}/texts/{item_id},delete-text-item
e0665,5,miro,DELETE,/v2/orgs/{org_id}/boards/{board_id}/groups/{group_id},enterprise-boards-delete-groups
e0666,4,miro,DELETE,/v2/orgs/{org_id}/cases/{case_id},delete-case
e0667,3,miro,DELETE,/v2/orgs/{org_id}/cases/{case_id}/legal-holds/{legal_hold_id},delete-legal-hold
e0668,2,miro,DELETE,/v2/orgs/{org_id}/groups/{group_id},enterprise-delete-group
e0669,7,miro,DELETE,/v2/orgs/{org_id}/groups/{group_id}/members/{member_id},enterprise-delete-group-member
e0670,9,miro,DELETE,/v2/orgs/{org_id}/projects/{project_id}/groups/{group_id},enterprise-project-delete-groups
e0671,4,miro,DELETE,/v2/orgs/{org_id}/teams/{team_id},enterprise-delete-team
e0672,5,miro,DELETE,/v2/orgs/{org_id}/teams/{team_id}/groups/{group_id},enterprise-teams-delete-group
e0673,1,miro,DELETE,/v2/orgs/{org_id}/teams/{team_id}/members/{member_id},enterprise-delete-team-member
e0674,6,miro,DELETE,/v2/orgs/{org_id}/teams/{team_id}/projects/{project_id},enterprise-delete-project
e0675,4,miro,DELETE,/v2/orgs/{org_id}/teams/{team_id}/projects/{project_id}/members/{member_id},enterprise-delete-project-member
e0676,8,miro,PATCH,/Groups/{id},patchGroup
e0677,5,miro,PATCH,/Users/{id},patchUser
e0678,2,miro,PATCH,/v2-experimental/boards/{board_id}/code_widgets/{item_id},update-code-widget-item
e0679,9,miro,PATCH,/v2-experimental/boards/{board_id}/code_widgets/{item_id}/position,move-code-widget-item
e0680,1,miro,PATCH,/v2-experimental/boards/{board_id}/shapes/{item_id},update-shape-item-flowchart
e0681,3,miro,PATCH,/v2/boards/{board_id_PlatformFileUpload}/documents/{item_id},update-document-item-using-file-from-device
e0682,2,miro,PATCH,/v2/boards/{board_id_PlatformFileUpload}/images/{item_id},update-image-item-using-file-from-device
e0683,2,miro,PATCH,/v2/boards/{board_id},update-board
e0684,7,miro,PATCH,/v2/boards/{board_id}/app_cards/{item_id},update-app-card-item
e0685,8,miro,PATCH,/v2/boards/{board_id}/cards/{item_id},update-card-item
e0686,4,miro,PATCH,/v2/boards/{board_id}/connectors/{connector_id},update-connector
e0687,8,miro,PATCH,/v2/boards/{board_id}/documents/{item_id},update-document-item-using-url
e0688,5,miro,PATCH,/v2/boards/{board_id}/embeds/{item_id},update-embed-item
e0689,3,miro,PATCH,/v2/boards/{board_id}/frames/{item_id},update-frame-item
e0690,8,miro,PATCH,/v2/boards/{board_id}/images/{item_id},update-image-item-using-url
e0691,7,miro,PATCH,/v2/boards/{board_id}/items/{item_id},update-item-position-or-parent
e0692,4,miro,PATCH,/v2/boards/{board_id}/members/{board_member_id},update-board-member
e0693,6,miro,PATCH,/v2/boards/{board_id}/shapes/{item_id},update-shape-item
e0694,7,miro,PATCH,/v2/boards/{board_id}/sticky_notes/{item_id},update-sticky-note-item
e0695,2,miro,PATCH,/v2/boards/{board_id}/tags/{tag_id},update-tag
e0696,5,miro,PATCH,/v2/boards/{board_id}/texts/{item_id},update-text-item
e0697,9,miro,PATCH,/v2/orgs/{org_id}/groups/{group_id},enterprise-update-group
e0698,5,miro,PATCH,/v2/orgs/{org_id}/groups/{group_id}/members,enterprise-update-group-members
e0699,3,miro,PATCH,/v2/orgs/{org_id}/teams/{team_id},enterprise-update-team
e0700,6,miro,PATCH,/v2/orgs/{org_id}/teams/{team_id}/data-classification,enterprise-dataclassification-team-boards-bulk
e0701,4,miro,PATCH,/v2/orgs/{org_id}/teams/{team_id}/data-classification-settings,enterprise-dataclassification-team-settings-set
e0702,9,miro,PATCH,/v2/orgs/{org_id}/teams/{team_id}/members/{member_id},enterprise-update-team-member
e0703,9,miro,PATCH,/v2/orgs/{org_id}/teams/{team_id}/projects/{project_id},enterprise-update-project
e0704,1,miro,PATCH,/v2/orgs/{org_id}/teams/{team_id}/projects/{project_id}/members/{member_id},enterprise-update-project-member
e0705,5,miro,PATCH,/v2/orgs/{org_id}/teams/{team_id}/projects/{project_id}/settings,enterprise-update-project-settings
e0706,1,miro,PATCH,/v2/orgs/{org_id}/teams/{team_id}/settings,enterprise-update-team-settings
e0707,3,miro,POST,/Users,createUser
e0708,4,miro,POST,/v1/oauth/revoke,revoke-token
e0709,8,miro,POST,/v2-experimental/boards/{board_id}/code_widgets,create-code-widget-item
e0710,1,miro,POST,/v2-experimental/boards/{board_id}/mindmap_nodes,create-mindmap-nodes-experimental
e0711,4,miro,POST,/v2-experimental/boards/{board_id}/shapes,create-shape-item-flowchart
e0712,1,miro,POST,/v2/boards,create-board
e0713,5,miro,POST,/v2/boards/{board_id_PlatformFileUpload}/documents,create-document-item-using-file-from-device
e0714,6,miro,POST,/v2/boards/{board_id_PlatformFileUpload}/images,create-image-item-using-local-file
e0715,2,miro,POST,/v2/boards/{board_id_PlatformTags}/items/{item_id},attach-tag-to-item
e0716,8,miro,POST,/v2/boards/{board_id_Platformcreateitemsinbulkusingfilefromdevice}/items/bulk,create-items-in-bulk-using-file-from-device
e0717,1,miro,POST,/v2/boards/{board_id}/app_cards,create-app-card-item
e0718,3,miro,POST,/v2/boards/{board_id}/cards,create-card-item
e0719,4,miro,POST,/v2/boards/{board_id}/connectors,create-connector
e0720,6,miro,POST,/v2/boards/{board_id}/docs,create-doc-format-item
e0721,1,miro,POST,/v2/boards/{board_id}/documents,create-document-item-using-url
e0722,4,miro,POST,/v2/boards/{board_id}/embeds,create-embed-item
e0723,5,miro,POST,/v2/boards/{board_id}/frames,create-frame-item
e0724,6,miro,POST,/v2/boards/{board_id}/groups,createGroup
e0725,6,miro,POST,/v2/boards/{board_id}/images,create-image-item-using-url
e0726,4,miro,POST,/v2/boards/{board_id}/items/bulk,create-items
e0727,3,miro,POST,/v2/boards/{board_id}/members,share-board
e0728,7,miro,POST,/v2/boards/{board_id}/shapes,create-shape-item
e0729,1,miro,POST,/v2/boards/{board_id}/sticky_notes,create-sticky-note-item
e0730,5,miro,POST,/v2/boards/{board_id}/tags,create-tag
e0731,1,miro,POST,/v2/boards/{board_id}/texts,create-text-item
e0732,8,miro,POST,/v2/oauth/revoke,revoke-token-v2
e0733,1,miro,POST,/v2/orgs/{org_id}/boards/export/jobs,enterprise-create-board-export
e0734,7,miro,POST,/v2/orgs/{org_id}/boards/export/jobs/{job_id}/tasks/{task_id}/export-link,enterprise-create-board-export-task-export-link
e0735,3,miro,POST,/v2/orgs/{org_id}/boards/{board_id}/groups,enterprise-boards-create-group
e0736,7,miro,POST,/v2/orgs/{org_id}/cases,create-case
e0737,5,miro,POST,/v2/orgs/{org_id}/cases/{case_id}/legal-holds,create-legal-hold
e0738,4,miro,POST,/v2/orgs/{org_id}/groups,enterprise-create-group
e0739,6,miro,POST,/v2/orgs/{org_id}/groups/{group_id}/members,enterprise-create-group-member
e0740,3,miro,POST,/v2/orgs/{org_id}/projects/{project_id}/groups,enterprise-project-create-group
e0741,9,miro,POST,/v2/orgs/{org_id}/teams,enterprise-create-team
e0742,6,miro,POST,/v2/orgs/{org_id}/teams/{team_id}/boards/{board_id}/data-classification,enterprise-dataclassification-board-set
e0743,5,miro,POST,/v2/orgs/{org_id}/teams/{team_id}/groups,enterprise-teams-create-group
e0744,5,miro,POST,/v2/orgs/{org_id}/teams/{team_id}/members,enterprise-invite-team-member
e0745,2,miro,POST,/v2/orgs/{org_id}/teams/{team_id}/projects,enterprise-create-project
e0746,9,miro,POST,/v2/orgs/{org_id}/teams/{team_id}/projects/{project_id}/members,enterprise-add-project-member
e0747,9,miro,POST,/v2/sessions/reset_all,enterprise-post-user-sessions-reset
e0748,5,miro,PUT,/Users/{id},replaceUser
e0749,7,miro,PUT,/v2/boards,copy-board
e0750,6,miro,PUT,/v2/boards/{board_id}/groups/{group_id},updateGroup
e0751,7,miro,PUT,/v2/orgs/{org_id}/boards/export/jobs/{job_id}/status,enterprise-update-board-export-job
e0752,9,miro,PUT,/v2/orgs/{org_id}/cases/{case_id},edit-case
e0753,8,miro,PUT,/v2/orgs/{org_id}/cases/{case_id}/legal-holds/{legal_hold_id},edit-legal-hold
e0754,6,zendesk,DELETE,/api/v2/api_tokens/{id},DeleteApiToken
e0755,4,zendesk,DELETE,/api/v2/automations/destroy_many,BulkDeleteAutomations
e0756,1,zendesk,DELETE,/api/v2/automations/{automation_id},DeleteAutomation
e0757,4,zendesk,DELETE,/api/v2/bookmarks/{bookmark_id},DeleteBookmark
e0758,2,zendesk,DELETE,/api/v2/brand_agents/{brand_agent_id},DeleteBrandAgentById
e0759,6,zendesk,DELETE,/api/v2/brands/{brand_id},DeleteBrand
e0760,1,zendesk,DELETE,/api/v2/brands/{brand_id}/logo,DeleteBrandLogo
e0761,5,zendesk,DELETE,/api/v2/custom_objects/{custom_object_key},DeleteCustomObject
e0762,3,zendesk,DELETE,/api/v2/custom_objects/{custom_object_key}/access_rules/{id},DeleteAccessRule
e0763,8,zendesk,DELETE,/api/v2/custom_objects/{custom_object_key}/fields/{custom_object_field_key_or_id},DeleteCustomObjectField
e0764,4,zendesk,DELETE,/api/v2/custom_objects/{custom_object_key}/records,DeleteCustomObjectRecordByExternalIdOrName
e0765,1,zendesk,DELETE,/api/v2/custom_objects/{custom_object_key}/records/{custom_object_record_id},DeleteCustomObjectRecord
e0766,8,zendesk,DELETE,/api/v2/custom_objects/{custom_object_key}/triggers/destroy_many,DeleteManyObjectTriggers
e0767,3,zendesk,DELETE,/api/v2/custom_objects/{custom_object_key}/triggers/{trigger_id},DeleteObjectTrigger
e0768,4,zendesk,DELETE,/api/v2/custom_roles/{custom_role_id},DeleteCustomRoleById
e0769,3,zendesk,DELETE,/api/v2/custom_statuses/{custom_status_id},DeleteCustomStatus
e0770,8,zendesk,DELETE,/api/v2/deleted_tickets/destroy_many,BulkPermanentlyDeleteTickets
e0771,9,zendesk,DELETE,/api/v2/deletion_schedules/{deletion_schedule_id},DeleteDeletionSchedule
e0772,3,zendesk,DELETE,/api/v2/dynamic_content/items/{dynamic_content_item_id},DeleteDynamicContentItem
e0773,7,zendesk,DELETE,/api/v2/dynamic_content/items/{dynamic_content_item_id}/variants/{dynamic_content_variant_id},DeleteDynamicContentVariant
e0774,7,zendesk,DELETE,/api/v2/group_memberships/{group_membership_id},DeleteGroupMembership
e0775,6,zendesk,DELETE,/api/v2/group_slas/policies/{group_sla_policy_id},DeleteGroupSLAPolicy
e0776,5,zendesk,DELETE,/api/v2/groups/{group_id},DeleteGroup
e0777,9,zendesk,DELETE,/api/v2/it_asset_management/asset_types/{asset_type_id},DeleteItamAssetType
e0778,1,zendesk,DELETE,/api/v2/it_asset_management/asset_types/{asset_type_id}/fields/{asset_type_field_id},DeleteItamAssetTypeField
e0779,2,zendesk,DELETE,/api/v2/it_asset_management/assets/{asset_id},DeleteItamAsset
e0780,6,zendesk,DELETE,/api/v2/it_asset_management/locations/{location_id},DeleteItamLocation
e0781,6,zendesk,DELETE,/api/v2/it_asset_management/statuses/{status_id},DeleteItamStatus
e0782,2,zendesk,DELETE,/api/v2/macros/destroy_many,DeleteManyMacros
e0783,4,zendesk,DELETE,/api/v2/macros/{macro_id},DeleteMacro
e0784,1,zendesk,DELETE,/api/v2/oauth/tokens/current,RevokeCurrentOAuthToken
e0785,2,zendesk,DELETE,/api/v2/organization_fields/{organization_field_id},DeleteOrganizationField
e0786,4,zendesk,DELETE,/api/v2/organization_memberships/destroy_many,DeleteManyOrganizationMemberships
e0787,8,zendesk,DELETE,/api/v2/organization_memberships/{organization_membership_id},DeleteOrganizationMembership
e0788,7,zendesk,DELETE,/api/v2/organization_subscriptions/{organization_subscription_id},DeleteOrganizationSubscription
e0789,6,zendesk,DELETE,/api/v2/organizations/destroy_many,DeleteManyOrganizations
e0790,4,zendesk,DELETE,/api/v2/organizations/{organization_id},DeleteOrganization
e0791,4,zendesk,DELETE,/api/v2/queues/{queue_id},DeleteQueue
e0792,2,zendesk,DELETE,/api/v2/recipient_addresses/{support_address_id},DeleteRecipientAddress
e0793,7,zendesk,DELETE,/api/v2/resource_collections/{resource_collection_id},DeleteResourceCollection
e0794,8,zendesk,DELETE,/api/v2/routing/attributes/{attribute_id},DeleteAttribute
e0795,2,zendesk,DELETE,/api/v2/routing/attributes/{attribute_id}/values/{attribute_value_id},DeleteAttributeValue
e0796,2,zendesk,DELETE,/api/v2/saved_searches/{id},DeleteSavedSearch
e0797,5,zendesk,DELETE,/api/v2/sharing_agreements/{sharing_agreement_id},DeleteSharingAgreement
e0798,9,zendesk,DELETE,/api/v2/slas/policies/{sla_policy_id},DeleteSLAPolicy
e0799,7,zendesk,DELETE,/api/v2/suspended_tickets/destroy_many,DeleteSuspendedTickets
e0800,2,zendesk,DELETE,/api/v2/suspended_tickets/{id},DeleteSuspendedTicket
e0801,8,zendesk,DELETE,/api/v2/targets/{target_id},DeleteTarget
e0802,2,zendesk,DELETE,/api/v2/task_list_templates/{task_list_template_id},DeleteTaskListTemplate
e0803,1,zendesk,DELETE,/api/v2/task_lists/{task_list_id}/task_items/{task_item_id},DeleteCustomTaskItem
e0804,8,zendesk,DELETE,/api/v2/ticket_content_pins/{content_pin_id},DeleteTicketContentPin
e0805,2,zendesk,DELETE,/api/v2/ticket_fields/{ticket_field_id},DeleteTicketField
e0806,8,zendesk,DELETE,/api/v2/ticket_fields/{ticket_field_id}/options/{ticket_field_option_id},DeleteTicketFieldOption
e0807,2,zendesk,DELETE,/api/v2/ticket_forms/{ticket_form_id}/ticket_form_statuses,DeleteTicketFormStatuses
e0808,5,zendesk,DELETE,/api/v2/ticket_forms/{ticket_form_id}/ticket_form_statuses/{ticket_form_status_id},DeleteTicketFormStatusById
e0809,8,zendesk,DELETE,/api/v2/tickets/destroy_many,BulkDeleteTickets
e0810,6,zendesk,DELETE,/api/v2/tickets/{ticket_id},DeleteTicket
e0811,3,zendesk,DELETE,/api/v2/tickets/{ticket_id}/tags,DeleteTagsTicket
e0812,4,zendesk,DELETE,/api/v2/trigger_categories/{trigger_category_id},DeleteTriggerCategory
e0813,2,zendesk,DELETE,/api/v2/triggers/destroy_many,DeleteManyTriggers
e0814,9,zendesk,DELETE,/api/v2/triggers/{trigger_id},DeleteTrigger
e0815,9,zendesk,DELETE,/api/v2/uploads/{token},DeleteUpload
e0816,2,zendesk,DELETE,/api/v2/user_fields/{user_field_id},DeleteUserField
e0817,5,zendesk,DELETE,/api/v2/user_fields/{user_field_id}/options/{user_field_option_id},DeleteUserFieldOption
e0818,8,zendesk,DELETE,/api/v2/users/destroy_many,DestroyManyUsers
e0819,3,zendesk,DELETE,/api/v2/users/me/logout,DeleteAuthenticatedSession
e0820,2,zendesk,DELETE,/api/v2/users/{user_id},DeleteUser
e0821,3,zendesk,DELETE,/api/v2/users/{user_id}/identities/{user_identity_id},DeleteUserIdentity
e0822,3,zendesk,DELETE,/api/v2/users/{user_id}/organization_memberships/{organization_membership_id},DeleteUserOrganizationMembership
e0823,5,zendesk,DELETE,/api/v2/users/{user_id}/organizations/{organization_id},UnassignOrganization
e0824,5,zendesk,DELETE,/api/v2/users/{user_id}/sessions,BulkDeleteSessionsByUserId
e0825,8,zendesk,DELETE,/api/v2/users/{user_id}/sessions/{session_id},DeleteSession
e0826,5,zendesk,DELETE,/api/v2/users/{user_id}/suspension,DeleteUserSuspension
e0827,1,zendesk,DELETE,/api/v2/users/{user_id}/tags,DeleteUserTags
e0828,5,zendesk,DELETE,/api/v2/views/destroy_many,BulkDeleteViews
e0829,1,zendesk,DELETE,/api/v2/views/{view_id},DeleteView
e0830,6,zendesk,DELETE,/api/v2/workspaces/destroy_many,DestroyManyWorkspaces
e0831,3,zendesk,DELETE,/api/v2/workspaces/{workspace_id},DeleteWorkspace
e0832,1,zendesk,PATCH,/api/v2/custom_objects/{custom_object_key},UpdateCustomObject
e0833,1,zendesk,PATCH,/api/v2/custom_objects/{custom_object_key}/access_rules/{id},UpdateAccessRule
e0834,2,zendesk,PATCH,/api/v2/custom_objects/{custom_object_key}/fields/{custom_object_field_key_or_id},UpdateCustomObjectField
e0835,1,zendesk,PATCH,/api/v2/custom_objects/{custom_object_key}/permission_policies/{id},UpdatePermissionPolicy
e0836,7,zendesk,PATCH,/api/v2/custom_objects/{custom_object_key}/records,UpsertCustomObjectRecordByExternalIdOrName
e0837,8,zendesk,PATCH,/api/v2/custom_objects/{custom_object_key}/records/{custom_object_record_id},UpdateCustomObjectRecord
e0838,1,zendesk,PATCH,/api/v2/it_asset_management/asset_types/{asset_type_id},UpdateItamAssetType
e0839,5,zendesk,PATCH,/api/v2/it_asset_management/asset_types/{asset_type_id}/fields/{asset_type_field_id},UpdateItamAssetTypeField
e0840,4,zendesk,PATCH,/api/v2/it_asset_management/assets/{asset_id},UpdateItamAsset
e0841,2,zendesk,PATCH,/api/v2/it_asset_management/locations/{location_id},UpdateItamLocation
e0842,2,zendesk,PATCH,/api/v2/it_asset_management/statuses/{status_id},UpdateItamStatus
e0843,5,zendesk,PATCH,/api/v2/queues/order,ReorderQueues
e0844,7,zendesk,PATCH,/api/v2/routing/attributes/{attribute_id}/values/{attribute_value_id},UpdateAttributeValue
e0845,5,zendesk,PATCH,/api/v2/trigger_categories/{trigger_category_id},UpdateTriggerCategory
e0846,8,zendesk,POST,/api/v2/accounts,CreateTrialAccount
e0847,4,zendesk,POST,/api/v2/any_channel/channelback/report_error,ReportChannelbackError
e0848,6,zendesk,POST,/api/v2/any_channel/push,PushContentToSupport
e0849,8,zendesk,POST,/api/v2/any_channel/validate_token,ValidateToken
e0850,5,zendesk,POST,/api/v2/audit_logs/export,ExportAuditLogs
e0851,5,zendesk,POST,/api/v2/automations,CreateAutomation
e0852,4,zendesk,POST,/api/v2/bookmarks,CreateBookmark
e0853,2,zendesk,POST,/api/v2/brands,CreateBrand
e0854,3,zendesk,POST,/api/v2/channels/twitter/tickets,CreateTicketFromTweet
e0855,7,zendesk,POST,/api/v2/channels/voice/agents/{agent_id}/tickets/{ticket_id}/display,OpenTicketInAgentBrowser
e0856,7,zendesk,POST,/api/v2/channels/voice/agents/{agent_id}/users/{user_id}/display,OpenUsersProfileInAgentBrowser
e0857,8,zendesk,POST,/api/v2/channels/voice/tickets,CreateTicketOrVoicemailTicket
e0858,8,zendesk,POST,/api/v2/custom_objects,CreateCustomObject
e0859,3,zendesk,POST,/api/v2/custom_objects/{custom_object_key}/access_rules,CreateAccessRule
e0860,3,zendesk,POST,/api/v2/custom_objects/{custom_object_key}/records/search,FilteredSearchCustomObjectRecords
e0861,8,zendesk,POST,/api/v2/custom_objects/{custom_object_key}/records/{record_id}/attachments,CreateCustomObjectRecordAttachment
e0862,5,zendesk,POST,/api/v2/custom_roles,CreateCustomRole
e0863,9,zendesk,POST,/api/v2/custom_statuses,CreateCustomStatus
e0864,7,zendesk,POST,/api/v2/custom_statuses/{custom_status_id}/ticket_form_statuses,CreateTicketFormStatusesForCustomStatus
e0865,2,zendesk,POST,/api/v2/deletion_schedules,CreateDeletionSchedule
e0866,1,zendesk,POST,/api/v2/dynamic_content/items,CreateDynamicContent
e0867,9,zendesk,POST,/api/v2/dynamic_content/items/{dynamic_content_item_id}/variants,CreateDynamicContentVariant
e0868,1,zendesk,POST,/api/v2/dynamic_content/items/{dynamic_content_item_id}/variants/create_many,CreateManyDynamicContentVariants
e0869,3,zendesk,POST,/api/v2/group_memberships,CreateGroupMembership
e0870,2,zendesk,POST,/api/v2/group_slas/policies,CreateGroupSLAPolicy
e0871,8,zendesk,POST,/api/v2/imports/tickets,TicketImport
e0872,4,zendesk,POST,/api/v2/imports/tickets/create_many,TicketBulkImport
e0873,7,zendesk,POST,/api/v2/it_asset_management/asset_types/{asset_type_id}/fields,CreateItamAssetTypeField
e0874,8,zendesk,POST,/api/v2/it_asset_management/assets,CreateItamAsset
e0875,1,zendesk,POST,/api/v2/it_asset_management/assets/search,FilteredSearchItamAssets
e0876,8,zendesk,POST,/api/v2/it_asset_management/locations,CreateItamLocation
e0877,1,zendesk,POST,/api/v2/it_asset_management/statuses,CreateItamStatus
e0878,4,zendesk,POST,/api/v2/macros,CreateMacro
e0879,6,zendesk,POST,/api/v2/macros/{macro_id}/attachments,CreateAssociatedMacroAttachment
e0880,4,zendesk,POST,/api/v2/oauth/clients,CreateOAuthClient
e0881,4,zendesk,POST,/api/v2/organization_memberships,CreateOrganizationMembership
e0882,2,zendesk,POST,/api/v2/organization_memberships/create_many,CreateManyOrganizationMemberships
e0883,8,zendesk,POST,/api/v2/organization_subscriptions,CreateOrganizationSubscription
e0884,2,zendesk,POST,/api/v2/organizations,CreateOrganization
e0885,8,zendesk,POST,/api/v2/organizations/create_many,CreateManyOrganizations
e0886,7,zendesk,POST,/api/v2/organizations/create_or_update,CreateOrUpdateOrganization
e0887,8,zendesk,POST,/api/v2/organizations/{organization_id}/merge,CreateOrganizationMerge
e0888,6,zendesk,POST,/api/v2/organizations/{organization_id}/tags,SetOrganizationTags
e0889,9,zendesk,POST,/api/v2/problems/autocomplete,AutocompleteProblems
e0890,6,zendesk,POST,/api/v2/push_notification_devices/destroy_many,PushNotificationDevices
e0891,7,zendesk,POST,/api/v2/queues,CreateQueue
e0892,6,zendesk,POST,/api/v2/requests,CreateRequest
e0893,2,zendesk,POST,/api/v2/resource_collections,CreateResourceCollection
e0894,8,zendesk,POST,/api/v2/routing/agents/instance_values/jobs,BulkSetAgentAttributeValuesJob
e0895,3,zendesk,POST,/api/v2/routing/agents/{user_id}/instance_values,SetAgentAttributeValues
e0896,8,zendesk,POST,/api/v2/routing/tickets/{ticket_id}/instance_values,SetTicketAttributeValues
e0897,4,zendesk,POST,/api/v2/saved_searches,CreateSavedSearch
e0898,2,zendesk,POST,/api/v2/sharing_agreements,CreateSharingAgreement
e0899,2,zendesk,POST,/api/v2/suspended_tickets/attachments,SuspendedTicketsAttachments
e0900,3,zendesk,POST,/api/v2/task_list_templates,CreateTaskListTemplate
e0901,3,zendesk,POST,/api/v2/task_lists/{task_list_id}/task_items,CreateCustomTaskItem
e0902,3,zendesk,POST,/api/v2/ticket_content_pins,CreateTicketContentPin
e0903,7,zendesk,POST,/api/v2/ticket_fields,CreateTicketField
e0904,1,zendesk,POST,/api/v2/ticket_forms,CreateTicketForm
e0905,9,zendesk,POST,/api/v2/ticket_forms/{ticket_form_id}/clone,CloneTicketForm
e0906,7,zendesk,POST,/api/v2/ticket_forms/{ticket_form_id}/ticket_form_statuses,CreateTicketFormStatuses
e0907,6,zendesk,POST,/api/v2/tickets/{ticket_id}/tags,SetTagsTicket
e0908,8,zendesk,POST,/api/v2/tickets/{ticket_id}/task_lists,CreateTaskList
e0909,5,zendesk,POST,/api/v2/trigger_categories,CreateTriggerCategory
e0910,6,zendesk,POST,/api/v2/trigger_categories/jobs,BatchOperateTriggerCategories
e0911,8,zendesk,POST,/api/v2/uploads,UploadFiles
e0912,7,zendesk,POST,/api/v2/user_fields,CreateUserField
e0913,5,zendesk,POST,/api/v2/user_fields/{user_field_id}/options,CreateOrUpdateUserFieldOption
e0914,1,zendesk,POST,/api/v2/users,CreateUser
e0915,9,zendesk,POST,/api/v2/users/autocomplete,AutocompleteUsersPost
e0916,8,zendesk,POST,/api/v2/users/create_many,CreateManyUsers
e0917,9,zendesk,POST,/api/v2/users/create_or_update,CreateOrUpdateUser
e0918,7,zendesk,POST,/api/v2/users/create_or_update_many,CreateOrUpdateManyUsers
e0919,3,zendesk,POST,/api/v2/users/request_create,RequestUserCreate
e0920,7,zendesk,POST,/api/v2/users/{user_id}/identities,CreateUserIdentity
e0921,3,zendesk,POST,/api/v2/users/{user_id}/suspension,CreateUserSuspension
e0922,9,zendesk,POST,/api/v2/views/preview,PreviewViews
e0923,4,zendesk,POST,/api/v2/views/preview/count,PreviewCount
e0924,1,zendesk,POST,/api/v2/workspaces,CreateWorkspace
e0925,1,zendesk,PUT,/api/v2/account/email_settings,UpdateAccountEmailSettings
e0926,1,zendesk,PUT,/api/v2/account/settings,UpdateAccountSettings
e0927,5,zendesk,PUT,/api/v2/api_tokens/{id},UpdateApiToken
e0928,1,zendesk,PUT,/api/v2/attachments/{attachment_id},UpdateAttachment
e0929,1,zendesk,PUT,/api/v2/automations/update_many,UpdateManyAutomations
e0930,7,zendesk,PUT,/api/v2/automations/{automation_id},UpdateAutomation
e0931,7,zendesk,PUT,/api/v2/brands/{brand_id},UpdateBrand
e0932,9,zendesk,PUT,/api/v2/chat_file_redactions/{ticket_id},RedactChatCommentAttachment
e0933,9,zendesk,PUT,/api/v2/comment_redactions/{ticket_comment_id},RedactTicketCommentInAgentWorkspace
e0934,9,zendesk,PUT,/api/v2/custom_objects/{custom_object_key}/fields/reorder,ReorderCustomObjectFields
e0935,8,zendesk,PUT,/api/v2/custom_objects/{custom_object_key}/records/{record_id}/attachments/{id},UpdateCustomObjectRecordAttachment
e0936,7,zendesk,PUT,/api/v2/custom_objects/{custom_object_key}/triggers/{trigger_id},UpdateObjectTrigger
e0937,8,zendesk,PUT,/api/v2/custom_roles/{custom_role_id},UpdateCustomRoleById
e0938,2,zendesk,PUT,/api/v2/custom_status/default,BulkUpdateDefaultCustomStatus
e0939,7,zendesk,PUT,/api/v2/custom_statuses/{custom_status_id},UpdateCustomStatus
e0940,9,zendesk,PUT,/api/v2/deleted_tickets/{ticket_id}/restore,RestoreDeletedTicket
e0941,7,zendesk,PUT,/api/v2/dynamic_content/items/{dynamic_content_item_id},UpdateDynamicContentItem
e0942,5,zendesk,PUT,/api/v2/dynamic_content/items/{dynamic_content_item_id}/variants/update_many,UpdateManyDynamicContentVariants
e0943,9,zendesk,PUT,/api/v2/dynamic_content/items/{dynamic_content_item_id}/variants/{dynamic_content_variant_id},UpdateDynamicContentVariant
e0944,6,zendesk,PUT,/api/v2/end_users/{user_id}/identities/{user_identity_id}/make_primary,MakeEndUserIdentityPrimary
e0945,5,zendesk,PUT,/api/v2/end_users/{user_id}/identities/{user_identity_id}/request_verification,RequestEndUserVerification
e0946,1,zendesk,PUT,/api/v2/group_slas/policies/reorder,ReorderGroupSLAPolicies
e0947,5,zendesk,PUT,/api/v2/group_slas/policies/{group_sla_policy_id},UpdateGroupSLAPolicy
e0948,8,zendesk,PUT,/api/v2/groups/{group_id},UpdateGroup
e0949,4,zendesk,PUT,/api/v2/macros/update_many,UpdateManyMacros
e0950,3,zendesk,PUT,/api/v2/macros/{macro_id},UpdateMacro
e0951,7,zendesk,PUT,/api/v2/oauth/clients/{oauth_client_id},UpdateClient
e0952,1,zendesk,PUT,/api/v2/organization_fields/reorder,ReorderOrganizationField
e0953,6,zendesk,PUT,/api/v2/organization_fields/{organization_field_id},UpdateOrganizationField
e0954,8,zendesk,PUT,/api/v2/organizations/update_many,UpdateManyOrganizations
e0955,5,zendesk,PUT,/api/v2/organizations/{organization_id},UpdateOrganization
e0956,6,zendesk,PUT,/api/v2/organizations/{organization_id}/tags,AddOrganizationTags
e0957,5,zendesk,PUT,/api/v2/queues/{queue_id},UpdateQueue
e0958,6,zendesk,PUT,/api/v2/recipient_addresses/{support_address_id},UpdateSupportAddress
e0959,7,zendesk,PUT,/api/v2/recipient_addresses/{support_address_id}/verify,VerifySupportAddressForwarding
e0960,5,zendesk,PUT,/api/v2/requests/{request_id},UpdateRequest
e0961,3,zendesk,PUT,/api/v2/resource_collections/{resource_collection_id},UpdateResourceCollection
e0962,2,zendesk,PUT,/api/v2/routing/attributes/{attribute_id},UpdateAttribute
e0963,1,zendesk,PUT,/api/v2/routing/attributes/{attribute_id}/values/{attribute_value_id},UpdateAttributeValuePut
e0964,4,zendesk,PUT,/api/v2/saved_searches/{id},UpdateSavedSearch
e0965,2,zendesk,PUT,/api/v2/sharing_agreements/{sharing_agreement_id},UpdateSharingAgreement
e0966,2,zendesk,PUT,/api/v2/slas/policies/reorder,ReorderSLAPolicies
e0967,8,zendesk,PUT,/api/v2/suspended_tickets/recover_many,RecoverSuspendedTickets
e0968,7,zendesk,PUT,/api/v2/targets/{target_id},UpdateTarget
e0969,3,zendesk,PUT,/api/v2/task_list_templates/{task_list_template_id},UpdateTaskListTemplate
e0970,4,zendesk,PUT,/api/v2/task_lists/{task_list_id},UpdateCustomTaskList
e0971,4,zendesk,PUT,/api/v2/task_lists/{task_list_id}/task_items/{task_item_id},UpdateTaskItem
e0972,7,zendesk,PUT,/api/v2/ticket_fields/reorder,ReorderTicketFields
e0973,9,zendesk,PUT,/api/v2/ticket_fields/{ticket_field_id},UpdateTicketField
e0974,3,zendesk,PUT,/api/v2/ticket_forms/reorder,ReorderTicketForms
e0975,9,zendesk,PUT,/api/v2/ticket_forms/{ticket_form_id}/ticket_form_statuses,UpdateTicketFormStatuses
e0976,3,zendesk,PUT,/api/v2/ticket_forms/{ticket_form_id}/ticket_form_statuses/{ticket_form_status_id},UpdateTicketFormStatusById
e0977,9,zendesk,PUT,/api/v2/tickets/update_many,TicketsUpdateMany
e0978,8,zendesk,PUT,/api/v2/tickets/{ticket_id},UpdateTicket
e0979,9,zendesk,PUT,/api/v2/tickets/{ticket_id}/audits/{ticket_audit_id}/make_private,MakeTicketCommentPrivateFromAudits
e0980,6,zendesk,PUT,/api/v2/tickets/{ticket_id}/comments/{comment_id}/attachments/{attachment_id}/redact,RedactCommentAttachment
e0981,5,zendesk,PUT,/api/v2/tickets/{ticket_id}/comments/{ticket_comment_id}/make_private,MakeTicketCommentPrivate
e0982,4,zendesk,PUT,/api/v2/tickets/{ticket_id}/comments/{ticket_comment_id}/redact,RedactStringInComment
e0983,5,zendesk,PUT,/api/v2/tickets/{ticket_id}/tags,PutTagsTicket
e0984,6,zendesk,PUT,/api/v2/triggers/reorder,ReorderTriggers
e0985,4,zendesk,PUT,/api/v2/triggers/update_many,UpdateManyTriggers
e0986,1,zendesk,PUT,/api/v2/triggers/{trigger_id},UpdateTrigger
e0987,6,zendesk,PUT,/api/v2/user_fields/reorder,ReorderUserField
e0988,7,zendesk,PUT,/api/v2/user_fields/{user_field_id},UpdateUserField
e0989,5,zendesk,PUT,/api/v2/users/me/settings,UpdateCurrentUserSettings
e0990,9,zendesk,PUT,/api/v2/users/update_many,UpdateManyUsers
e0991,4,zendesk,PUT,/api/v2/users/{user_id},UpdateUser
e0992,6,zendesk,PUT,/api/v2/users/{user_id}/group_memberships/{group_membership_id}/make_default,GroupMembershipSetDefault
e0993,3,zendesk,PUT,/api/v2/users/{user_id}/identities/{user_identity_id},UpdateUserIdentity
e0994,7,zendesk,PUT,/api/v2/users/{user_id}/identities/{user_identity_id}/request_verification,RequestUserVerification
e0995,5,zendesk,PUT,/api/v2/users/{user_id}/identities/{user_identity_id}/verify,VerifyUserIdentity
e0996,4,zendesk,PUT,/api/v2/users/{user_id}/merge,MergeEndUsers
e0997,7,zendesk,PUT,/api/v2/users/{user_id}/organization_memberships/{organization_membership_id}/make_default,SetOrganizationMembershipAsDefault
e0998,7,zendesk,PUT,/api/v2/users/{user_id}/organizations/{organization_id}/make_default,SetOrganizationAsDefault
e0999,1,zendesk,PUT,/api/v2/users/{user_id}/password,ChangeOwnPassword
e1000,5,zendesk,PUT,/api/v2/users/{user_id}/suspension,UpdateUserSuspension
e1001,2,zendesk,PUT,/api/v2/views/{view_id},UpdateView
e1002,6,zendesk,PUT,/api/v2/workspaces/reorder,ReorderWorkspaces
e1003,6,zendesk,PUT,/api/v2/workspaces/{workspace_id},UpdateWorkspace
