row_id,corpus_index,set,vendor,method,path,operationId,split
1,48,camara,camara,POST,/accesses,createAccess,measure-part2
2,52,camara,camara,POST,/accesses/{accessId}/devices/add,addDevicesToAccess,holdback
3,53,camara,camara,POST,/accesses/{accessId}/devices/remove,removeDevicesFromAccess,holdback
4,172,camara,camara,POST,/answer,queryAssistant,measure-part1
5,112,camara,camara,POST,/app-instances,createAppInstance,measure-part2
6,1,camara,camara,POST,/application-endpoint-lists,registerApplicationEndpoints,measure-part2
7,6,camara,camara,POST,/application-profiles,createApplicationProfile,measure-part2
8,108,camara,camara,POST,/apps,submitApp,measure-part2
9,178,camara,camara,POST,/assessment,assessConnectionFeasibility,measure-part1
10,167,camara,camara,POST,/assistants,createAssistant,measure-part2
11,144,camara,camara,POST,/bind,bindDeviceImei,holdback
12,12,camara,camara,POST,/blockchain-public-addresses,bindBlockchainPublicAddress,measure-part1
13,11,camara,camara,POST,/blockchain-public-addresses/retrieve-blockchains,retrieveBlockchainPublicAddress,measure-part2
14,123,camara,camara,POST,/calculate-carbon-footprint,calculateCarbonFootprint,measure-part1
15,122,camara,camara,POST,/calculate-energy-consumption,calculateEnergyConsumption,holdback
16,15,camara,camara,POST,/call-forwardings,retrieveCallForwarding,measure-part2
17,28,camara,camara,POST,/calls,createCall,measure-part1
18,259,camara,camara,POST,/campaign/management,manageCampaign,measure-part2
19,258,camara,camara,POST,/campaign/{sponsorId}/{campaignId}/alert-subscription,configureAlerts,holdback
20,68,camara,camara,POST,/check,checkDataVolume,holdback
21,106,camara,camara,POST,/check,checkDeviceSwap,measure-part1
22,208,camara,camara,POST,/check,checkNumberRecycling,measure-part1
23,250,camara,camara,POST,/check,checkSimSwap,measure-part2
24,41,camara,camara,POST,/check-network-quality,checkNetworkQuality,measure-part2
25,62,camara,camara,POST,/check-status,checkImeiStatus,holdback
26,261,camara,camara,POST,/check-tenure,checkTenure,measure-part1
27,43,camara,camara,POST,/consents,createConsent,measure-part2
28,45,camara,camara,POST,/consents/retrieve-info,retrieveConsentInfo,measure-part1
29,239,camara,camara,POST,/count,count,holdback
30,134,camara,camara,POST,/delete,deleteEsimProfile,measure-part2
31,116,camara,camara,POST,/deployments,createAppDeployment,measure-part2
32,224,camara,camara,POST,/device-qos-bookings,createBooking,holdback
33,133,camara,camara,POST,/disable,disableEsimProfile,holdback
34,131,camara,camara,POST,/download,downloadEsimProfile,measure-part1
35,132,camara,camara,POST,/enable,enableEsimProfile,measure-part1
36,138,camara,camara,POST,/features/power-saving,activatePowerSaving,measure-part2
37,148,camara,camara,POST,/fill-in,KYC_Fill-in,holdback
38,151,camara,camara,POST,/fill-in,kycFillin,measure-part2
39,124,camara,camara,POST,/high-throughput-elastic-network/transmission/schedule,scheduleTransmission,holdback
40,153,camara,camara,POST,/knowledge-bases,createKnowledgeBase,holdback
41,158,camara,camara,POST,/knowledge-bases/{knowledgeBaseId}/documents,uploadDocument,holdback
42,161,camara,camara,POST,/knowledge-bases/{knowledgeBaseId}/tools,createTool,measure-part1
43,166,camara,camara,POST,/knowledge-bases/{knowledgeBaseId}/tools/{toolId}/call,callTool,measure-part2
44,149,camara,camara,POST,/match,KYC_Match,holdback
45,152,camara,camara,POST,/match,kycMatch,measure-part2
46,72,camara,camara,POST,/match-identifier,matchIdentifier,measure-part1
47,59,camara,camara,POST,/networks,createNetwork,measure-part2
48,174,camara,camara,POST,/networks,createNetwork,measure-part1
49,10,camara,camara,POST,/nonce,createBlockchainPublicAddressValidationNonce,measure-part1
50,21,camara,camara,POST,/payments,createPayment,holdback
51,24,camara,camara,POST,/payments/prepare,preparePayment,measure-part2
52,27,camara,camara,POST,/payments/{paymentId}/cancel,cancelPayment,measure-part2
53,26,camara,camara,POST,/payments/{paymentId}/confirm,confirmPayment,holdback
54,17,camara,camara,POST,/payments/{paymentId}/refunds,createRefund,holdback
55,25,camara,camara,POST,/payments/{paymentId}/validate,validatePayment,holdback
56,273,camara,camara,POST,/pre-announce,createPreAnnouncement,holdback
57,291,camara,camara,POST,/profile/download,profileDownload,holdback
58,290,camara,camara,POST,/profile/downloaded-list,profileList,measure-part2
59,289,camara,camara,POST,/profile/oper,profileOperation,measure-part2
60,288,camara,camara,POST,/profile/result/query,profileResultQuery,measure-part1
61,230,camara,camara,POST,/qos-assignments,createQosAssignment,measure-part1
62,217,camara,camara,POST,/qos-bookings,createBooking,holdback
63,223,camara,camara,POST,/qos-bookings/retrieve,retrieveBookingByDevice,measure-part2
64,220,camara,camara,POST,/qos-bookings/{bookingId}/devices/assign,assignDevices,measure-part1
65,222,camara,camara,POST,/qos-bookings/{bookingId}/devices/release,releaseDevices,measure-part2
66,146,camara,camara,POST,/query,query,measure-part1
67,181,camara,camara,POST,/reboot-requests,createRebootRequest,measure-part1
68,268,camara,camara,POST,/registrations,createRegistration,measure-part1
69,36,camara,camara,POST,/retrieve,getConnectedNetworkType,measure-part1
70,94,camara,camara,POST,/retrieve,getConnectedNetworkType,measure-part2
71,84,camara,camara,POST,/retrieve,getReachabilityStatus,measure-part1
72,99,camara,camara,POST,/retrieve,getReachabilityStatus,measure-part1
73,89,camara,camara,POST,/retrieve,getRoamingStatus,measure-part1
74,104,camara,camara,POST,/retrieve,getRoamingStatus,measure-part1
75,16,camara,camara,POST,/retrieve,postServiceCapability,measure-part1
76,216,camara,camara,POST,/retrieve,retrieveConnectivity,holdback
77,67,camara,camara,POST,/retrieve,retrieveDataVolume,measure-part1
78,107,camara,camara,POST,/retrieve,retrieveDeviceVisitLocation,measure-part2
79,77,camara,camara,POST,/retrieve,retrieveLocation,measure-part2
80,215,camara,camara,POST,/retrieve,retrievePopulationDensity,measure-part1
81,42,camara,camara,POST,/retrieve,retrieveStatus,measure-part1
82,251,camara,camara,POST,/retrieve-age-band,retrieveSimSwapAgeBand,holdback
83,252,camara,camara,POST,/retrieve-closest-edge-cloud-zone,readClosestEdgeCloudZone,holdback
84,105,camara,camara,POST,/retrieve-date,retrieveDeviceSwapDate,measure-part2
85,249,camara,camara,POST,/retrieve-date,retrieveSimSwapDate,holdback
86,227,camara,camara,POST,/retrieve-device-qos-bookings,retrieveBookingByDevice,holdback
87,69,camara,camara,POST,/retrieve-identifier,retrieveIdentifier,measure-part1
88,79,camara,camara,POST,/retrieve-maximum-downstream-media-rate,retrieveMaximumDownstreamMediaRate,holdback
89,0,camara,camara,POST,/retrieve-optimal-app-endpoints,getOptimalAppEndpoints,holdback
90,214,camara,camara,POST,/retrieve-optimal-edge-cloud-zones,discoverOptimalEdge,measure-part2
91,71,camara,camara,POST,/retrieve-ppid,retrievePpid,measure-part2
92,233,camara,camara,POST,/retrieve-qos-assignment,getQosAssignmentByDevice,measure-part2
93,228,camara,camara,POST,/retrieve-qos-profiles,retrieveQosProfiles,measure-part2
94,54,camara,camara,POST,/retrieve-service-areas,retrieveNetworkServiceAreas,measure-part2
95,238,camara,camara,POST,/retrieve-sessions,retrieveSessionsByDevice,holdback
96,243,camara,camara,POST,/retrieve-sessions,retrieveSessionsByDevice,measure-part1
97,204,camara,camara,POST,/retrieve-slices,retrieveSlicesByDevice,holdback
98,136,camara,camara,POST,/retrieve-status,getEsimProfileStatus,holdback
99,260,camara,camara,POST,/retrieve-subscription-status,retrieveSubscriptionStatus,measure-part2
100,70,camara,camara,POST,/retrieve-type,retrieveType,holdback
101,46,camara,camara,POST,/scoring/retrieve,retrieveScoring,holdback
102,211,camara,camara,POST,/send-code,sendCode,measure-part2
103,284,camara,camara,POST,/sessions,createRegistration,holdback
104,234,camara,camara,POST,/sessions,createSession,measure-part1
105,240,camara,camara,POST,/sessions,createSession,holdback
106,274,camara,camara,POST,/sessions,createSession,measure-part1
107,237,camara,camara,POST,/sessions/{sessionId}/extend,extendQosSessionDuration,measure-part2
108,244,camara,camara,POST,/sessions/{sessionId}/metrics,sendSessionMetrics,holdback
109,135,camara,camara,POST,/set-fallback,setFallbackEsimProfile,measure-part1
110,205,camara,camara,POST,/slices,createSlice,measure-part2
111,201,camara,camara,POST,/slices/{sliceId}/devices,assignDevice,holdback
112,203,camara,camara,POST,/slices/{sliceId}/release,releaseDevice,measure-part2
113,253,camara,camara,POST,/sponsorship,startSponsorship,measure-part2
114,32,camara,camara,POST,/subscriptions,createConnectedNetworkTypeSubscription,holdback
115,90,camara,camara,POST,/subscriptions,createConnectedNetworkTypeSubscription,measure-part2
116,63,camara,camara,POST,/subscriptions,createDeviceDataVolumeSubscription,measure-part2
117,80,camara,camara,POST,/subscriptions,createDeviceReachabilityStatusSubscription,measure-part2
118,95,camara,camara,POST,/subscriptions,createDeviceReachabilityStatusSubscription,measure-part1
119,85,camara,camara,POST,/subscriptions,createDeviceRoamingStatusSubscription,measure-part2
120,100,camara,camara,POST,/subscriptions,createDeviceRoamingStatusSubscription,measure-part1
121,73,camara,camara,POST,/subscriptions,createGeofencingSubscription,holdback
122,278,camara,camara,POST,/subscriptions,createNotificationChannelSubscription,measure-part2
123,245,camara,camara,POST,/subscriptions,createSimSwapSubscription,measure-part2
124,37,camara,camara,POST,/subscriptions,createSubscription,measure-part2
125,140,camara,camara,POST,/subscriptions,subscribeFraudPrevention,measure-part2
126,264,camara,camara,POST,/traffic-influence-devices,postTrafficInfluenceDevice,holdback
127,263,camara,camara,POST,/traffic-influences,postTrafficInfluence,measure-part1
128,189,camara,camara,POST,/trust-domains,createTrustDomain,measure-part1
129,194,camara,camara,POST,/trust-domains/{trustDomainId}/devices,createTrustDomainDevice,measure-part1
130,145,camara,camara,POST,/unbind,unBindDeviceImei,measure-part1
131,14,camara,camara,POST,/unconditional-call-forwardings,retrieveUnconditionalCallForwarding,measure-part2
132,129,camara,camara,POST,/v1/devices/{deviceId}/actions/{actionId},performDeviceAction,holdback
133,212,camara,camara,POST,/validate-code,validateCode,holdback
134,209,camara,camara,POST,/verify,phoneNumberVerify,holdback
135,147,camara,camara,POST,/verify,verifyAge,holdback
136,150,camara,camara,POST,/verify,verifyAge,measure-part1
137,173,camara,camara,POST,/verify,verifyFrequentLocation,measure-part2
138,78,camara,camara,POST,/verify,verifyLocation,holdback
139,292,holdout1,twilio,POST,/2010-04-01/Accounts.json,CreateAccount,measure-part1
140,294,holdout1,twilio,POST,/2010-04-01/Accounts/{AccountSid}/Addresses.json,CreateAddress,holdback
141,295,holdout1,twilio,POST,/2010-04-01/Accounts/{AccountSid}/Addresses/{Sid}.json,UpdateAddress,measure-part1
142,297,holdout1,twilio,POST,/2010-04-01/Accounts/{AccountSid}/Applications.json,CreateApplication,measure-part2
143,298,holdout1,twilio,POST,/2010-04-01/Accounts/{AccountSid}/Applications/{Sid}.json,UpdateApplication,measure-part1
144,300,holdout1,twilio,POST,/2010-04-01/Accounts/{AccountSid}/Calls.json,CreateCall,measure-part2
145,335,holdout1,twilio,POST,/2010-04-01/Accounts/{AccountSid}/Calls/{CallSid}/Payments.json,CreatePayments,measure-part2
146,336,holdout1,twilio,POST,/2010-04-01/Accounts/{AccountSid}/Calls/{CallSid}/Payments/{Sid}.json,UpdatePayments,measure-part1
147,303,holdout1,twilio,POST,/2010-04-01/Accounts/{AccountSid}/Calls/{CallSid}/Recordings.json,CreateCallRecording,measure-part1
148,304,holdout1,twilio,POST,/2010-04-01/Accounts/{AccountSid}/Calls/{CallSid}/Recordings/{Sid}.json,UpdateCallRecording,measure-part1
149,374,holdout1,twilio,POST,/2010-04-01/Accounts/{AccountSid}/Calls/{CallSid}/Siprec.json,CreateSiprec,measure-part2
150,375,holdout1,twilio,POST,/2010-04-01/Accounts/{AccountSid}/Calls/{CallSid}/Siprec/{Sid}.json,UpdateSiprec,measure-part1
151,376,holdout1,twilio,POST,/2010-04-01/Accounts/{AccountSid}/Calls/{CallSid}/Streams.json,CreateStream,holdback
152,377,holdout1,twilio,POST,/2010-04-01/Accounts/{AccountSid}/Calls/{CallSid}/Streams/{Sid}.json,UpdateStream,measure-part2
153,340,holdout1,twilio,POST,/2010-04-01/Accounts/{AccountSid}/Calls/{CallSid}/Transcriptions.json,CreateRealtimeTranscription,measure-part2
154,341,holdout1,twilio,POST,/2010-04-01/Accounts/{AccountSid}/Calls/{CallSid}/Transcriptions/{Sid}.json,UpdateRealtimeTranscription,holdback
155,384,holdout1,twilio,POST,/2010-04-01/Accounts/{AccountSid}/Calls/{CallSid}/UserDefinedMessageSubscriptions.json,CreateUserDefinedMessageSubscription,measure-part1
156,383,holdout1,twilio,POST,/2010-04-01/Accounts/{AccountSid}/Calls/{CallSid}/UserDefinedMessages.json,CreateUserDefinedMessage,holdback
157,301,holdout1,twilio,POST,/2010-04-01/Accounts/{AccountSid}/Calls/{Sid}.json,UpdateCall,measure-part2
158,334,holdout1,twilio,POST,/2010-04-01/Accounts/{AccountSid}/Conferences/{ConferenceSid}/Participants.json,CreateParticipant,measure-part1
159,332,holdout1,twilio,POST,/2010-04-01/Accounts/{AccountSid}/Conferences/{ConferenceSid}/Participants/{CallSid}.json,UpdateParticipant,holdback
160,307,holdout1,twilio,POST,/2010-04-01/Accounts/{AccountSid}/Conferences/{ConferenceSid}/Recordings/{Sid}.json,UpdateConferenceRecording,measure-part1
161,306,holdout1,twilio,POST,/2010-04-01/Accounts/{AccountSid}/Conferences/{Sid}.json,UpdateConference,holdback
162,309,holdout1,twilio,POST,/2010-04-01/Accounts/{AccountSid}/ConnectApps/{Sid}.json,UpdateConnectApp,holdback
163,313,holdout1,twilio,POST,/2010-04-01/Accounts/{AccountSid}/IncomingPhoneNumbers.json,CreateIncomingPhoneNumber,holdback
164,316,holdout1,twilio,POST,/2010-04-01/Accounts/{AccountSid}/IncomingPhoneNumbers/Local.json,CreateIncomingPhoneNumberLocal,holdback
165,317,holdout1,twilio,POST,/2010-04-01/Accounts/{AccountSid}/IncomingPhoneNumbers/Mobile.json,CreateIncomingPhoneNumberMobile,measure-part2
166,318,holdout1,twilio,POST,/2010-04-01/Accounts/{AccountSid}/IncomingPhoneNumbers/TollFree.json,CreateIncomingPhoneNumberTollFree,measure-part2
167,315,holdout1,twilio,POST,/2010-04-01/Accounts/{AccountSid}/IncomingPhoneNumbers/{ResourceSid}/AssignedAddOns.json,CreateIncomingPhoneNumberAssignedAddOn,holdback
168,311,holdout1,twilio,POST,/2010-04-01/Accounts/{AccountSid}/IncomingPhoneNumbers/{Sid}.json,UpdateIncomingPhoneNumber,measure-part1
169,321,holdout1,twilio,POST,/2010-04-01/Accounts/{AccountSid}/Keys.json,CreateNewKey,measure-part1
170,319,holdout1,twilio,POST,/2010-04-01/Accounts/{AccountSid}/Keys/{Sid}.json,UpdateKey,measure-part2
171,324,holdout1,twilio,POST,/2010-04-01/Accounts/{AccountSid}/Messages.json,CreateMessage,measure-part1
172,327,holdout1,twilio,POST,/2010-04-01/Accounts/{AccountSid}/Messages/{MessageSid}/Feedback.json,CreateMessageFeedback,holdback
173,325,holdout1,twilio,POST,/2010-04-01/Accounts/{AccountSid}/Messages/{Sid}.json,UpdateMessage,measure-part2
174,331,holdout1,twilio,POST,/2010-04-01/Accounts/{AccountSid}/OutgoingCallerIds.json,CreateValidationRequest,holdback
175,329,holdout1,twilio,POST,/2010-04-01/Accounts/{AccountSid}/OutgoingCallerIds/{Sid}.json,UpdateOutgoingCallerId,measure-part2
176,339,holdout1,twilio,POST,/2010-04-01/Accounts/{AccountSid}/Queues.json,CreateQueue,measure-part1
177,323,holdout1,twilio,POST,/2010-04-01/Accounts/{AccountSid}/Queues/{QueueSid}/Members/{CallSid}.json,UpdateMember,measure-part2
178,337,holdout1,twilio,POST,/2010-04-01/Accounts/{AccountSid}/Queues/{Sid}.json,UpdateQueue,measure-part1
179,358,holdout1,twilio,POST,/2010-04-01/Accounts/{AccountSid}/SIP/CredentialLists.json,CreateSipCredentialList,measure-part2
180,355,holdout1,twilio,POST,/2010-04-01/Accounts/{AccountSid}/SIP/CredentialLists/{CredentialListSid}/Credentials.json,CreateSipCredential,measure-part1
181,356,holdout1,twilio,POST,/2010-04-01/Accounts/{AccountSid}/SIP/CredentialLists/{CredentialListSid}/Credentials/{Sid}.json,UpdateSipCredential,measure-part2
182,359,holdout1,twilio,POST,/2010-04-01/Accounts/{AccountSid}/SIP/CredentialLists/{Sid}.json,UpdateSipCredentialList,measure-part2
183,363,holdout1,twilio,POST,/2010-04-01/Accounts/{AccountSid}/SIP/Domains.json,CreateSipDomain,holdback
184,349,holdout1,twilio,POST,/2010-04-01/Accounts/{AccountSid}/SIP/Domains/{DomainSid}/Auth/Calls/CredentialListMappings.json,CreateSipAuthCallsCredentialListMapping,measure-part2
185,351,holdout1,twilio,POST,/2010-04-01/Accounts/{AccountSid}/SIP/Domains/{DomainSid}/Auth/Calls/IpAccessControlListMappings.json,CreateSipAuthCallsIpAccessControlListMapping,measure-part1
186,353,holdout1,twilio,POST,/2010-04-01/Accounts/{AccountSid}/SIP/Domains/{DomainSid}/Auth/Registrations/CredentialListMappings.json,CreateSipAuthRegistrationsCredentialListMapping,measure-part2
187,361,holdout1,twilio,POST,/2010-04-01/Accounts/{AccountSid}/SIP/Domains/{DomainSid}/CredentialListMappings.json,CreateSipCredentialListMapping,measure-part1
188,370,holdout1,twilio,POST,/2010-04-01/Accounts/{AccountSid}/SIP/Domains/{DomainSid}/IpAccessControlListMappings.json,CreateSipIpAccessControlListMapping,holdback
189,364,holdout1,twilio,POST,/2010-04-01/Accounts/{AccountSid}/SIP/Domains/{Sid}.json,UpdateSipDomain,measure-part2
190,366,holdout1,twilio,POST,/2010-04-01/Accounts/{AccountSid}/SIP/IpAccessControlLists.json,CreateSipIpAccessControlList,holdback
191,371,holdout1,twilio,POST,/2010-04-01/Accounts/{AccountSid}/SIP/IpAccessControlLists/{IpAccessControlListSid}/IpAddresses.json,CreateSipIpAddress,measure-part1
192,372,holdout1,twilio,POST,/2010-04-01/Accounts/{AccountSid}/SIP/IpAccessControlLists/{IpAccessControlListSid}/IpAddresses/{Sid}.json,UpdateSipIpAddress,holdback
193,367,holdout1,twilio,POST,/2010-04-01/Accounts/{AccountSid}/SIP/IpAccessControlLists/{Sid}.json,UpdateSipIpAccessControlList,holdback
194,346,holdout1,twilio,POST,/2010-04-01/Accounts/{AccountSid}/SMS/ShortCodes/{Sid}.json,UpdateShortCode,holdback
195,328,holdout1,twilio,POST,/2010-04-01/Accounts/{AccountSid}/SigningKeys.json,CreateNewSigningKey,holdback
196,347,holdout1,twilio,POST,/2010-04-01/Accounts/{AccountSid}/SigningKeys/{Sid}.json,UpdateSigningKey,holdback
197,378,holdout1,twilio,POST,/2010-04-01/Accounts/{AccountSid}/Tokens.json,CreateToken,measure-part1
198,382,holdout1,twilio,POST,/2010-04-01/Accounts/{AccountSid}/Usage/Triggers.json,CreateUsageTrigger,measure-part1
199,380,holdout1,twilio,POST,/2010-04-01/Accounts/{AccountSid}/Usage/Triggers/{Sid}.json,UpdateUsageTrigger,measure-part2
200,293,holdout1,twilio,POST,/2010-04-01/Accounts/{Sid}.json,UpdateAccount,holdback
201,691,holdout2,adyen,POST,/applePay/sessions,post-applePay-sessions,measure-part1
202,692,holdout2,adyen,POST,/cancels,post-cancels,measure-part1
203,693,holdout2,adyen,POST,/cardDetails,post-cardDetails,holdback
204,694,holdout2,adyen,POST,/donationCampaigns,post-donationCampaigns,measure-part1
205,695,holdout2,adyen,POST,/donations,post-donations,measure-part1
206,696,holdout2,adyen,POST,/forward,post-forward,measure-part1
207,697,holdout2,adyen,POST,/orders,post-orders,measure-part1
208,698,holdout2,adyen,POST,/orders/cancel,post-orders-cancel,measure-part2
209,699,holdout2,adyen,POST,/originKeys,post-originKeys,measure-part2
210,700,holdout2,adyen,POST,/paymentLinks,post-paymentLinks,holdback
211,703,holdout2,adyen,POST,/paymentMethods,post-paymentMethods,measure-part2
212,704,holdout2,adyen,POST,/paymentMethods/balance,post-paymentMethods-balance,measure-part2
213,705,holdout2,adyen,POST,/payments,post-payments,holdback
214,706,holdout2,adyen,POST,/payments/details,post-payments-details,measure-part1
215,707,holdout2,adyen,POST,/payments/{paymentPspReference}/amountUpdates,post-payments-paymentPspReference-amountUpdates,holdback
216,708,holdout2,adyen,POST,/payments/{paymentPspReference}/cancels,post-payments-paymentPspReference-cancels,measure-part2
217,709,holdout2,adyen,POST,/payments/{paymentPspReference}/captures,post-payments-paymentPspReference-captures,holdback
218,710,holdout2,adyen,POST,/payments/{paymentPspReference}/refunds,post-payments-paymentPspReference-refunds,measure-part1
219,711,holdout2,adyen,POST,/payments/{paymentPspReference}/reversals,post-payments-paymentPspReference-reversals,holdback
220,712,holdout2,adyen,POST,/paypal/updateOrder,post-paypal-updateOrder,holdback
221,713,holdout2,adyen,POST,/sessions,post-sessions,measure-part1
222,716,holdout2,adyen,POST,/storedPaymentMethods,post-storedPaymentMethods,holdback
223,718,holdout2,adyen,POST,/validateShopperId,post-validateShopperId,measure-part2
224,499,holdout2,box,POST,/ai/ask,post_ai_ask,measure-part1
225,500,holdout2,box,POST,/ai/text_gen,post_ai_text_gen,measure-part2
226,501,holdout2,box,POST,/ai_agents,post_ai_agents,holdback
227,503,holdout2,box,POST,/collaboration_whitelist_entries,post_collaboration_whitelist_entries,measure-part1
228,508,holdout2,box,POST,/comments,post_comments,measure-part1
229,515,holdout2,box,POST,/files/upload_sessions/{upload_session_id}/commit,post_files_upload_sessions_id_commit,holdback
230,520,holdout2,box,POST,/files/{file_id}/content,post_files_id_content,measure-part1
231,523,holdout2,box,POST,/files/{file_id}/metadata/global/boxSkillsCards,post_files_id_metadata_global_boxSkillsCards,measure-part1
232,527,holdout2,box,POST,/files/{file_id}/versions/current,post_files_id_versions_current,measure-part1
233,536,holdout2,box,POST,/folders/{folder_id}/metadata/enterprise/securityClassification-6VMVochwUWo,post_folders_id_metadata_enterprise_securityClassification-6VMVochwUWo,measure-part2
234,544,holdout2,box,POST,/integration_mappings/slack,post_integration_mappings_slack,holdback
235,549,holdout2,box,POST,/legal_hold_policy_assignments,post_legal_hold_policy_assignments,measure-part2
236,551,holdout2,box,POST,/metadata_cascade_policies,post_metadata_cascade_policies,holdback
237,552,holdout2,box,POST,/metadata_cascade_policies/{metadata_cascade_policy_id}/apply,post_metadata_cascade_policies_id_apply,measure-part2
238,555,holdout2,box,POST,/metadata_taxonomies/{namespace}/{taxonomy_key}/levels:append,post_metadata_taxonomies_id_id_levels:append,holdback
239,556,holdout2,box,POST,/metadata_taxonomies/{namespace}/{taxonomy_key}/nodes,post_metadata_taxonomies_id_id_nodes,measure-part2
240,562,holdout2,box,POST,/oauth2/token,post_oauth2_token,measure-part2
241,565,holdout2,box,POST,/retention_policy_assignments,post_retention_policy_assignments,holdback
242,571,holdout2,box,POST,/shield_information_barrier_segment_restrictions,post_shield_information_barrier_segment_restrictions,measure-part2
243,574,holdout2,box,POST,/shield_information_barriers,post_shield_information_barriers,measure-part2
244,576,holdout2,box,POST,/sign_requests/{sign_request_id}/cancel,post_sign_requests_id_cancel,holdback
245,580,holdout2,box,POST,/task_assignments,post_task_assignments,measure-part1
246,589,holdout2,box,POST,/users/{user_id}/email_aliases,post_users_id_email_aliases,measure-part2
247,596,holdout2,box,POST,/workflows/{workflow_id}/start,post_workflows_id_start,holdback
248,601,holdout2,pagerduty,POST,/analytics/metrics/incidents/services,getAnalyticsMetricsIncidentsService,measure-part1
249,602,holdout2,pagerduty,POST,/analytics/metrics/responders/all,getAnalyticsMetricsRespondersAll,holdback
250,604,holdout2,pagerduty,POST,/automation_actions/actions,createAutomationAction,measure-part2
251,606,holdout2,pagerduty,POST,/automation_actions/actions/{id}/teams,createAutomationActionTeamAssociation,measure-part1
252,609,holdout2,pagerduty,POST,/business_services,createBusinessService,holdback
253,611,holdout2,pagerduty,POST,/business_services/{id}/account_subscription,createBusinessServiceAccountSubscription,measure-part2
254,613,holdout2,pagerduty,POST,/enrichment/event_enrichments,createEventEnrichment,measure-part1
255,621,holdout2,pagerduty,POST,/event_orchestrations,postOrchestration,measure-part2
256,627,holdout2,pagerduty,POST,/event_orchestrations/{id}/integrations/migration,migrateOrchestrationIntegration,measure-part2
257,630,holdout2,pagerduty,POST,/extensions/{id}/enable,enableExtension,measure-part1
258,632,holdout2,pagerduty,POST,/incident_workflows/triggers/{id}/services,associateServiceToIncidentWorkflowTrigger,measure-part2
259,633,holdout2,pagerduty,POST,/incident_workflows/{id}/instances,createIncidentWorkflowInstance,holdback
260,634,holdout2,pagerduty,POST,/incidents/custom_fields,createCustomFieldsField,holdback
261,635,holdout2,pagerduty,POST,/incidents/custom_fields/{field_id}/field_options,createCustomFieldsFieldOption,measure-part1
262,641,holdout2,pagerduty,POST,/incidents/{id}/notes,createIncidentNote,holdback
263,643,holdout2,pagerduty,POST,/incidents/{id}/status_updates,createIncidentStatusUpdate,measure-part1
264,644,holdout2,pagerduty,POST,/ip_allow_lists,createIpAllowList,measure-part2
265,649,holdout2,pagerduty,POST,/recommendations/event_orchestrations/services/{service_id}/rules/{recommendation_id}/dismiss,dismissRecommendedRule,measure-part2
266,664,holdout2,pagerduty,POST,/status_pages/{id}/posts,createStatusPagePost,holdback
267,665,holdout2,pagerduty,POST,/status_pages/{id}/posts/{post_id}/post_updates,createStatusPagePostUpdate,holdback
268,725,holdout3,discord,POST,/applications/{application_id}/entitlements,create_entitlement,measure-part2
269,726,holdout3,discord,POST,/applications/{application_id}/entitlements/{entitlement_id}/consume,consume_entitlement,holdback
270,731,holdout3,discord,POST,/channels/{channel_id}/followers,follow_channel,measure-part1
271,735,holdout3,discord,POST,/channels/{channel_id}/messages/{message_id}/crosspost,crosspost_message,measure-part2
272,743,holdout3,discord,POST,/channels/{channel_id}/threads,create_thread,measure-part2
273,751,holdout3,discord,POST,/guilds/{guild_id}/bulk-ban,bulk_ban_users_from_guild,measure-part1
274,752,holdout3,discord,POST,/guilds/{guild_id}/channels,create_guild_channel,measure-part2
275,768,holdout3,discord,POST,/guilds/{guild_id}/soundboard-sounds,create_guild_soundboard_sound,measure-part1
276,777,holdout3,discord,POST,/interactions/{interaction_id}/{interaction_token}/callback,create_interaction_response,holdback
277,779,holdout3,discord,POST,/lobbies,create_lobby,holdback
278,786,holdout3,discord,POST,/partner-sdk/provisional-accounts/unmerge/bot,bot_partner_sdk_unmerge_provisional_account,measure-part1
279,788,holdout3,discord,POST,/stage-instances,create_stage_instance,measure-part1
280,797,holdout3,discord,POST,/webhooks/{webhook_id}/{webhook_token}/github,execute_github_compatible_webhook,holdback
281,806,holdout3,sentry,POST,/api/0/organizations/{organization_id_or_slug}/discover/saved/,createOrganizationDiscoverSavedQuery,measure-part1
282,810,holdout3,sentry,POST,/api/0/organizations/{organization_id_or_slug}/forwarding/,createOrganizationForwarding,measure-part1
283,815,holdout3,sentry,POST,/api/0/organizations/{organization_id_or_slug}/issues/{issue_id}/autofix/,startOrganizationIssueAutofix,holdback
284,819,holdout3,sentry,POST,/api/0/organizations/{organization_id_or_slug}/members/,addOrganizationMember,measure-part2
285,830,holdout3,sentry,POST,/api/0/organizations/{organization_id_or_slug}/releases/,createOrganizationRelease,holdback
286,833,holdout3,sentry,POST,/api/0/organizations/{organization_id_or_slug}/releases/{version}/files/,uploadOrganizationReleaseFile,holdback
287,843,holdout3,sentry,POST,/api/0/organizations/{organization_id_or_slug}/teams/,createOrganizationTeam,measure-part1
288,860,holdout3,sentry,POST,/api/0/projects/{organization_id_or_slug}/{project_id_or_slug}/preprod/snapshots/status-checks/skip/,createProjectPreprodSnapshotSkippedStatusCheck,holdback
289,864,holdout3,sentry,POST,/api/0/projects/{organization_id_or_slug}/{project_id_or_slug}/replays/jobs/delete/,createProjectReplayDeletionJob,measure-part1
290,870,holdout3,sentry,POST,/api/0/projects/{organization_id_or_slug}/{project_id_or_slug}/user-feedback/,Submit User Feedback,measure-part1
291,871,holdout3,sentry,POST,/api/0/sentry-app-installations/{uuid}/external-issues/,Create or update an External Issue,measure-part2
292,877,holdout3,vercel,POST,/speed-insights/toggle,createSpeedInsightsToggle,measure-part1
293,878,holdout3,vercel,POST,/v1/access-groups/{accessGroupIdOrName}/projects,createAccessGroupProject,measure-part1
294,879,holdout3,vercel,POST,/v1/access-groups/{idOrName},updateAccessGroup,holdback
295,880,holdout3,vercel,POST,/v1/ai-gateway/rules,createAiGatewayRule,measure-part1
296,883,holdout3,vercel,POST,/v1/bulk-redirects/versions,updateVersion,measure-part1
297,888,holdout3,vercel,POST,/v1/edge-cache/dangerously-delete-by-src-images,dangerouslyDeleteBySrcImages,measure-part1
298,890,holdout3,vercel,POST,/v1/global-config,createEdgeConfig,measure-part2
299,891,holdout3,vercel,POST,/v1/global-config/{edgeConfigId}/backups/{edgeConfigBackupVersionId}/restore,restoreEdgeConfigBackup,measure-part2
300,892,holdout3,vercel,POST,/v1/global-config/{edgeConfigId}/schema,patchEdgeConfigSchema,holdback
301,894,holdout3,vercel,POST,/v1/installations/{integrationConfigurationId}/billing/invoices/{invoiceId}/actions,update-invoice,holdback
302,910,holdout3,vercel,POST,/v1/projects/{projectId}/rollback/{deploymentId},requestRollback,holdback
303,911,holdout3,vercel,POST,/v1/projects/{projectId}/routes/generate,generateRoute,measure-part2
304,916,holdout3,vercel,POST,/v1/security/firewall/bypass,addBypassIp,measure-part2
305,918,holdout3,vercel,POST,/v1/teams/{teamId}/dsync-roles,postTeamDsyncRoles,holdback
306,923,holdout3,vercel,POST,/v10/projects/{idOrName}/domains,addProjectDomain,measure-part2
307,924,holdout3,vercel,POST,/v13/deployments,createDeployment,holdback
308,928,holdout3,vercel,POST,/v2/projects/{projectIdOrName}/checks,createProjectCheck,holdback
309,931,holdout3,vercel,POST,/v2/sandboxes/sessions/{sessionId}/extend-timeout,extendSessionTimeout,measure-part1
310,932,holdout3,vercel,POST,/v2/sandboxes/sessions/{sessionId}/stop,stopSession,measure-part2
311,934,holdout3,vercel,POST,/v2/teams/{teamId}/members,inviteUserToTeam,measure-part2
312,937,holdout3,vercel,POST,/v3/sandboxes/{name}/fork,createSandboxesByNameForkV3,measure-part2
313,938,holdout3,vercel,POST,/v4/sandboxes,createSandboxesV4,measure-part1
314,940,holdout3,vercel,POST,/v8/artifacts,artifactQuery,measure-part1
315,941,holdout3,vercel,POST,/v8/certs,issueCert,holdback
316,1022,holdout4,cloudflare,POST,/accounts/{account_id}/access/identity_providers,access-identity-providers-add-an-access-identity-provider,measure-part1
317,1027,holdout4,cloudflare,POST,/accounts/{account_id}/alerting/v3/destinations/webhooks,notification-webhooks-create-a-webhook,measure-part1
318,1028,holdout4,cloudflare,POST,/accounts/{account_id}/autorag/rags/{id}/search,autorag-config-search,measure-part2
319,1031,holdout4,cloudflare,POST,/accounts/{account_id}/challenges/widgets,accounts-turnstile-widget-create,measure-part2
320,1033,holdout4,cloudflare,POST,/accounts/{account_id}/cloudforce-one/events/{event_id},post_EventUpdate,measure-part1
321,1039,holdout4,cloudflare,POST,/accounts/{account_id}/devices/unrevoke,devices-unrevoke-devices,holdback
322,1041,holdout4,cloudflare,POST,/accounts/{account_id}/dlp/patterns/validate,dlp-pattern-validate,measure-part1
323,1044,holdout4,cloudflare,POST,/accounts/{account_id}/email/sending/send_raw,email-sending-account-send-raw-message,holdback
324,1048,holdout4,cloudflare,POST,/accounts/{account_id}/intel/sinkholes,sinkhole-config-create-sinkhole,measure-part2
325,1054,holdout4,cloudflare,POST,/accounts/{account_id}/oauth_clients,oauth-clients-create,measure-part1
326,1055,holdout4,cloudflare,POST,/accounts/{account_id}/pay-per-crawl/publisher/stripe,pay-per-crawl.publisherCreateStripeConfig,measure-part1
327,1065,holdout4,cloudflare,POST,/accounts/{account_id}/vectorize/v2/indexes/{index_name}/metadata_index/create,vectorize-create-metadata-index,holdback
328,1078,holdout4,cloudflare,POST,/zones/{zone_id}/acm/custom_trust_store,custom-origin-trust-store-create,holdback
329,947,holdout4,linode,POST,/{apiVersion}/account/child-accounts/{euuId}/token,post-child-account-token,measure-part1
330,948,holdout4,linode,POST,/{apiVersion}/account/entity-transfers/{token}/accept,post-accept-entity-transfer,measure-part1
331,950,holdout4,linode,POST,/{apiVersion}/account/oauth-clients,post-client,measure-part2
332,958,holdout4,linode,POST,/{apiVersion}/databases/mysql/instances/{instanceId}/resume,resume-databases-mysql-instance,holdback
333,960,holdout4,linode,POST,/{apiVersion}/databases/postgresql/instances/{instanceId}/resume,resume-databases-postgre-sql-instance,measure-part2
334,961,holdout4,linode,POST,/{apiVersion}/domains,post-domain,measure-part2
335,968,holdout4,linode,POST,/{apiVersion}/linode/instances,post-linode-instance,measure-part1
336,969,holdout4,linode,POST,/{apiVersion}/linode/instances/{linodeId}/backups/cancel,post-cancel-backups,measure-part2
337,971,holdout4,linode,POST,/{apiVersion}/linode/instances/{linodeId}/configs/{configId}/interfaces,post-linode-config-interface,measure-part1
338,972,holdout4,linode,POST,/{apiVersion}/linode/instances/{linodeId}/disks,post-add-linode-disk,holdback
339,973,holdout4,linode,POST,/{apiVersion}/linode/instances/{linodeId}/disks/{diskId}/resize,post-resize-disk,measure-part2
340,976,holdout4,linode,POST,/{apiVersion}/linode/instances/{linodeId}/migrate,post-migrate-linode-instance,holdback
341,977,holdout4,linode,POST,/{apiVersion}/linode/instances/{linodeId}/rescue,post-rescue-linode-instance,measure-part2
342,979,holdout4,linode,POST,/{apiVersion}/linode/stackscripts,post-add-stack-script,measure-part1
343,985,holdout4,linode,POST,/{apiVersion}/longview/clients,post-longview-client,holdback
344,992,holdout4,linode,POST,/{apiVersion}/monitor/services/{serviceType}/alert-definitions,post-alert-definition-for-service-type,holdback
345,993,holdout4,linode,POST,/{apiVersion}/monitor/services/{serviceType}/metrics,post-read-metric,holdback
346,998,holdout4,linode,POST,/{apiVersion}/networking/ipv6/ranges,post-ipv6-range,holdback
347,999,holdout4,linode,POST,/{apiVersion}/nodebalancers,post-node-balancer,measure-part1
348,1000,holdout4,linode,POST,/{apiVersion}/nodebalancers/{nodeBalancerId}/configs,post-node-balancer-config,holdback
349,1005,holdout4,linode,POST,/{apiVersion}/object-storage/cancel,post-cancel-object-storage,measure-part1
350,1013,holdout4,linode,POST,/{apiVersion}/profile/tokens,post-personal-access-token,measure-part2
351,1015,holdout4,linode,POST,/{apiVersion}/support/tickets/{ticketId}/close,post-close-ticket,measure-part2
352,1018,holdout4,linode,POST,/{apiVersion}/vpcs,post-vpc,measure-part2
353,1100,holdout4,x,POST,/2/broadcasts/scheduled/{id}/live,goLiveScheduledBroadcast,measure-part2
354,1101,holdout4,x,POST,/2/broadcasts/{id}/chat,sendBroadcastChat,holdback
355,1103,holdout4,x,POST,/2/chat/conversations/group/initialize,initializeChatGroup,measure-part1
356,1104,holdout4,x,POST,/2/chat/conversations/{id}/keys,addConversationKeys,measure-part2
357,1105,holdout4,x,POST,/2/chat/conversations/{id}/messages/delete,deleteChatMessages,measure-part2
358,1106,holdout4,x,POST,/2/chat/media/upload/initialize,chatMediaUploadInitialize,measure-part1
359,1119,holdout4,x,POST,/2/media/metadata,createMediaMetadata,measure-part1
360,1121,holdout4,x,POST,/2/media/upload/{id}/append,appendMediaUpload,holdback
361,1123,holdout4,x,POST,/2/notes/evaluate,evaluateCommunityNotes,holdback
362,1133,holdout4,x,POST,/2/tweets/search/stream/rules,updateRules,holdback
363,1142,holdout4,x,POST,/2/users/{id}/bookmarks,createUsersBookmark,holdback
364,1144,holdout4,x,POST,/2/users/{id}/dm/unblock,unblockUsersDms,measure-part1
365,1146,holdout4,x,POST,/2/users/{id}/following,followUser,measure-part1
366,1153,holdout4,x,POST,/2/webhooks,createWebhooks,measure-part2
367,1353,holdout5,amazon,POST,/aplus/2020-11-01/contentAsinValidations,validateContentDocumentAsinRelations,measure-part2
368,1357,holdout5,amazon,POST,/appIntegrations/2024-04-01/notifications/{notificationId}/feedback,recordActionFeedback,holdback
369,1358,holdout5,amazon,POST,/awd/2024-05-09/inboundOrders,createInbound,holdback
370,1359,holdout5,amazon,POST,/awd/2024-05-09/inboundOrders/{orderId}/cancellation,cancelInbound,measure-part1
371,1362,holdout5,amazon,POST,/awd/2024-05-09/outboundOrders,createOutbound,measure-part1
372,1363,holdout5,amazon,POST,/awd/2024-05-09/outboundOrders/{orderId}/confirmation,confirmOutbound,measure-part2
373,1365,holdout5,amazon,POST,/batches/products/pricing/2022-05-01/offer/featuredOfferExpectedPrice,getFeaturedOfferExpectedPriceBatch,holdback
374,1371,holdout5,amazon,POST,/dataKiosk/2023-11-15/queries,createQuery,holdback
375,1374,holdout5,amazon,POST,/easyShip/2022-03-23/package,createScheduledPackage,measure-part1
376,1377,holdout5,amazon,POST,/externalFulfillment/2024-09-11/shipments/{shipmentId}/invoice,generateInvoice,holdback
377,1379,holdout5,amazon,POST,/externalFulfillment/inventory/2024-09-11/inventories,batchInventory,measure-part2
378,1382,holdout5,amazon,POST,/fba/inventory/v1/items/inventory,addInventory,measure-part2
379,1383,holdout5,amazon,POST,/fba/outbound/2020-07-01/deliveryOffers,deliveryOffers,holdback
380,1385,holdout5,amazon,POST,/fba/outbound/2020-07-01/fulfillmentOrders/preview,getFulfillmentPreview,measure-part1
381,1388,holdout5,amazon,POST,/fba/outbound/brazil/v0/shipments/{shipmentId}/invoice,submitInvoice,measure-part2
382,1393,holdout5,amazon,POST,/finances/transfers/2024-06-01/payouts,initiatePayout,holdback
383,1395,holdout5,amazon,POST,/finances/transfers/wallet/2024-03-01/transactions,createTransaction,measure-part1
384,1399,holdout5,amazon,POST,/fulfillment/outbound/2026-07-04/offers,getOffers,measure-part1
385,1405,holdout5,amazon,POST,/inbound/fba/2024-03-20/inboundPlans/{inboundPlanId}/packingInformation,setPackingInformation,measure-part1
386,1406,holdout5,amazon,POST,/inbound/fba/2024-03-20/inboundPlans/{inboundPlanId}/packingOptions/{packingOptionId}/confirmation,confirmPackingOption,measure-part1
387,1407,holdout5,amazon,POST,/inbound/fba/2024-03-20/inboundPlans/{inboundPlanId}/placementOptions,generatePlacementOptions,measure-part1
388,1413,holdout5,amazon,POST,/inbound/fba/2024-03-20/inboundPlans/{inboundPlanId}/shipments/{shipmentId}/selfShipAppointmentSlots/{slotId}/schedule,scheduleSelfShipAppointment,measure-part1
389,1421,holdout5,amazon,POST,/messaging/v1/orders/{amazonOrderId}/messages/confirmDeliveryDetails,createConfirmDeliveryDetails,holdback
390,1422,holdout5,amazon,POST,/messaging/v1/orders/{amazonOrderId}/messages/digitalAccessKey,createDigitalAccessKey,measure-part1
391,1423,holdout5,amazon,POST,/messaging/v1/orders/{amazonOrderId}/messages/unexpectedProblem,createUnexpectedProblem,holdback
392,1424,holdout5,amazon,POST,/mfn/v0/eligibleShippingServices,getEligibleShipmentServices,measure-part2
393,1432,holdout5,amazon,POST,/orders/v0/orders/{orderId}/shipment,updateShipmentStatus,measure-part1
394,1433,holdout5,amazon,POST,/products/fees/v0/items/{Asin}/feesEstimate,getMyFeesEstimateForASIN,holdback
395,1436,holdout5,amazon,POST,/replenishment/2022-11-07/offers/metrics/search,listOfferMetrics,measure-part2
396,1439,holdout5,amazon,POST,/reports/2021-06-30/schedules,createReportSchedule,measure-part2
397,1444,holdout5,amazon,POST,/service/v1/serviceJobs/{serviceJobId}/appointments/{appointmentId},rescheduleAppointmentForServiceJobByServiceJobId,measure-part1
398,1446,holdout5,amazon,POST,/service/v1/serviceResources/{resourceId}/capacity/range,getRangeSlotCapacity,measure-part2
399,1447,holdout5,amazon,POST,/shipping/v1/purchaseShipment,purchaseShipment,measure-part2
400,1449,holdout5,amazon,POST,/shipping/v1/shipments/{shipmentId}/purchaseLabels,purchaseLabels,holdback
401,1452,holdout5,amazon,POST,/shipping/v2/collectionForms,generateCollectionForm,measure-part2
402,1453,holdout5,amazon,POST,/shipping/v2/ndrFeedback,submitNdrFeedback,measure-part1
403,1460,holdout5,amazon,POST,/tax/invoices/2024-06-19/exports,createInvoicesExport,holdback
404,1461,holdout5,amazon,POST,/tax/invoices/2024-06-19/governmentInvoiceRequests,createGovernmentInvoice,measure-part1
405,1463,holdout5,amazon,POST,/uploads/2020-11-01/uploadDestinations/{resource},createUploadDestinationForResource,measure-part1
406,1466,holdout5,amazon,POST,/vendor/directFulfillment/sandbox/2021-10-28/orders,generateOrderScenarios,holdback
407,1470,holdout5,amazon,POST,/vendor/directFulfillment/shipping/2021-12-28/shippingLabels/{purchaseOrderNumber},createShippingLabels,measure-part1
408,1472,holdout5,amazon,POST,/vendor/directFulfillment/shipping/v1/shipmentStatusUpdates,submitShipmentStatusUpdates,holdback
409,1474,holdout5,amazon,POST,/vendor/orders/v1/acknowledgements,submitAcknowledgement,measure-part2
410,1335,holdout5,notion,POST,/v1/comments,create-a-comment,measure-part2
411,1336,holdout5,notion,POST,/v1/data_sources,create-a-data-source,measure-part1
412,1339,holdout5,notion,POST,/v1/data_sources/{data_source_id}/query,query-data-source,holdback
413,1342,holdout5,notion,POST,/v1/pages,post-page,holdback
414,1347,holdout5,notion,POST,/v1/pages/{page_id}/move,move-page,measure-part2
415,1349,holdout5,notion,POST,/v1/search,post-search,measure-part2
416,1155,holdout5,slack,POST,/admin.apps.approve,admin_apps_approve,holdback
417,1158,holdout5,slack,POST,/admin.apps.restrict,admin_apps_restrict,measure-part1
418,1160,holdout5,slack,POST,/admin.conversations.archive,admin_conversations_archive,holdback
419,1161,holdout5,slack,POST,/admin.conversations.convertToPrivate,admin_conversations_convertToPrivate,holdback
420,1162,holdout5,slack,POST,/admin.conversations.create,admin_conversations_create,measure-part2
421,1163,holdout5,slack,POST,/admin.conversations.delete,admin_conversations_delete,holdback
422,1164,holdout5,slack,POST,/admin.conversations.disconnectShared,admin_conversations_disconnectShared,measure-part1
423,1168,holdout5,slack,POST,/admin.conversations.invite,admin_conversations_invite,holdback
424,1169,holdout5,slack,POST,/admin.conversations.rename,admin_conversations_rename,measure-part2
425,1170,holdout5,slack,POST,/admin.conversations.restrictAccess.addGroup,admin_conversations_restrictAccess_addGroup,measure-part2
426,1172,holdout5,slack,POST,/admin.conversations.restrictAccess.removeGroup,admin_conversations_restrictAccess_removeGroup,holdback
427,1174,holdout5,slack,POST,/admin.conversations.setConversationPrefs,admin_conversations_setConversationPrefs,holdback
428,1175,holdout5,slack,POST,/admin.conversations.setTeams,admin_conversations_setTeams,measure-part2
429,1176,holdout5,slack,POST,/admin.conversations.unarchive,admin_conversations_unarchive,measure-part1
430,1177,holdout5,slack,POST,/admin.emoji.add,admin_emoji_add,measure-part2
431,1178,holdout5,slack,POST,/admin.emoji.addAlias,admin_emoji_addAlias,holdback
432,1180,holdout5,slack,POST,/admin.emoji.remove,admin_emoji_remove,holdback
433,1181,holdout5,slack,POST,/admin.emoji.rename,admin_emoji_rename,measure-part2
434,1182,holdout5,slack,POST,/admin.inviteRequests.approve,admin_inviteRequests_approve,holdback
435,1185,holdout5,slack,POST,/admin.inviteRequests.deny,admin_inviteRequests_deny,holdback
436,1188,holdout5,slack,POST,/admin.teams.create,admin_teams_create,holdback
437,1192,holdout5,slack,POST,/admin.teams.settings.setDefaultChannels,admin_teams_settings_setDefaultChannels,holdback
438,1193,holdout5,slack,POST,/admin.teams.settings.setDescription,admin_teams_settings_setDescription,measure-part1
439,1194,holdout5,slack,POST,/admin.teams.settings.setDiscoverability,admin_teams_settings_setDiscoverability,measure-part2
440,1195,holdout5,slack,POST,/admin.teams.settings.setIcon,admin_teams_settings_setIcon,measure-part1
441,1196,holdout5,slack,POST,/admin.teams.settings.setName,admin_teams_settings_setName,holdback
442,1197,holdout5,slack,POST,/admin.usergroups.addChannels,admin_usergroups_addChannels,measure-part1
443,1198,holdout5,slack,POST,/admin.usergroups.addTeams,admin_usergroups_addTeams,measure-part1
444,1200,holdout5,slack,POST,/admin.usergroups.removeChannels,admin_usergroups_removeChannels,measure-part1
445,1201,holdout5,slack,POST,/admin.users.assign,admin_users_assign,measure-part1
446,1202,holdout5,slack,POST,/admin.users.invite,admin_users_invite,measure-part2
447,1204,holdout5,slack,POST,/admin.users.remove,admin_users_remove,measure-part1
448,1205,holdout5,slack,POST,/admin.users.session.invalidate,admin_users_session_invalidate,measure-part2
449,1206,holdout5,slack,POST,/admin.users.session.reset,admin_users_session_reset,measure-part2
450,1207,holdout5,slack,POST,/admin.users.setAdmin,admin_users_setAdmin,holdback
451,1208,holdout5,slack,POST,/admin.users.setExpiration,admin_users_setExpiration,measure-part2
452,1209,holdout5,slack,POST,/admin.users.setOwner,admin_users_setOwner,measure-part2
453,1210,holdout5,slack,POST,/admin.users.setRegular,admin_users_setRegular,measure-part1
454,1223,holdout5,slack,POST,/calls.add,calls_add,holdback
455,1224,holdout5,slack,POST,/calls.end,calls_end,measure-part1
456,1226,holdout5,slack,POST,/calls.participants.add,calls_participants_add,measure-part1
457,1227,holdout5,slack,POST,/calls.participants.remove,calls_participants_remove,measure-part2
458,1228,holdout5,slack,POST,/calls.update,calls_update,measure-part2
459,1229,holdout5,slack,POST,/chat.delete,chat_delete,measure-part1
460,1230,holdout5,slack,POST,/chat.deleteScheduledMessage,chat_deleteScheduledMessage,holdback
461,1232,holdout5,slack,POST,/chat.meMessage,chat_meMessage,measure-part1
462,1233,holdout5,slack,POST,/chat.postEphemeral,chat_postEphemeral,measure-part2
463,1234,holdout5,slack,POST,/chat.postMessage,chat_postMessage,holdback
464,1235,holdout5,slack,POST,/chat.scheduleMessage,chat_scheduleMessage,holdback
465,1237,holdout5,slack,POST,/chat.unfurl,chat_unfurl,measure-part1
466,1238,holdout5,slack,POST,/chat.update,chat_update,measure-part1
467,1239,holdout5,slack,POST,/conversations.archive,conversations_archive,measure-part2
468,1240,holdout5,slack,POST,/conversations.close,conversations_close,measure-part1
469,1241,holdout5,slack,POST,/conversations.create,conversations_create,measure-part1
470,1244,holdout5,slack,POST,/conversations.invite,conversations_invite,measure-part1
471,1245,holdout5,slack,POST,/conversations.join,conversations_join,measure-part1
472,1246,holdout5,slack,POST,/conversations.kick,conversations_kick,measure-part2
473,1247,holdout5,slack,POST,/conversations.leave,conversations_leave,measure-part2
474,1249,holdout5,slack,POST,/conversations.mark,conversations_mark,measure-part1
475,1251,holdout5,slack,POST,/conversations.open,conversations_open,measure-part2
476,1252,holdout5,slack,POST,/conversations.rename,conversations_rename,measure-part2
477,1254,holdout5,slack,POST,/conversations.setPurpose,conversations_setPurpose,measure-part1
478,1255,holdout5,slack,POST,/conversations.setTopic,conversations_setTopic,measure-part2
479,1256,holdout5,slack,POST,/conversations.unarchive,conversations_unarchive,holdback
480,1258,holdout5,slack,POST,/dnd.endDnd,dnd_endDnd,holdback
481,1259,holdout5,slack,POST,/dnd.endSnooze,dnd_endSnooze,measure-part1
482,1261,holdout5,slack,POST,/dnd.setSnooze,dnd_setSnooze,measure-part2
483,1264,holdout5,slack,POST,/files.comments.delete,files_comments_delete,holdback
484,1265,holdout5,slack,POST,/files.delete,files_delete,holdback
485,1268,holdout5,slack,POST,/files.remote.add,files_remote_add,measure-part2
486,1271,holdout5,slack,POST,/files.remote.remove,files_remote_remove,holdback
487,1273,holdout5,slack,POST,/files.remote.update,files_remote_update,measure-part1
488,1274,holdout5,slack,POST,/files.revokePublicURL,files_revokePublicURL,measure-part1
489,1275,holdout5,slack,POST,/files.sharedPublicURL,files_sharedPublicURL,holdback
490,1276,holdout5,slack,POST,/files.upload,files_upload,measure-part2
491,1281,holdout5,slack,POST,/pins.add,pins_add,measure-part2
492,1283,holdout5,slack,POST,/pins.remove,pins_remove,measure-part2
493,1284,holdout5,slack,POST,/reactions.add,reactions_add,holdback
494,1287,holdout5,slack,POST,/reactions.remove,reactions_remove,holdback
495,1288,holdout5,slack,POST,/reminders.add,reminders_add,holdback
496,1289,holdout5,slack,POST,/reminders.complete,reminders_complete,measure-part2
497,1290,holdout5,slack,POST,/reminders.delete,reminders_delete,measure-part1
498,1295,holdout5,slack,POST,/stars.add,stars_add,measure-part1
499,1297,holdout5,slack,POST,/stars.remove,stars_remove,measure-part2
500,1303,holdout5,slack,POST,/usergroups.create,usergroups_create,measure-part1
501,1304,holdout5,slack,POST,/usergroups.disable,usergroups_disable,measure-part2
502,1305,holdout5,slack,POST,/usergroups.enable,usergroups_enable,measure-part2
503,1307,holdout5,slack,POST,/usergroups.update,usergroups_update,measure-part1
504,1309,holdout5,slack,POST,/usergroups.users.update,usergroups_users_update,holdback
505,1311,holdout5,slack,POST,/users.deletePhoto,users_deletePhoto,holdback
506,1318,holdout5,slack,POST,/users.profile.set,users_profile_set,holdback
507,1319,holdout5,slack,POST,/users.setActive,users_setActive,measure-part2
508,1320,holdout5,slack,POST,/users.setPhoto,users_setPhoto,measure-part2
509,1321,holdout5,slack,POST,/users.setPresence,users_setPresence,measure-part1
