row_id,provider,api_key,method,path,operationId
1,1password.local,1password.local:connect,PUT,/vaults/{vaultUuid}/items/{itemUuid},UpdateVaultItem
2,6-dot-authentiqio.appspot.com,6-dot-authentiqio.appspot.com,DELETE,/key/{PK},key_revoke
3,ably.net,ably.net:control,PATCH,/apps/{app_id}/rules/{rule_id},
4,adafruit.com,adafruit.com,DELETE,/{username}/dashboards/{dashboard_id}/blocks/{id},destroyBlock
5,adafruit.com,adafruit.com,DELETE,/{username}/dashboards/{id},destroyDashboard
6,adafruit.com,adafruit.com,DELETE,/{username}/groups/{group_key},destroyGroup
7,adafruit.com,adafruit.com,PUT,/{username}/{type}/{type_id}/acl/{id},replacePermission
8,agco-ats.com,agco-ats.com,DELETE,/api/v2/agents/{agentID},Agents_DeleteAgent
9,agco-ats.com,agco-ats.com,DELETE,/api/v2/AuthorizationCategories/{id}/Users/{userID},AuthorizationCategories_RemoveUser
10,agco-ats.com,agco-ats.com,DELETE,/api/v2/PackageTypetoBundles,PackageTypetoBundles_Delete
11,agco-ats.com,agco-ats.com,PUT,/api/v2/activities/{activityID},Activities_PutActivity
12,agco-ats.com,agco-ats.com,PUT,/api/v2/ContentDefinitionAttributes/{contentDefinitionAttributeID},ContentDefinitions_PutContentDefinitionAttributeAsync
13,agco-ats.com,agco-ats.com,PUT,/api/v2/Roles/{id}/Permissions,Roles_PutRolePermissions
14,agco-ats.com,agco-ats.com,PUT,/api/v2/steps/{stepID},Steps_PutStep
15,agco-ats.com,agco-ats.com,PUT,/api/v2/StringTranslations/Batch,StringTranslations_UpdateTranslations
16,akeneo.com,akeneo.com,DELETE,/api/rest/v1/product-models/{code},delete_product_models__code_
17,akeneo.com,akeneo.com,PATCH,/api/rest/v1/asset-families/{asset_family_code}/attributes/{code},patch_asset_family_attributes__code_
18,akeneo.com,akeneo.com,PATCH,/api/rest/v1/assets/{code},patch_pam_assets__code_
19,akeneo.com,akeneo.com,PATCH,/api/rest/v1/measurement-families,patch_measurement_families
20,akeneo.com,akeneo.com,PATCH,/api/rest/v1/product-models,patch_product_models
21,akeneo.com,akeneo.com,PATCH,/api/rest/v1/reference-entities/{reference_entity_code}/records,patch_reference_entity_records
22,akeneo.com,akeneo.com,PATCH,/api/rest/v1/reference-entities/{reference_entity_code}/records/{code},patch_reference_entity_records__code_
23,alertersystem.com,alertersystem.com,DELETE,/api/transport-gateway-api/{id},api_transport-gateway-api_id_delete
24,alertersystem.com,alertersystem.com,DELETE,/api/transport-one-signal/{id},api_transport-one-signal_id_delete
25,alertersystem.com,alertersystem.com,DELETE,/api/transport-sinch/{id},api_transport-sinch_id_delete
26,alertersystem.com,alertersystem.com,DELETE,/api/transport-trello/{id},api_transport-trello_id_delete
27,alertersystem.com,alertersystem.com,PUT,/api/transport-mastodon/{id},api_transport-mastodon_id_put
28,alertersystem.com,alertersystem.com,PUT,/api/transport-pushbullet/{id},api_transport-pushbullet_id_put
29,alertersystem.com,alertersystem.com,PUT,/api/transport-slack/{id},api_transport-slack_id_put
30,alertersystem.com,alertersystem.com,PUT,/api/transport-telegram/{id},api_transport-telegram_id_put
31,anchore.io,anchore.io,DELETE,/events/{eventId},delete_event
32,anchore.io,anchore.io,DELETE,/images/by_id/{imageId},delete_image_by_imageId
33,apache.org,apache.org:airflow,DELETE,/connections/{connection_id},delete_connection
34,apache.org,apache.org:airflow,DELETE,/variables/{variable_key},delete_variable
35,apache.org,apache.org,PATCH,/dags,patch_dags
36,apache.org,apache.org,PATCH,/dags/{dag_id}/dagRuns/{dag_run_id},update_dag_run_state
37,apache.org,apache.org:airflow,PATCH,/dags/{dag_id}/dagRuns/{dag_run_id}/taskInstances/{task_id}/{map_index}/setNote,set_mapped_task_instance_note
38,apache.org,apache.org,PATCH,/pools/{pool_name},patch_pool
39,apacta.com,apacta.com,DELETE,/materials/{material_id}/rentals/{material_rental_id}/,
40,apacta.com,apacta.com,DELETE,/products/bulkDelete,bulkDeleteProducts
41,apacta.com,apacta.com,DELETE,/project_statuses/{project_status_id},
42,apacta.com,apacta.com,DELETE,/stock_locations/{location_id},
43,apacta.com,apacta.com,DELETE,/vendors/{vendor_id},
44,apacta.com,apacta.com,PUT,/companies_vendors/{companies_vendor_id},editCompaniesVendor
45,apacta.com,apacta.com,PUT,/users/{user_id}/user_custom_field_value/{user_custom_field_value_id},
46,apacta.com,apacta.com,PUT,/vendors/{vendor_id},editVendor
47,api.ebay.com,api.ebay.com:sell-account,DELETE,/payment_policy/{payment_policy_id},deletePaymentPolicy
48,api.ebay.com,api.ebay.com:sell-account,DELETE,/return_policy/{return_policy_id},deleteReturnPolicy
49,api.ebay.com,api.ebay.com:sell-account,PUT,/payment_policy/{payment_policy_id},updatePaymentPolicy
50,api.ebay.com,api.ebay.com:sell-account,PUT,/sales_tax/{countryCode}/{jurisdictionId},createOrReplaceSalesTax
51,api.video,api.video,DELETE,/videos/{videoId}/chapters/{language},DELETE_videos-videoId-chapters-language
52,api2cart.com,api2cart.com,DELETE,/cart.coupon.delete.json,CartCouponDelete
53,api2cart.com,api2cart.com,DELETE,/product.delete.json,ProductDelete
54,api2cart.com,api2cart.com,DELETE,/product.variant.delete.json,ProductVariantDelete
55,api2cart.com,api2cart.com,DELETE,/product.variant.image.delete.json,ProductVariantImageDelete
56,api2cart.com,api2cart.com,PUT,/cart.config.update.json,CartConfigUpdate
57,api2cart.com,api2cart.com,PUT,/category.update.json,CategoryUpdate
58,api2cart.com,api2cart.com,PUT,/order.update.json,OrderUpdate
59,apicurio.local,apicurio.local:registry,PUT,/admin/roleMappings/{principalId},updateRoleMapping
60,apideck.com,apideck.com:accounting,DELETE,/accounting/bills/{id},billsDelete
61,apideck.com,apideck.com:accounting,DELETE,/accounting/invoice-items/{id},invoiceItemsDelete
62,apideck.com,apideck.com:lead,DELETE,/lead/leads/{id},leadsDelete
63,apideck.com,apideck.com:pos,DELETE,/pos/locations/{id},locationsDelete
64,apideck.com,apideck.com:pos,DELETE,/pos/modifiers/{id},modifiersDelete
65,apideck.com,apideck.com:pos,PATCH,/pos/orders/{id},ordersUpdate
66,apideck.com,apideck.com:sms,PATCH,/sms/messages/{id},messagesUpdate
67,apideck.com,apideck.com:vault,PATCH,/vault/connections/{unified_api}/{service_id}/{resource}/config,connectionSettingsUpdate
68,apigee.local,apigee.local:registry,DELETE,/v1/projects/{project}/locations/{location}/apis/{api}/deployments/{deployment},Registry_DeleteApiDeployment
69,appcenter.ms,appcenter.ms,DELETE,/v0.1/apps/{owner_name}/{app_name}/azure_subscriptions/{azure_subscription_id},azureSubscription_deleteForApp
70,appcenter.ms,appcenter.ms,DELETE,/v0.1/apps/{owner_name}/{app_name}/distribution_groups/{distribution_group_name},distributionGroups_delete
71,appcenter.ms,appcenter.ms,DELETE,/v0.1/apps/{owner_name}/{app_name}/invitations/{user_email},appInvitations_delete
72,appcenter.ms,appcenter.ms,DELETE,/v0.1/apps/{owner_name}/{app_name}/user/device_sets/{id},test_deleteDeviceSetOfUser
73,appcenter.ms,appcenter.ms,DELETE,/v0.1/orgs/{org_name}/users/{user_name},users_removeFromOrg
74,appcenter.ms,appcenter.ms,PATCH,/v0.1/apps/{owner_name}/{app_name}/deployments/{deployment_name}/releases/{release_label},deploymentReleases_update
75,appcenter.ms,appcenter.ms,PATCH,/v0.1/apps/{owner_name}/{app_name}/test_series/{test_series_slug},test_patchTestSeries
76,appcenter.ms,appcenter.ms,PUT,/v0.1/apps/{owner_name}/{app_name}/owner/device_sets/{id},test_updateDeviceSetOfOwner
77,apple.com,apple.com:app-store-connect,DELETE,/v1/appPreOrders/{id},appPreOrders-delete_instance
78,apple.com,apple.com:app-store-connect,DELETE,/v1/appPreviews/{id},appPreviews-delete_instance
79,apple.com,apple.com:app-store-connect,DELETE,/v1/apps/{id}/relationships/betaTesters,apps-betaTesters-delete_to_many_relationship
80,apple.com,apple.com:app-store-connect,DELETE,/v1/appStoreVersionLocalizations/{id},appStoreVersionLocalizations-delete_instance
81,apple.com,apple.com:app-store-connect,DELETE,/v1/betaTesters/{id}/relationships/betaGroups,betaTesters-betaGroups-delete_to_many_relationship
82,apple.com,apple.com:app-store-connect,DELETE,/v1/endUserLicenseAgreements/{id},endUserLicenseAgreements-delete_instance
83,apple.com,apple.com:app-store-connect,PATCH,/v1/appStoreVersionLocalizations/{id},appStoreVersionLocalizations-update_instance
84,apple.com,apple.com:app-store-connect,PATCH,/v1/users/{id},users-update_instance
85,appveyor.com,appveyor.com,DELETE,/collaborators/{userId},deleteCollaborator
86,appveyor.com,appveyor.com,PUT,/deployments/stop,cancelDeployment
87,appveyor.com,appveyor.com,PUT,/projects,updateProject
88,appveyor.com,appveyor.com,PUT,/projects/{accountName}/{projectSlug}/settings/yaml,updateProjectSettingsYaml
89,appveyor.com,appveyor.com,PUT,/users,updateUser
90,appwrite.io,appwrite.io:server,DELETE,/account,accountDelete
91,appwrite.io,appwrite.io:client,DELETE,/account/sessions,accountDeleteSessions
92,appwrite.io,appwrite.io:client,DELETE,/teams/{teamId}/memberships/{membershipId},teamsDeleteMembership
93,appwrite.io,appwrite.io:server,DELETE,/users/{userId},usersDelete
94,appwrite.io,appwrite.io:client,PATCH,/account/prefs,accountUpdatePrefs
95,appwrite.io,appwrite.io:server,PUT,/account/verification,accountUpdateVerification
96,appwrite.io,appwrite.io:server,PUT,/functions/{functionId},functionsUpdate
97,appwrite.io,appwrite.io:client,PUT,/storage/files/{fileId},storageUpdateFile
98,asana.com,asana.com,DELETE,/project_briefs/{project_brief_gid},deleteProjectBrief
99,asana.com,asana.com,DELETE,/project_statuses/{project_status_gid},deleteProjectStatus
100,asana.com,asana.com,DELETE,/stories/{story_gid},deleteStory
101,asana.com,asana.com,PUT,/enum_options/{enum_option_gid},updateEnumOption
102,asana.com,asana.com,PUT,/projects/{project_gid},updateProject
103,atlassian.com,atlassian.com:jira,DELETE,/rest/atlassian-connect/1/app/module/dynamic,DynamicModulesResource.removeModules_delete
104,atlassian.com,atlassian.com:jira,PUT,/rest/api/3/dashboard/{dashboardId}/items/{itemId}/properties/{propertyKey},setDashboardItemProperty
105,atlassian.com,atlassian.com:jira,PUT,/rest/api/3/filter/{id}/favourite,setFavouriteForFilter
106,atlassian.com,atlassian.com:jira,PUT,/rest/api/3/filter/{id}/owner,changeFilterOwner
107,atlassian.com,atlassian.com:jira,PUT,/rest/api/3/projectCategory/{id},updateProjectCategory
108,atlassian.com,atlassian.com:jira,PUT,/rest/api/3/resolution/{id},updateResolution
109,atlassian.com,atlassian.com:jira,PUT,/rest/api/3/role/{id},fullyUpdateProjectRole
110,atlassian.com,atlassian.com:jira,PUT,/rest/api/3/uiModifications/{uiModificationId},updateUiModification
111,ato.gov.au,ato.gov.au,DELETE,/individuals/{partyId}/electronic-addresses/{addressId},
112,ato.gov.au,ato.gov.au,DELETE,/individuals/{partyId}/licenses/{productId},
113,ato.gov.au,ato.gov.au,PUT,/individuals/{partyId}/licenses/{productId},
114,ato.gov.au,ato.gov.au,PUT,/organisations/{partyId},
115,autotask.net,autotask.net,PATCH,/V1.0/ChecklistLibraries/{parentId}/ChecklistItems,ChecklistLibraryChecklistItemsChild_PatchEntity
116,autotask.net,autotask.net,PATCH,/V1.0/CompanyWebhooks/{parentId}/UdfFields,CompanyWebhookUdfFieldsChild_PatchEntity
117,autotask.net,autotask.net,PATCH,/V1.0/ConfigurationItems/{parentId}/Notes,ConfigurationItemNotesChild_PatchEntity
118,autotask.net,autotask.net,PATCH,/V1.0/Contracts/{parentId}/BillingRules,ContractBillingRulesChild_PatchEntity
119,autotask.net,autotask.net,PATCH,/V1.0/Products/{parentId}/Vendors,ProductVendorsChild_PatchEntity
120,autotask.net,autotask.net,PATCH,/V1.0/Tickets/{parentId}/Charges,TicketChargesChild_PatchEntity
121,autotask.net,autotask.net,PATCH,/V1.0/UserDefinedFieldDefinitions,UserDefinedFieldDefinitions_PatchEntity
122,autotask.net,autotask.net,PUT,/V1.0/Resources/{parentId}/ServiceDeskRoles,ResourceServiceDeskRolesChild_UpdateEntity
123,avaza.com,avaza.com,DELETE,/api/Section,Section_Delete
124,avaza.com,avaza.com,DELETE,/api/Timesheet/{id},Timesheet_Delete
125,avaza.com,avaza.com,PUT,/api/ProjectMember,ProjectMember_Put
126,avaza.com,avaza.com,PUT,/api/Timesheet,Timesheet_Put
127,azure.com,azure.com:labservices-ML,DELETE,/subscriptions/{subscriptionId}/resourceGroups/{resourceGroupName}/providers/Microsoft.LabServices/labaccounts/{labAccountName}/labs/{labName}/environmentsettings/{environmentSettingName},EnvironmentSettings_Delete
128,azure.com,azure.com:web-service,DELETE,/subscriptions/{subscriptionId}/resourceGroups/{resourceGroupName}/providers/Microsoft.Web/serverfarms/{name},ServerFarms_DeleteServerFarm
129,azure.com,azure.com:cognitiveservices-ContentModerator,PUT,/contentmoderator/lists/v1.0/termlists/{listId},ListManagementTermLists_Update
130,azure.com,azure.com:servicefabric,PUT,/Resources/Volumes/{volumeResourceName},MeshVolume_CreateOrUpdate
131,azure.com,azure.com:batchai-BatchAI,PUT,/subscriptions/{subscriptionId}/resourceGroups/{resourceGroupName}/providers/Microsoft.BatchAI/workspaces/{workspaceName}/clusters/{clusterName},Clusters_Create
132,azure.com,azure.com:redis,PUT,/subscriptions/{subscriptionId}/resourceGroups/{resourceGroupName}/providers/Microsoft.Cache/Redis/{name}/patchSchedules/{default},PatchSchedules_CreateOrUpdate
133,azure.com,azure.com:databoxedge,PUT,/subscriptions/{subscriptionId}/resourceGroups/{resourceGroupName}/providers/Microsoft.DataBoxEdge/dataBoxEdgeDevices/{deviceName}/users/{name},Users_CreateOrUpdate
134,azure.com,azure.com:web-service,PUT,/subscriptions/{subscriptionId}/resourceGroups/{resourceGroupName}/providers/Microsoft.Web/sites/{name}/config/connectionstrings,Sites_UpdateSiteConnectionStrings
135,bbc.co.uk,bbc.co.uk,DELETE,/my/categories/follows,
136,bbc.co.uk,bbc.co.uk,DELETE,/my/music/preferences/export,deleteMusicPreferencesExport
137,bbc.co.uk,bbc.co.uk,DELETE,/my/music/preferences/export/{vendor},deleteMusicPreferencesExportVendor
138,bbc.co.uk,bbc.co.uk,PUT,/my/music/favourites,putPersonalisedMusicFavouritesBatch
139,bbc.co.uk,bbc.co.uk,PUT,/my/music/preferences/export/{vendor},putMusicPreferencesExportVendor
140,bbc.co.uk,bbc.co.uk,PUT,/my/radio/follows,putPersonalisedRadioFollowsBatch
141,beezup.com,beezup.com,DELETE,/v2/user/analytics/{storeId}/reports/filters/{reportFilterId},DeleteReportFilter
142,beezup.com,beezup.com,DELETE,/v2/user/analytics/{storeId}/rules/{ruleId},DeleteRule
143,beezup.com,beezup.com,PUT,/v2/user/catalogs/{storeId}/customColumns/{columnId}/expression,Catalog_ChangeCustomColumnExpression
144,beezup.com,beezup.com,PUT,/v2/user/customer/account/personalInfo,SavePersonalInfo
145,biapi.pro,biapi.pro,DELETE,/users/{id_user}/connections/{id_connection}/accounts,
146,biapi.pro,biapi.pro,DELETE,/users/{id_user}/connections/{id_connection}/accounts/{id_account},
147,biapi.pro,biapi.pro,DELETE,/users/{id_user}/connections/{id_connection}/accounts/{id_account}/transactionsclusters/{id_transactionscluster},
148,biapi.pro,biapi.pro,DELETE,/users/{id_user}/connections/{id_connection}/sources/{id_source},
149,biapi.pro,biapi.pro,DELETE,/users/{id_user}/connections/{id_connection}/transactionsclusters/{id_transactionscluster},
150,biapi.pro,biapi.pro,DELETE,/webhooks/{id_webhook}/add_to_data/{key},
151,biapi.pro,biapi.pro,PUT,/connectors/{id_connector},
152,biapi.pro,biapi.pro,PUT,/connectors/{id_connector}/sources/{id_source},
153,bigoven.com,bigoven.com,PUT,/me/profile,
154,bigoven.com,bigoven.com,PUT,/recipe/review/replies/{replyId},Review_PutReply
155,bigredcloud.com,bigredcloud.com,DELETE,/v1/cashPayments/{id},CashPayments_Delete
156,bigredcloud.com,bigredcloud.com,PUT,/v1/payments/batch,Payments_ProcessBatch
157,bigredcloud.com,bigredcloud.com,PUT,/v1/products/{id},Products_Put
158,bigredcloud.com,bigredcloud.com,PUT,/v1/products/batch,Products_ProcessBatch
159,bigredcloud.com,bigredcloud.com,PUT,/v1/salesEntries/batch,SalesEntries_ProcessBatch
160,bigredcloud.com,bigredcloud.com,PUT,/v1/salesReps/{id},SalesRep_Put
161,billbee.io,billbee.io,DELETE,/api/v1/products/{id},Article_DeleteArticle
162,billbee.io,billbee.io,DELETE,/api/v1/products/images/{imageId},Article_DeleteImage
163,billbee.io,billbee.io,PUT,/api/v1/products/{productId}/images,Article_PutImages
164,billbee.io,billbee.io,PUT,/api/v1/products/{productId}/images/{imageId},Article_PutImage
165,billbee.io,billbee.io,PUT,/api/v1/webhooks/{id},WebHookManagement_Put
166,billingo.hu,billingo.hu,PUT,/bank-accounts/{id},UpdateBankAccount
167,billingo.hu,billingo.hu,PUT,/partners/{id},UpdatePartner
168,billingo.hu,billingo.hu,PUT,/products/{id},UpdateProduct
169,bitbucket.org,bitbucket.org,DELETE,/repositories/{workspace}/{repo_slug}/deployments_config/environments/{environment_uuid}/variables/{variable_uuid},deleteDeploymentVariable
170,bitbucket.org,bitbucket.org,DELETE,/snippets/{workspace}/{encoded_id},
171,bitbucket.org,bitbucket.org,DELETE,/snippets/{workspace}/{encoded_id}/{node_id},
172,bitbucket.org,bitbucket.org,DELETE,/users/{selected_user}/properties/{app_key}/{property_name},deleteUserHostedPropertyValue
173,bitbucket.org,bitbucket.org,DELETE,/workspaces/{workspace}/hooks/{uid},
174,bitbucket.org,bitbucket.org,DELETE,/workspaces/{workspace}/projects/{project_key}/default-reviewers/{selected_user},
175,bitbucket.org,bitbucket.org,PUT,/repositories/{workspace}/{repo_slug}/commit/{commit}/properties/{app_key}/{property_name},updateCommitHostedPropertyValue
176,bitbucket.org,bitbucket.org,PUT,/workspaces/{workspace}/projects/{project_key},
177,blazemeter.com,blazemeter.com,PATCH,/user/password,
178,brainbi.net,brainbi.net,DELETE,/api/orders/1137,orders1
179,brainbi.net,brainbi.net,DELETE,/api/products/1137,products1
180,brandlovers.com,brandlovers.com,PUT,/product/{skuSellerId}/status,
181,brandlovers.com,brandlovers.com,PUT,/products/stocks,
182,britbox.co.uk,britbox.co.uk,PUT,/account/devices/{id}/name,renameDevice
183,britbox.co.uk,britbox.co.uk,PUT,/account/profile/ratings/{itemId},rateItem
184,britbox.co.uk,britbox.co.uk,PUT,/itv/cards/{platform},changeCardDetails
185,britbox.co.uk,britbox.co.uk,PUT,/itv/updatePayment/strong/{platform},updatePaymentMethodStrong
186,bunq.com,bunq.com,DELETE,/user/{userID}/monetary-account/{monetary-accountID}/bunqme-fundraiser-result/{bunqme-fundraiser-resultID}/note-text/{itemId},DELETE_NoteText_for_User_MonetaryAccount_BunqmeFundraiserResult
187,bunq.com,bunq.com,DELETE,/user/{userID}/monetary-account/{monetary-accountID}/request-inquiry/{request-inquiryID}/note-attachment/{itemId},DELETE_NoteAttachment_for_User_MonetaryAccount_RequestInquiry
188,bunq.com,bunq.com,DELETE,/user/{userID}/monetary-account/{monetary-accountID}/schedule-payment-batch/{schedule-payment-batchID}/note-text/{itemId},DELETE_NoteText_for_User_MonetaryAccount_SchedulePaymentBatch
189,bunq.com,bunq.com,DELETE,/user/{userID}/monetary-account/{monetary-accountID}/schedule-payment/{schedule-paymentID}/note-text/{itemId},DELETE_NoteText_for_User_MonetaryAccount_SchedulePayment
190,bunq.com,bunq.com,PUT,/user/{userID}/monetary-account/{monetary-accountID}/bunqme-tab/{itemId},UPDATE_BunqmeTab_for_User_MonetaryAccount
191,bunq.com,bunq.com,PUT,/user/{userID}/monetary-account/{monetary-accountID}/payment/{paymentID}/note-attachment/{itemId},UPDATE_NoteAttachment_for_User_MonetaryAccount_Payment
192,bunq.com,bunq.com,PUT,/user/{userID}/monetary-account/{monetary-accountID}/share-invite-monetary-account-inquiry/{itemId},UPDATE_ShareInviteMonetaryAccountInquiry_for_User_MonetaryAccount
193,bunq.com,bunq.com,PUT,/user/{userID}/share-invite-monetary-account-response/{itemId},UPDATE_ShareInviteMonetaryAccountResponse_for_User
194,callfire.com,callfire.com,PUT,/campaigns/batches/{id},updateCampaignBatch
195,callfire.com,callfire.com,PUT,/numbers/leases/configs/{number},updateNumberLeaseConfig
196,callfire.com,callfire.com,PUT,/webhooks/{id},updateWebhook
197,cambase.io,cambase.io,PATCH,/api/v1/recorders/{id}.json,
198,cdcgov.local,cdcgov.local:prime-data-hub,PUT,/settings/organizations/{organizationName},
199,cenit.io,cenit.io,DELETE,/setup/flow/{id},
200,cenit.io,cenit.io,DELETE,/setup/namespace/{id},
201,circleci.com,circleci.com,DELETE,/project/{username}/{project}/checkout-key/{fingerprint},
202,circuitsandbox.net,circuitsandbox.net,DELETE,/conversations/group/{convId}/participants,removeParticipantGroup
203,circuitsandbox.net,circuitsandbox.net,DELETE,/spaces/item/{itemId},deleteSpaceItem
204,circuitsandbox.net,circuitsandbox.net,DELETE,/webhooks/incoming/{webhookId},deleteIncomingWebhook
205,circuitsandbox.net,circuitsandbox.net,PUT,/spaces/{spaceId}/topic/{topicId}/reply/{replyId},updateSpaceReply
206,circuitsandbox.net,circuitsandbox.net,PUT,/spaces/{spaceId}/welcomebox/{content},v2UpdateWelcomeBoxContent
207,clarify.io,clarify.io,DELETE,/v1/bundles/{bundle_id}/metadata,
208,clarify.io,clarify.io,DELETE,/v1/bundles/{bundle_id}/tracks,
209,clearblade.com,clearblade.com,DELETE,/admin/collectionmanagement,DevDeleteCollection
210,clearblade.com,clearblade.com,DELETE,/admin/devices/{systemKey},DeleteDevicesAdmin
211,clearblade.com,clearblade.com,DELETE,/admin/v/4/session/{systemKey}/user,DeleteUserSession
212,clearblade.com,clearblade.com,DELETE,/api/v/4/data/{systemKey}/{collectionName}/uniqueindex,DeleteUniqueIndex
213,clearblade.com,clearblade.com,DELETE,/codeadmin/v/2/{systemKey}/{serviceName},DeleteService
214,clearblade.com,clearblade.com,PUT,/admin/devices/{systemKey}/{name},UpdateSystemDevice
215,clearblade.com,clearblade.com,PUT,/api/v/2/devices/{systemKey}/{name},UpdateDeviceInfo
216,clearblade.com,clearblade.com,PUT,/api/v/4/{SystemKey}/adapters/{AdapterName}/control,AddEdgeCommand
217,clever-cloud.com,clever-cloud.com,DELETE,/logs/{appId}/drains/:idOrUrl,
218,clever-cloud.com,clever-cloud.com,DELETE,/v4/networkgroups/organisations/{ownerId}/networkgroups/{networkGroupId}/peers/{peerId},deleteNetworkGroupPeer
219,clever-cloud.com,clever-cloud.com,PUT,/organisations/{id}/applications/{appId}/branch,
220,clever-cloud.com,clever-cloud.com,PUT,/organisations/{id}/applications/{appId}/vhosts/favourite,putOrganisationsIdApplicationsAppIdVhostsFavourite
221,clever-cloud.com,clever-cloud.com,PUT,/organisations/{id}/avatar,putOrganisationsIdAvatar
222,clever-cloud.com,clever-cloud.com,PUT,/self/addons/{addonId},putSelfAddonsAddonId
223,clever-cloud.com,clever-cloud.com,PUT,/self/payments/billings/{bid},putSelfPaymentsBillingsBid
224,clever-cloud.com,clever-cloud.com,PUT,/vendor/apps/{addonId},putVendorAppsAddonId
225,clickmeter.com,clickmeter.com,PUT,/conversions/{conversionId}/datapoints/patch,Conversions_Patch
226,clicksend.com,clicksend.com,DELETE,/sms/email-sms-stripped-strings/{rule_id},Delete Stripped String
227,clicksend.com,clicksend.com,PUT,/automations/email/receipt/{rule_id},
228,clicksend.com,clicksend.com,PUT,/email/address-verify/{email_address_id}/send,Send Verification Token
229,clicksend.com,clicksend.com,PUT,/forgot-password/verify,Verify Forgot Password
230,clicksend.com,clicksend.com,PUT,/lists/{from_list_id}/contacts/{contact_id}/{to_list_id},Transfer a Contact
231,clicksend.com,clicksend.com,PUT,/mms/receipts-read,Mark Receipts As Read
232,clicksend.com,clicksend.com,PUT,/sms-campaigns/{sms_campaign_id},Update an SMS Campaign
233,clicksend.com,clicksend.com,PUT,/sms/email-sms-stripped-strings/{rule_id},Update Stripped String
234,climate.com,climate.com,PUT,/v4/uploads/{uploadId},chunkedUpload
235,climatekuul.com,climatekuul.com,PATCH,/airtravelCoordinates/confirmPayment,confirmPayment4
236,climatekuul.com,climatekuul.com,PATCH,/airtravelMultileg/confirmPlanting,confirmsPlanting3
237,climatekuul.com,climatekuul.com,PATCH,/ecommerceDelivery/confirmPlanting,confirmsPlanting2
238,climatekuul.com,climatekuul.com,PATCH,/ecommerceDelivery/confirmTransaction,confirmPaymentOfTransaction1
239,cloud-elements.com,cloud-elements.com:ecwid,PATCH,/{objectName}/{objectId}/{childObjectName}/{childObjectId},updateObjectNameByChildObjectId
240,codat.io,codat.io:accounting,DELETE,/companies/{companyId}/connections/{connectionId}/push/bills/{billId},delete-bill
241,codat.io,codat.io:accounting,DELETE,/companies/{companyId}/connections/{connectionId}/push/invoices/{invoiceId},delete-invoice
242,codat.io,codat.io:accounting,PUT,/companies/{companyId}/connections/{connectionId}/push/bankAccounts/{bankAccountId},update-bank-account
243,codat.io,codat.io:accounting,PUT,/companies/{companyId}/connections/{connectionId}/push/billCreditNotes/{billCreditNoteId},update-bill-credit-note
244,combell.com,combell.com,DELETE,/mysqldatabases/{databaseName},DeleteDatabase
245,combell.com,combell.com,PUT,/domains/{domainName}/nameservers,EditNameServers
246,combell.com,combell.com,PUT,/linuxhostings/{domainName}/settings/gzipcompression,ChangeGzipCompression
247,configcat.com,configcat.com,DELETE,/v1/configs/{configId},delete-config
248,configcat.com,configcat.com,DELETE,/v1/environments/{environmentId},delete-environment
249,configcat.com,configcat.com,DELETE,/v1/tags/{tagId},delete-tag
250,conjur.local,conjur.local,PATCH,/{authenticator}/{account},enableAuthenticator
251,conjur.local,conjur.local,PATCH,/policies/{account}/policy/{identifier},updatePolicy
252,contentgroove.com,contentgroove.com,PUT,/api/v1/medias/{id},
253,contract-p.fit,contract-p.fit,DELETE,/documents/{document_id},delete_document_delete_resource
254,contract-p.fit,contract-p.fit,DELETE,/integrations/{integration_id},delete_integration_resource
255,contract-p.fit,contract-p.fit,DELETE,/roles/{role_id},delete_role_resource
256,contract-p.fit,contract-p.fit,DELETE,/threshold_settings/{scope},delete_setting_threshold_resource
257,contract-p.fit,contract-p.fit,PATCH,/data_retention_settings/{level}/{id},patch_data_retention_resource
258,contract-p.fit,contract-p.fit,PATCH,/documents/{inbox_id}/move_inbox,patch_document_move_resource
259,contract-p.fit,contract-p.fit,PATCH,/sampling_settings/{scope},patch_setting_sampling_resource
260,cpy.re,cpy.re:peertube,DELETE,/api/v1/server/blocklist/servers/{host},
261,cpy.re,cpy.re:peertube,DELETE,/api/v1/server/redundancy/videos/{redundancyId},delMirroredVideo
262,cpy.re,cpy.re:peertube,DELETE,/api/v1/video-channels/{channelHandle}/avatar,
263,cpy.re,cpy.re:peertube,PUT,/api/v1/users/{id},putUser
264,cpy.re,cpy.re:peertube,PUT,/api/v1/users/me,putUserInfo
265,crucible.local,crucible.local,DELETE,/rest-service/reviews-v1/{id}/comments/{cId}/replies/{rId},removeReply
266,crucible.local,crucible.local,DELETE,/rest-service/reviews-v1/{id}/patch/{patchId},removePatch
267,crucible.local,crucible.local,DELETE,/rest-service/reviews-v1/{id}/reviewitems/{riId}/revisions,removeReviewItemRevisions
268,daniweb.com,daniweb.com,DELETE,/groups/{ID}/memberships,
269,daniweb.com,daniweb.com,DELETE,/positions/{ID},
270,daniweb.com,daniweb.com,DELETE,/webhooks/{ID},
271,data2crm.com,data2crm.com,DELETE,/application/entity/{entity_id}/bulk,deleteEntityItemCollectionBulk
272,data2crm.com,data2crm.com,DELETE,/application/entity/call/{call_id},deleteCallEntity
273,data2crm.com,data2crm.com,DELETE,/application/entity/email/bulk,deleteEmailCollectionBulk
274,data2crm.com,data2crm.com,DELETE,/application/entity/note/bulk,deleteNoteCollectionBulk
275,data2crm.com,data2crm.com,DELETE,/application/field/{field_id}/{field_item_id},deleteFieldItemEntity
276,data2crm.com,data2crm.com,PUT,/application/entity/contact/{contact_id},updateContactEntity
277,data2crm.com,data2crm.com,PUT,/application/entity/note/{note_id},updateNoteEntity
278,data2crm.com,data2crm.com,PUT,/application/entity/tag/{tag_id},updateTagEntity
279,dev.to,dev.to,PUT,/api/display_ads/{id}/unpublish,
280,digitallinguistics.io,digitallinguistics.io,PATCH,/languages/{languageID}/lexemes/{lexemeID},updateLexemeByLanguage
281,digitalocean.com,digitalocean.com,DELETE,/v2/databases/{database_cluster_uuid}/dbs/{database_name},databases_delete
282,digitalocean.com,digitalocean.com,DELETE,/v2/databases/{database_cluster_uuid}/users/{username},databases_delete_user
283,digitalocean.com,digitalocean.com,DELETE,/v2/kubernetes/registry,kubernetes_remove_registry
284,digitalocean.com,digitalocean.com,DELETE,/v2/load_balancers/{lb_id}/droplets,loadBalancers_remove_droplets
285,digitalocean.com,digitalocean.com,DELETE,/v2/registry/{registry_name}/{repository_name}/digests/{manifest_digest},registry_delete_repositoryManifest
286,digitalocean.com,digitalocean.com,DELETE,/v2/uptime/checks/{check_id},uptime_check_delete
287,digitalocean.com,digitalocean.com,DELETE,/v2/vpcs/{vpc_id},vpcs_delete
288,digitalocean.com,digitalocean.com,PUT,/v2/domains/{domain_name}/records/{domain_record_id},domains_update_record
289,discourse.local,discourse.local,DELETE,/posts/{id}.json,deletePost
290,discourse.local,discourse.local,PUT,/admin/badges/{id}.json,updateBadge
291,discourse.local,discourse.local,PUT,/admin/users/{id}/anonymize.json,anonymizeUser
292,discourse.local,discourse.local,PUT,/t/{id}/status.json,updateTopicStatus
293,docker.com,docker.com:engine,DELETE,/configs/{id},ConfigDelete
294,docker.com,docker.com:engine,DELETE,/volumes/{name},VolumeDelete
295,docker.com,docker.com:engine,PUT,/containers/{id}/archive,PutContainerArchive
296,docusign.net,docusign.net,DELETE,/v2.1/accounts/{accountId}/envelopes/{envelopeId}/documents/{documentId}/fields,DocumentFields_DeleteDocumentFields
297,docusign.net,docusign.net,DELETE,/v2.1/accounts/{accountId}/templates/{templateId}/documents/{documentId}/tabs,Tabs_DeleteTemplateDocumentTabs
298,docusign.net,docusign.net,DELETE,/v2.1/accounts/{accountId}/templates/{templateId}/lock,Lock_DeleteTemplateLock
299,docusign.net,docusign.net,PUT,/v2.1/accounts/{accountId}/envelopes/{envelopeId}/documents,Documents_PutDocuments
300,docusign.net,docusign.net,PUT,/v2.1/accounts/{accountId}/permission_profiles/{permissionProfileId},PermissionProfiles_PutPermissionProfiles
301,docusign.net,docusign.net,PUT,/v2.1/accounts/{accountId}/powerforms/{powerFormId},PowerForms_PutPowerForm
302,docusign.net,docusign.net,PUT,/v2.1/accounts/{accountId}/signatures/{signatureId}/{imageType},AccountSignatures_PutAccountSignatureImage
303,docusign.net,docusign.net,PUT,/v2.1/accounts/{accountId}/templates/{templateId}/documents/{documentId}/fields,DocumentFields_PutTemplateDocumentFields
304,doqs.dev,doqs.dev,PUT,/designer/templates/{id},update_template_designer_templates__id__put
305,dracoon.team,dracoon.team,DELETE,/v4/roles/{role_id}/groups,revokeRoleGroups
306,dracoon.team,dracoon.team,DELETE,/v4/user/profileAttributes/{key},removeProfileAttribute
307,dracoon.team,dracoon.team,PUT,/v4/auth/reset_password/{token},resetPassword
308,dracoon.team,dracoon.team,PUT,/v4/nodes/rooms/{room_id}/groups,updateRoomGroups
309,dracoon.team,dracoon.team,PUT,/v4/nodes/rooms/{room_id}/policies,setRoomPolicies
310,dracoon.team,dracoon.team,PUT,/v4/settings/notifications/channels,toggleNotificationChannels
311,dracoon.team,dracoon.team,PUT,/v4/shares/downloads,updateDownloadShares
312,dracoon.team,dracoon.team,PUT,/v4/system/config/settings/defaults,updateSystemDefaults
313,drchrono.com,drchrono.com,PATCH,/api/patient_communications/{id},patient_communications_partial_update
314,drchrono.com,drchrono.com,PATCH,/api/task_categories/{id},task_categories_partial_update
315,drchrono.com,drchrono.com,PATCH,/api/task_notes/{id},task_notes_partial_update
316,drchrono.com,drchrono.com,PUT,/api/lab_orders/{id},lab_orders_update
317,drchrono.com,drchrono.com,PUT,/api/patient_risk_assessments/{id},patient_risk_assessments_update
318,drchrono.com,drchrono.com,PUT,/api/reminder_profiles/{id},reminder_profiles_update
319,drchrono.com,drchrono.com,PUT,/api/sublabs/{id},sublabs_update
320,drchrono.com,drchrono.com,PUT,/api/tasks/{id},tasks_update
321,ebay.com,ebay.com:sell-marketing,DELETE,/item_promotion/{promotion_id},deleteItemPromotion
322,ebay.com,ebay.com:sell-account,DELETE,/payment_policy/{payment_policy_id},deletePaymentPolicy
323,ebay.com,ebay.com:sell-account,PUT,/fulfillment_policy/{fulfillmentPolicyId},updateFulfillmentPolicy
324,ebay.com,ebay.com:sell-marketing,PUT,/item_price_markdown/{promotion_id},updateItemPriceMarkdownPromotion
325,edrv.io,edrv.io,DELETE,/v1/chargestations/{id},deleteChargeStation
326,edrv.io,edrv.io,DELETE,/v1/location/{id},deleteLocation
327,edrv.io,edrv.io,PATCH,/v1/chargestations/{id},patchChargeStation
328,elevenlabs.io,elevenlabs.io,DELETE,/v1/history/{history_item_id},Delete_history_item_v1_history__history_item_id__delete
329,elevenlabs.io,elevenlabs.io,DELETE,/v1/voices/{voice_id},Delete_voice_v1_voices__voice_id__delete
330,enode.io,enode.io,PUT,/webhooks/firehose,putWebhooksFirehose
331,etsi.local,etsi.local:MEC010-2_AppPkgMgmt,DELETE,/app_packages/{appPkgId},app_packageDELETE
332,evetech.net,evetech.net,DELETE,/characters/{character_id}/mail/labels/{label_id}/,delete_characters_character_id_mail_labels_label_id
333,evetech.net,evetech.net,DELETE,/fleets/{fleet_id}/squads/{squad_id}/,delete_fleets_fleet_id_squads_squad_id
334,exavault.com,exavault.com,DELETE,/resources,deleteResources
335,exavault.com,exavault.com,DELETE,/shares/{id},deleteShareById
336,exavault.com,exavault.com,DELETE,/webhooks/{id},deleteWebhook
337,exavault.com,exavault.com,PATCH,/account,updateAccount
338,exavault.com,exavault.com,PATCH,/forms/{id},updateFormById
339,extendsclass.com,extendsclass.com:json-storage,DELETE,/bin/{id},
340,fecru.local,fecru.local,DELETE,/rest-service-fecru/admin/projects/{key}/allowed-reviewer-groups,deleteAllowedReviewerGroup
341,fecru.local,fecru.local,PUT,/rest-service-fecru/admin/permission-schemes/{name},
342,fecru.local,fecru.local,PUT,/rest-service-fecru/admin/permission-schemes/{name}/review-roles,addPermissionSchemeReviewRole
343,fecru.local,fecru.local,PUT,/rest-service-fecru/admin/projects/{key}/default-reviewer-users,addDefaultReviewerUser
344,fecru.local,fecru.local,PUT,/rest-service-fecru/admin/repositories/{repository}/incremental-index,incrementalIndex
345,fecru.local,fecru.local,PUT,/rest-service-fecru/admin/repositories/{repository}/reindex-reviews,reindexReviews
346,fecru.local,fecru.local,PUT,/rest-service-fecru/admin/users/{name}/groups,
347,figshare.com,figshare.com,DELETE,/account/collections/{collection_id},private_collection_delete
348,figshare.com,figshare.com,DELETE,/account/projects/{project_id},private_project_delete
349,figshare.com,figshare.com,PUT,/account/articles/{article_id}/categories,private_article_categories_replace
350,figshare.com,figshare.com,PUT,/account/collections/{collection_id}/private_links/{link_id},private_collection_private_link_update
351,files.com,files.com,DELETE,/group_users/{id},DeleteGroupUsersId
352,files.com,files.com,DELETE,/message_reactions/{id},DeleteMessageReactionsId
353,files.com,files.com,DELETE,/messages/{id},DeleteMessagesId
354,files.com,files.com,DELETE,/requests/{id},DeleteRequestsId
355,files.com,files.com,PATCH,/api_keys/{id},PatchApiKeysId
356,files.com,files.com,PATCH,/behaviors/{id},PatchBehaviorsId
357,files.com,files.com,PATCH,/clickwraps/{id},PatchClickwrapsId
358,files.com,files.com,PATCH,/notifications/{id},PatchNotificationsId
359,flat.io,flat.io,DELETE,/classes/{class}/users/{user},deleteClassUser
360,flat.io,flat.io,DELETE,/collections/{collection}/scores/{score},deleteScoreFromCollection
361,formapi.io,formapi.io,DELETE,/submissions/{submission_id},expireSubmission
362,formapi.io,formapi.io,PUT,/templates/{template_id},updateTemplate
363,fulfillment.com,fulfillment.com,PUT,/orders/{id}/ship,put-orders-id-ship
364,fulfillment.com,fulfillment.com,PUT,/orders/{id}/status,put-orders-id-status
365,fungenerators.com,fungenerators.com:random-facts,DELETE,/fact,
366,fungenerators.com,fungenerators.com:trivia,DELETE,/trivia,
367,fungenerators.com,fungenerators.com:random-facts,PUT,/fact,
368,fungenerators.com,fungenerators.com:riddle,PUT,/riddle,
369,gambitcomm.local,gambitcomm.local:mimic,DELETE,/mimic/agent/{agentNum}/timer/script/delete/{script}/{interval}/{arg},del_timer_script
370,gambitcomm.local,gambitcomm.local:mimic,PUT,/mimic/agent/{agentNum}/protocol/msg/mqtt/client/set/willqos/{qos},protocol_mqtt_client_set_willqos
371,gambitcomm.local,gambitcomm.local:mimic,PUT,/mimic/agent/{agentNum}/protocol/msg/netflow/flow/change/{flowset-uid}/{field-num}/{attr}/{value},protocol_netflow_change_attr
372,gambitcomm.local,gambitcomm.local:mimic,PUT,/mimic/agent/{agentNum}/protocol/msg/netflow/set/collector/{collectorIP},protocol_netflow_set_collector
373,gambitcomm.local,gambitcomm.local:mimic,PUT,/mimic/agent/{agentNum}/protocol/msg/sflow/halt,protocol_sflow_halt
374,gambitcomm.local,gambitcomm.local:mimic,PUT,/mimic/agent/{agentNum}/resume,resume
375,gambitcomm.local,gambitcomm.local:mimic,PUT,/mimic/agent/{agentNum}/set/host/{host},set_host
376,gambitcomm.local,gambitcomm.local:mimic,PUT,/mimic/agent/{agentNum}/store/copy/{otherAgent},agent_store_copy
377,gamesparks.net,gamesparks.net:game-details,PUT,/restv2/game/{apiKey}/manage/screens/{shortCode},updateScreenUsingPUT
378,gamesparks.net,gamesparks.net:game-details,PUT,/restv2/game/{apiKey}/manage/snippets/{shortCode},updateSnippetUsingPUT
379,gerermesaffaires.com,gerermesaffaires.com,DELETE,/spaces/{spaceId}/folders/{folderId}/invoices/{documentId},
380,gerermesaffaires.com,gerermesaffaires.com,DELETE,/spaces/{spaceId}/folders/{folderId}/payrolls/{documentId},
381,gerermesaffaires.com,gerermesaffaires.com,DELETE,/spaces/{spaceId}/folders/{folderId}/social-declarations/{documentId},
382,gerermesaffaires.com,gerermesaffaires.com,DELETE,/spaces/{spaceId}/folders/{folderId}/vat-declarations/{documentId},
383,gerermesaffaires.com,gerermesaffaires.com,DELETE,/spaces/{spaceId}/folders/{id}/bank,
384,gerermesaffaires.com,gerermesaffaires.com,DELETE,/spaces/{spaceId}/folders/{id}/customer,
385,gerermesaffaires.com,gerermesaffaires.com,PATCH,/spaces/{id}/portfolios/{portfolioId}/persons/{memberId},
386,gerermesaffaires.com,gerermesaffaires.com,PATCH,/spaces/{spaceId}/folders/{id}/provider,
387,getgo.com,getgo.com:gotowebinar,DELETE,/organizers/{organizerKey}/webinars/{webinarKey},cancelWebinar
388,getgo.com,getgo.com:gotowebinar,DELETE,/organizers/{organizerKey}/webinars/{webinarKey}/panelists/{panelistKey},deleteWebinarPanelist
389,getpostman.com,getpostman.com,DELETE,/apis/{apiId},deleteAnApi
390,getpostman.com,getpostman.com,DELETE,/environments/{environment_uid},deleteEnvironment
391,getpostman.com,getpostman.com,PUT,/apis/{apiId}/versions/{apiVersionId}/schemas/{schemaId},updateSchema
392,getpostman.com,getpostman.com,PUT,/mocks/{mock_uid},updateMock
393,gettyimages.com,gettyimages.com,PUT,/v3/boards/{board_id}/assets,
394,gettyimages.com,gettyimages.com,PUT,/v3/search/by-image/uploads/{file-name},
395,gitea.io,gitea.io,DELETE,/repos/{owner}/{repo},repoDelete
396,gitea.io,gitea.io,DELETE,/repos/{owner}/{repo}/issues/comments/{id},issueDeleteComment
397,gitea.io,gitea.io,DELETE,/repos/{owner}/{repo}/pulls/{index}/merge,repoCancelScheduledAutoMerge
398,gitea.io,gitea.io,DELETE,/repos/{owner}/{repo}/releases/tags/{tag},repoDeleteReleaseByTag
399,gitea.io,gitea.io,DELETE,/repos/{owner}/{repo}/subscription,userCurrentDeleteSubscription
400,gitea.io,gitea.io,DELETE,/user/emails,userDeleteEmail
401,gitea.io,gitea.io,PATCH,/repos/{owner}/{repo}/milestones/{id},issueEditMilestone
402,gitea.io,gitea.io,PUT,/repos/{owner}/{repo}/contents/{filepath},repoUpdateFile
403,gitlab.com,gitlab.com,DELETE,/v3/projects/{id}/keys/{key_id},deleteV3ProjectsIdKeysKeyId
404,gitlab.com,gitlab.com,DELETE,/v3/projects/{id}/star,deleteV3ProjectsIdStar
405,gitlab.com,gitlab.com,DELETE,/v3/user/emails/{email_id},deleteV3UserEmailsEmailId
406,gitlab.com,gitlab.com,PUT,/v3/groups/{id}/access_requests/{user_id}/approve,putV3GroupsIdAccessRequestsUserIdApprove
407,gitlab.com,gitlab.com,PUT,/v3/groups/{id}/members/{user_id},putV3GroupsIdMembersUserId
408,gitlab.com,gitlab.com,PUT,/v3/projects/{id}/environments/{environment_id},putV3ProjectsIdEnvironmentsEnvironmentId
409,gitlab.com,gitlab.com,PUT,/v3/projects/{id}/hooks/{hook_id},putV3ProjectsIdHooksHookId
410,gitlab.com,gitlab.com,PUT,/v3/projects/{id}/repository/files,putV3ProjectsIdRepositoryFiles
411,google.com,google.com,PATCH,/v3/{name},travelpartner.accounts.brands.patch
412,googleapis.com,googleapis.com:streetviewpublish,DELETE,/v1/photoSequence/{sequenceId},streetviewpublish.photoSequence.delete
413,googleapis.com,googleapis.com:apigateway,DELETE,/v1alpha2/{name},apigateway.projects.locations.operations.delete
414,googleapis.com,googleapis.com:dataflow,DELETE,/v1b3/projects/{projectId}/snapshots,dataflow.projects.deleteSnapshots
415,googleapis.com,googleapis.com:bigtableadmin,DELETE,/v2/{name},bigtableadmin.projects.instances.tables.delete
416,googleapis.com,googleapis.com:compute,PATCH,/projects/{project}/regions/{region}/serviceAttachments/{serviceAttachment},compute.serviceAttachments.patch
417,googleapis.com,googleapis.com:networksecurity,PATCH,/v1beta1/{name},networksecurity.projects.locations.urlLists.patch
418,googleapis.com,googleapis.com:blogger,PATCH,/v3/blogs/{blogId}/pages/{pageId},blogger.pages.patch
419,googleapis.com,googleapis.com:androidenterprise,PUT,/androidenterprise/v1/enterprises/{enterpriseId}/account,androidenterprise.enterprises.setAccount
420,gsmtasks.com,gsmtasks.com,DELETE,/accounts/{id}/managers/,accounts_managers_destroy
421,gsmtasks.com,gsmtasks.com,PATCH,/push_notifications/{id}/,push_notifications_partial_update
422,gsmtasks.com,gsmtasks.com,PATCH,/routes/{id}/,routes_partial_update
423,gsmtasks.com,gsmtasks.com,PATCH,/trackers/{id}/,trackers_partial_update
424,gsmtasks.com,gsmtasks.com,PUT,/billing/invoices/{id}/,billing_invoices_update
425,gsmtasks.com,gsmtasks.com,PUT,/client_roles/{id}/,client_roles_update
426,gsmtasks.com,gsmtasks.com,PUT,/metafields/{id}/,metafields_update
427,gsmtasks.com,gsmtasks.com,PUT,/users/{id}/on_duty/,users_on_duty_update
428,here.com,here.com:tracking,DELETE,/aliases/v2/{trackingId}/{type},
429,here.com,here.com:tracking,DELETE,/aliases/v2/{trackingId}/{type}/{externalId},
430,here.com,here.com:tracking,DELETE,/geofences/v2/{geofenceId},
431,here.com,here.com:tracking,DELETE,/metadata/v2/geofences/{geofenceId},
432,here.com,here.com:tracking,DELETE,/shadows/v2/{trackingId},
433,here.com,here.com:tracking,PUT,/geofence-associations/v2/{geofenceId}/{trackingId},
434,here.com,here.com:tracking,PUT,/labels/v4/{resourceType}/{resourceId}/batch,
435,here.com,here.com:tracking,PUT,/sensors/v3/{sensorRuleId},
436,hetras-certification.net,hetras-certification.net:booking,PATCH,/api/booking/v0/bookings/{confirmationId}/reservations/{reservationNumber},Bookings_Patch
437,hetras-certification.net,hetras-certification.net:booking,PUT,/api/booking/v0/bookings/{confirmationId}/reservations/{reservationNumber}/payment_token,Bookings_PaymentToken
438,hetzner.cloud,hetzner.cloud,DELETE,/firewalls/{id},
439,hetzner.cloud,hetzner.cloud,DELETE,/images/{id},
440,hetzner.cloud,hetzner.cloud,DELETE,/servers/{id},
441,hetzner.cloud,hetzner.cloud,DELETE,/volumes/{id},
442,hetzner.cloud,hetzner.cloud,PUT,/primary_ips/{id},
443,hetzner.cloud,hetzner.cloud,PUT,/ssh_keys/{id},
444,httpbin.org,httpbin.org,DELETE,/delay/{delay},
445,httpbin.org,httpbin.org,PATCH,/redirect-to,
446,httpbin.org,httpbin.org,PUT,/anything,
447,httpbin.org,httpbin.org,PUT,/put,
448,hubapi.com,hubapi.com:automation,DELETE,/automation/v4/actions/{appId}/{definitionId}/functions/{functionType},delete-/automation/v4/actions/{appId}/{definitionId}/functions/{functionType}_archiveByFunctionType
449,hubapi.com,hubapi.com:files,DELETE,/files/v3/files/{fileId},delete-/files/v3/files/{fileId}_archive
450,hubapi.com,hubapi.com:files,DELETE,/files/v3/folders/{folderId},delete-/files/v3/folders/{folderId}_archive
451,hubapi.com,hubapi.com:marketing,DELETE,/marketing/v3/marketing-events/events/{externalEventId},delete-/marketing/v3/marketing-events/events/{externalEventId}_archive
452,hubapi.com,hubapi.com:automation,PATCH,/automation/v4/actions/{appId}/{definitionId},patch-/automation/v4/actions/{appId}/{definitionId}_update
453,id4i.de,id4i.de,PUT,/account/registration,completeRegistration
454,ijenko.net,ijenko.net,PATCH,/account/users/{userId}/metadata,User.patchMetadata
455,ijenko.net,ijenko.net,PATCH,/devices/{deviceId},Devices.patch
456,ijenko.net,ijenko.net,PATCH,/devices/{deviceId}/metadata,Device.patchMetadata
457,ijenko.net,ijenko.net,PATCH,/me,Me.patch
458,ijenko.net,ijenko.net,PATCH,/places/{placeId}/metadata,Place.patchMetadata
459,illumidesk.com,illumidesk.com,DELETE,/v1/{namespace}/projects/{project}/collaborators/{collaborator}/,projects_collaborators_delete
460,illumidesk.com,illumidesk.com,DELETE,/v1/{namespace}/projects/{project}/servers/{server}/ssh-tunnels/{tunnel}/,projects_servers_ssh-tunnels_delete
461,illumidesk.com,illumidesk.com,DELETE,/v1/{namespace}/projects/{project}/servers/{server}/triggers/{trigger}/,service_trigger_delete
462,illumidesk.com,illumidesk.com,PATCH,/v1/{namespace}/oauth/applications/{application}/,oauth_application_update
463,illumidesk.com,illumidesk.com,PATCH,/v1/users/profiles/{user}/,users_update
464,illumidesk.com,illumidesk.com,PUT,/v1/{namespace}/billing/cards/{id}/,billing_cards_replace
465,illumidesk.com,illumidesk.com,PUT,/v1/{namespace}/projects/{project}/deployments/{deployment}/,projects_deployments_replace
466,illumidesk.com,illumidesk.com,PUT,/v1/{namespace}/projects/{project}/project_files/{id}/,projects_project_files_replace
467,impala.travel,impala.travel:hotels,DELETE,/bookings/{bookingId},cancelBooking
468,impala.travel,impala.travel:hotels,PUT,/bookings/{bookingId},updateBooking
469,inboxroute.com,inboxroute.com,DELETE,/contacts/lists/{listid},
470,inboxroute.com,inboxroute.com,PUT,/contacts/lists/{listid},
471,influxdata.com,influxdata.com,DELETE,/checks/{checkID}/labels/{labelID},DeleteChecksIDLabelsID
472,influxdata.com,influxdata.com,DELETE,/documents/templates/{templateID}/labels/{labelID},DeleteDocumentsTemplatesIDLabelsID
473,influxdata.com,influxdata.com,DELETE,/orgs/{orgID},DeleteOrgsID
474,influxdata.com,influxdata.com,DELETE,/scrapers/{scraperTargetID},DeleteScrapersID
475,influxdata.com,influxdata.com,DELETE,/telegrafs/{telegrafID},DeleteTelegrafsID
476,influxdata.com,influxdata.com,DELETE,/telegrafs/{telegrafID}/labels/{labelID},DeleteTelegrafsIDLabelsID
477,influxdata.com,influxdata.com,PATCH,/scrapers/{scraperTargetID},PatchScrapersID
478,influxdata.com,influxdata.com,PUT,/variables/{variableID},PutVariablesID
479,intellifi.nl,intellifi.nl,DELETE,/kvpairs/{id},deleteKvPair
480,intellifi.nl,intellifi.nl,DELETE,/locationrules/{id},deleteLocationRule
481,intellifi.nl,intellifi.nl,DELETE,/sets/itemlists/{id}/ids/{itemId},deleteItemIdFromItemList
482,intellifi.nl,intellifi.nl,DELETE,/users/{id},deleteUser
483,intellifi.nl,intellifi.nl,PUT,/locationrules/{id},updateLocationRule
484,iqualify.com,iqualify.com,DELETE,/course-mappings/{offeringId}/{externalCourseId},
485,iqualify.com,iqualify.com,DELETE,/offerings/{offeringId}/users/{userEmail},
486,iqualify.com,iqualify.com,PUT,/courses/{contentId}/metadata/category,
487,iqualify.com,iqualify.com,PUT,/offerings/{offeringId}/metadata/level,
488,ix-api.net,ix-api.net,DELETE,/contacts/{id},contacts_destroy
489,ix-api.net,ix-api.net,DELETE,/macs/{id},macs_destroy
490,ix-api.net,ix-api.net,DELETE,/member-joining-rules/{id},member_joining_rules_destroy
491,ix-api.net,ix-api.net,DELETE,/role-assignments/{assignment_id},role_assignments_destroy
492,jellyfin.local,jellyfin.local,DELETE,/LiveTv/ListingProviders,DeleteListingProvider
493,jellyfin.local,jellyfin.local,DELETE,/LiveTv/SeriesTimers/{timerId},CancelSeriesTimer
494,jellyfin.local,jellyfin.local,DELETE,/ScheduledTasks/Running/{taskId},StopTask
495,jellyfin.local,jellyfin.local,DELETE,/Users/{userId},DeleteUser
496,jellyfin.local,jellyfin.local,DELETE,/Users/{userId}/PlayingItems/{itemId},OnPlaybackStopped
497,jellyfin.local,jellyfin.local,DELETE,/Videos/{itemId}/Subtitles/{index},DeleteSubtitle
498,jira.local,jira.local,DELETE,/api/2/group,removeGroup
499,jira.local,jira.local,DELETE,/api/2/user/columns,
500,jira.local,jira.local,DELETE,/api/2/workflowscheme/{id}/workflow,deleteWorkflowMapping
501,jira.local,jira.local,PUT,/api/2/issue/{issueIdOrKey}/properties/{propertyKey},
502,jira.local,jira.local,PUT,/api/2/issue/{issueIdOrKey}/remotelink/{linkId},updateRemoteIssueLink
503,jira.local,jira.local,PUT,/api/2/project/{projectIdOrKey}/avatar,
504,jira.local,jira.local,PUT,/api/2/user/properties/{propertyKey},
505,jira.local,jira.local,PUT,/api/2/workflowscheme/{id}/draft/workflow,updateDraftWorkflowMapping
506,journy.io,journy.io,DELETE,/accounts,deleteAccount
507,jumpseller.com,jumpseller.com,DELETE,/custom_fields/{id}/select_options/{custom_field_select_option_id}.json,
508,jumpseller.com,jumpseller.com,DELETE,/products/{id}/attachments/{attachment_id}.json,
509,jumpseller.com,jumpseller.com,DELETE,/promotions/{id}.json,
510,just-eat.co.uk,just-eat.co.uk,DELETE,/delivery/pools/{deliveryPoolId},
511,just-eat.co.uk,just-eat.co.uk,PUT,/driver-at-delivery-address,
512,just-eat.co.uk,just-eat.co.uk,PUT,/driver-location,
513,just-eat.co.uk,just-eat.co.uk,PUT,/order-requires-delivery-acceptance,
514,just-eat.co.uk,just-eat.co.uk,PUT,/orders/{orderId}/accept,
515,just-eat.co.uk,just-eat.co.uk,PUT,/orders/deliverystate/driverlocation,
516,keycloak.local,keycloak.local,DELETE,/{realm}/attack-detection/brute-force/users,
517,keycloak.local,keycloak.local,DELETE,/{realm}/groups/{id}/role-mappings/clients/{client},
518,keycloak.local,keycloak.local,DELETE,/{realm}/identity-provider/instances/{alias},
519,keycloak.local,keycloak.local,DELETE,/{realm}/users/{id}/consents/{client},
520,keycloak.local,keycloak.local,PUT,/{realm}/clients/{id}/default-client-scopes/{clientScopeId},
521,keycloak.local,keycloak.local,PUT,/{realm}/clients/{id}/management/permissions,
522,keycloak.local,keycloak.local,PUT,/{realm}/events/config,
523,keycloak.local,keycloak.local,PUT,/{realm}/users/{id}/reset-password,
524,kubernetes.io,kubernetes.io,DELETE,/apis/networking.k8s.io/v1/ingressclasses,deleteNetworkingV1CollectionIngressClass
525,kubernetes.io,kubernetes.io,PATCH,/api/v1/namespaces/{namespace}/resourcequotas/{name},patchCoreV1NamespacedResourceQuota
526,kubernetes.io,kubernetes.io,PUT,/api/v1/namespaces/{namespace}/pods/{name}/status,replaceCoreV1NamespacedPodStatus
527,kubernetes.io,kubernetes.io,PUT,/api/v1/namespaces/{namespace}/replicationcontrollers/{name},replaceCoreV1NamespacedReplicationController
528,kubernetes.io,kubernetes.io,PUT,/apis/admissionregistration.k8s.io/v1/validatingwebhookconfigurations/{name},replaceAdmissionregistrationV1ValidatingWebhookConfiguration
529,kubernetes.io,kubernetes.io,PUT,/apis/apiextensions.k8s.io/v1/customresourcedefinitions/{name},replaceApiextensionsV1CustomResourceDefinition
530,kubernetes.io,kubernetes.io,PUT,/apis/autoscaling/v2/namespaces/{namespace}/horizontalpodautoscalers/{name},replaceAutoscalingV2NamespacedHorizontalPodAutoscaler
531,kubernetes.io,kubernetes.io,PUT,/apis/storage.k8s.io/v1/volumeattachments/{name},replaceStorageV1VolumeAttachment
532,kumpeapps.com,kumpeapps.com,DELETE,/kkid/wishlist,kkid_wishlist_delete
533,kumpeapps.com,kumpeapps.com,PUT,/authkey,authkey_put
534,launchdarkly.com,launchdarkly.com,DELETE,/members/{memberId},deleteMember
535,launchdarkly.com,launchdarkly.com,DELETE,/projects/{projectKey},deleteProject
536,launchdarkly.com,launchdarkly.com,DELETE,/tokens/{tokenId},deleteToken
537,launchdarkly.com,launchdarkly.com,DELETE,/users/{projectKey}/{environmentKey}/{userKey},deleteUser
538,launchdarkly.com,launchdarkly.com,PATCH,/flags/{projectKey}/{featureFlagKey}/expiring-user-targets/{environmentKey},patchExpiringUserTargets
539,launchdarkly.com,launchdarkly.com,PATCH,/tokens/{tokenId},patchToken
540,letmc.com,letmc.com:diary,PUT,/v3/diary/{shortName}/appointment,DiaryController_PutAppointment
541,linqr.app,linqr.app,DELETE,/images/{id},imageDelete_images__id__delete
542,linuxfoundation.org,linuxfoundation.org:reimbursement,PATCH,/reimbursement/{projectId},updateReimbursement
543,loket.nl,loket.nl,DELETE,/providers/employers/conceptemployees/{conceptEmployeeId},DeleteConceptEmployeeByConceptEmployeeId
544,loket.nl,loket.nl,DELETE,/providers/employers/employees/employments/customnotifications/{customNotificationId},DeleteCustomNotificationByCustomNotificationId
545,loket.nl,loket.nl,DELETE,/providers/employers/employees/employments/wages/{wageId},DeleteWageByWageId
546,loket.nl,loket.nl,PATCH,/providers/employers/conceptemployees/{conceptEmployeeId}/preboardingtrajectory,PatchPreboardingTrajectoryByConceptEmployeeId
547,loket.nl,loket.nl,PATCH,/providers/employers/employees/employments/leaverequests,PatchLeaveRequestsByLeaveRequestIds
548,loket.nl,loket.nl,PUT,/providers/employers/employees/{employeeId},PutEmployeeByEmployeeId
549,loket.nl,loket.nl,PUT,/providers/employers/employees/employments/benefitsinkind/{benefitInKindId},PutBenefitInKindByBenefitInKindId
550,loket.nl,loket.nl,PUT,/providers/employers/users/{userId},PutEmployerUserByUserId
551,lyft.com,lyft.com,PUT,/rides/{id}/rating,SetRideRating
552,magento.com,magento.com,DELETE,/V1/configurable-products/{sku}/options/{id},configurableProductOptionRepositoryV1DeleteByIdDelete
553,magento.com,magento.com,DELETE,/V1/coupons/{couponId},salesRuleCouponRepositoryV1DeleteByIdDelete
554,magento.com,magento.com,DELETE,/V1/customerGroups/{id},customerGroupRepositoryV1DeleteByIdDelete
555,magento.com,magento.com,DELETE,/V1/eav/attribute-sets/{attributeSetId},eavAttributeSetRepositoryV1DeleteByIdDelete
556,magento.com,magento.com,DELETE,/V1/products/downloadable-links/{id},downloadableLinkRepositoryV1DeleteDelete
557,magento.com,magento.com,PUT,/V1/categories/{categoryId}/move,catalogCategoryManagementV1MovePut
558,magento.com,magento.com,PUT,/V1/products/attribute-sets/{attributeSetId},catalogAttributeSetRepositoryV1SavePut
559,magento.com,magento.com,PUT,/V1/salesRules/{ruleId},salesRuleRuleRepositoryV1SavePut
560,magick.nu,magick.nu,PUT,/tradingAccounts/password/{username}/{brokerserver}/{mt4username},putTradingAccountsPasswordUsernameBrokerserverMt4username
561,maif.local,maif.local:otoroshi,DELETE,/api/services/{serviceId}/apikeys/{clientId},deleteApiKey
562,maif.local,maif.local:otoroshi,DELETE,/api/services/{serviceId}/template,deleteServiceTemplate
563,maif.local,maif.local:otoroshi,PATCH,/api/data-exporter-configs/_bulk,patchBulkDataExporterConfig
564,maif.local,maif.local:otoroshi,PATCH,/api/globalconfig,patchGlobalConfig
565,maif.local,maif.local:otoroshi,PATCH,/api/services/{serviceId}/apikeys/{clientId},patchApiKey
566,maif.local,maif.local:otoroshi,PUT,/api/scripts/{scriptId},updateScript
567,maif.local,maif.local:otoroshi,PUT,/api/services/{serviceId},updateService
568,maif.local,maif.local:otoroshi,PUT,/api/services/{serviceId}/apikeys/{clientId},updateApiKey
569,mailscript.com,mailscript.com,DELETE,/actions/{action},deleteAction
570,mailscript.com,mailscript.com,DELETE,/addresses/{address},deleteAddress
571,mailscript.com,mailscript.com,DELETE,/domains/{domain},removeDomainVerify
572,mastercard.com,mastercard.com:masterpassqr,DELETE,/send/v1/partners/{partnerId}/notification-registries/{account-reg-ref},deleteTransferNotificationRegistration
573,mastercard.com,mastercard.com:masterpassqr,PUT,/send/v1/partners/{partnerId}/notification-registries/{account-reg-ref},NotificationRegistrationAPIUpdate
574,mastodon.local,mastodon.local,DELETE,/api/v1/domain_blocks,
575,mastodon.local,mastodon.local,DELETE,/api/v1/featured_tags/{id},
576,mastodon.local,mastodon.local,DELETE,/api/v1/push/subscription,
577,mastodon.local,mastodon.local,PUT,/api/v1/announcements/{id}/reactions/{name},
578,mastodon.local,mastodon.local,PUT,/api/v1/lists,
579,meilisearch.com,meilisearch.com,DELETE,/indexes/books/documents,deleteAllDocuments
580,meilisearch.com,meilisearch.com,DELETE,/indexes/books/settings/sortable-attributes,resetSortableAttributes
581,meilisearch.com,meilisearch.com,DELETE,/keys/kN2aK9EO8a7b627e425717d9196c8081552ca004e513545ed178f8a56981dbd3080d4a5b,deleteAKey
582,meilisearch.com,meilisearch.com,PUT,/indexes/books/documents,addOrUpdateDocuments
583,meilisearch.com,meilisearch.com,PUT,/indexes/books/settings/filterable-attributes,updateFilterableAttributes
584,meraki.com,meraki.com,DELETE,/networks/{networkId}/camera/qualityRetentionProfiles/{qualityRetentionProfileId},deleteNetworkCameraQualityRetentionProfile
585,meraki.com,meraki.com,DELETE,/networks/{networkId}/wireless/rfProfiles/{rfProfileId},deleteNetworkWirelessRfProfile
586,meraki.com,meraki.com,PUT,/devices/{serial}/camera/qualityAndRetentionSettings,updateDeviceCameraQualityAndRetentionSettings
587,meraki.com,meraki.com,PUT,/networks/{networkId}/devices/{serial},updateNetworkDevice
588,meraki.com,meraki.com,PUT,/networks/{networkId}/firewalledServices/{service},updateNetworkFirewalledService
589,meraki.com,meraki.com,PUT,/networks/{networkId}/security/intrusionSettings,updateNetworkSecurityIntrusionSettings
590,meraki.com,meraki.com,PUT,/networks/{networkId}/ssids/{number},updateNetworkSsid
591,meraki.com,meraki.com,PUT,/networks/{networkId}/switch/settings/qosRules/{qosRuleId},updateNetworkSwitchSettingsQosRule
592,microcks.local,microcks.local,DELETE,/jobs/{id},DeleteImportJob
593,microcks.local,microcks.local,PUT,/jobs/{id}/activate,ActivateImportJob
594,microcks.local,microcks.local,PUT,/secrets/{id},UpdateSecret
595,microsoft.com,microsoft.com:graph-beta,DELETE,/me/events/{event-id}/exceptionOccurrences/{event-id1}/instances/{event-id2}/attachments/{attachment-id},me.events.exceptionOccurrences.instances.DeleteAttachments
596,microsoft.com,microsoft.com:graph,DELETE,/me/joinedTeams/{team-id}/installedApps/{teamsAppInstallation-id},me.joinedTeams.DeleteInstalledApps
597,microsoft.com,microsoft.com:graph,DELETE,/planner/plans/{plannerPlan-id}/buckets/{plannerBucket-id}/tasks/{plannerTask-id}/progressTaskBoardFormat,planner.plans.buckets.tasks.DeleteProgressTaskBoardFormat
598,microsoft.com,microsoft.com:graph-beta,DELETE,/sites/{site-id}/termStore/sets/{set-id}/parentGroup/sets/{set-id1}/children/{term-id}/children/{term-id1}/relations/{relation-id},sites.termStore.sets.parentGroup.sets.children.children.DeleteRelations
599,microsoft.com,microsoft.com:graph,DELETE,/users/{user-id}/planner/tasks/{plannerTask-id}/progressTaskBoardFormat,users.planner.tasks.DeleteProgressTaskBoardFormat
600,microsoft.com,microsoft.com:graph-beta,PATCH,/financials/companies/{company-id}/purchaseInvoices/{purchaseInvoice-id}/vendor/picture/{picture-id},financials.companies.purchaseInvoices.vendor.UpdatePicture
601,microsoft.com,microsoft.com:graph-beta,PATCH,/financials/companies/{company-id}/salesInvoices/{salesInvoice-id}/currency,financials.companies.salesInvoices.UpdateCurrency
602,microsoft.com,microsoft.com:graph-beta,PATCH,/groups/{group-id}/team/channels/{channel-id}/messages/{chatMessage-id}/replies/{chatMessage-id1}/hostedContents/{chatMessageHostedContent-id},groups.team.channels.messages.replies.UpdateHostedContents
603,mist.com,mist.com,DELETE,/api/v1/msps/{msp_id},deleteMsp
604,mist.com,mist.com,DELETE,/api/v1/orgs/{org_id}/services/{service_id},deleteOrgService
605,mist.com,mist.com,DELETE,/api/v1/sites/{site_id}/guests/{guest_mac},deleteSiteGuestAuthorization
606,mist.com,mist.com,PUT,/api/v1/msps/{msp_id},updateMsp
607,mist.com,mist.com,PUT,/api/v1/orgs/{org_id}/assetfilters/{assetfilter_id},updateOrgAssetFilters
608,mist.com,mist.com,PUT,/api/v1/orgs/{org_id}/gatewaytemplates/{gatewaytemplate_id},updateOrgGatewayTemplate
609,mist.com,mist.com,PUT,/api/v1/sites/{site_id},updateSiteInfo
610,mist.com,mist.com,PUT,/api/v1/sites/{site_id}/wxtunnels/{wxtunnel_id},updateSiteWxTunnel
611,motaword.com,motaword.com,DELETE,/continuous_projects/{id}/subscription,deleteSubscription
612,motaword.com,motaword.com,DELETE,/delete-account,deleteAccount
613,motaword.com,motaword.com,DELETE,/projects/{projectId}/styleguides/{styleGuideId},deleteStyleGuide
614,motaword.com,motaword.com,PUT,/projects/{id},updateProject
615,motaword.com,motaword.com,PUT,/strings,updateTranslationMemoryUnit
616,n-auth.com,n-auth.com,PUT,/servers/{serverid}/users/{userid}/attributes/,updateUserAttributes
617,naviplancentral.com,naviplancentral.com:factfinder,DELETE,/api/Accounts/{accountId}/Holdings/{id},Accounts_DeleteAccountHoldingByAccountidId
618,naviplancentral.com,naviplancentral.com:factfinder,DELETE,/api/Accounts/{accountId}/SavingsStrategies/{id},Accounts_DeleteSavingsStrategyByAccountidId
619,naviplancentral.com,naviplancentral.com:factfinder,DELETE,/api/Expenses/{id},Expenses_DeleteById
620,naviplancentral.com,naviplancentral.com:factfinder,DELETE,/api/RealEstateAssets/{id},RealEstateAssets_DeleteById
621,naviplancentral.com,naviplancentral.com:factfinder,DELETE,/api/RetirementGoals/{id},RetirementGoals_DeleteById
622,naviplancentral.com,naviplancentral.com:factfinder,PUT,/api/Accounts/{id},Accounts_PutByIdModel
623,naviplancentral.com,naviplancentral.com:factfinder,PUT,/api/Expenses/{id},Expenses_PutByIdModel
624,naviplancentral.com,naviplancentral.com:factfinder,PUT,/api/LongTermCareInsurancePolicies/{id},LongTermCareInsurancePolicies_PutByIdModel
625,ndhm.gov.in,ndhm.gov.in:ndhm-healthid,DELETE,/v1/account/profile,deleteAccountUsingDELETE
626,ndhm.gov.in,ndhm.gov.in:ndhm-healthid,DELETE,/v1/ha/tags,deleteTagUsingDELETE
627,netbox.dev,netbox.dev,DELETE,/dcim/console-ports/,dcim_console-ports_bulk_delete
628,netbox.dev,netbox.dev,DELETE,/dcim/power-feeds/,dcim_power-feeds_bulk_delete
629,netbox.dev,netbox.dev,DELETE,/dcim/racks/,dcim_racks_bulk_delete
630,netbox.dev,netbox.dev,PATCH,/dcim/front-port-templates/{id}/,dcim_front-port-templates_partial_update
631,netbox.dev,netbox.dev,PATCH,/dcim/power-feeds/,dcim_power-feeds_bulk_partial_update
632,netbox.dev,netbox.dev,PATCH,/dcim/virtual-device-contexts/{id}/,dcim_virtual-device-contexts_partial_update
633,netbox.dev,netbox.dev,PATCH,/ipam/service-templates/,ipam_service-templates_bulk_partial_update
634,netbox.dev,netbox.dev,PUT,/extras/webhooks/{id}/,extras_webhooks_update
635,netboxdemo.com,netboxdemo.com,DELETE,/extras/config-contexts/{id}/,extras_config-contexts_delete
636,netboxdemo.com,netboxdemo.com,PATCH,/dcim/sites/{id}/,dcim_sites_partial_update
637,netboxdemo.com,netboxdemo.com,PATCH,/ipam/vrfs/{id}/,ipam_vrfs_partial_update
638,netboxdemo.com,netboxdemo.com,PUT,/dcim/cables/{id}/,dcim_cables_update
639,netboxdemo.com,netboxdemo.com,PUT,/dcim/console-ports/{id}/,dcim_console-ports_update
640,netboxdemo.com,netboxdemo.com,PUT,/dcim/console-server-port-templates/{id}/,dcim_console-server-port-templates_update
641,netboxdemo.com,netboxdemo.com,PUT,/dcim/console-server-ports/{id}/,dcim_console-server-ports_update
642,netboxdemo.com,netboxdemo.com,PUT,/ipam/services/{id}/,ipam_services_update
643,netlicensing.io,netlicensing.io,DELETE,/licensetemplate/{licenseTemplateNumber},deleteLicenseTemplate
644,netlify.com,netlify.com,DELETE,/{account_slug}/members/{member_id},removeAccountMember
645,netlify.com,netlify.com,DELETE,/deploy_keys/{key_id},deleteDeployKey
646,netlify.com,netlify.com,DELETE,/hooks/{hook_id},deleteHook
647,netlify.com,netlify.com,PUT,/accounts/{account_id}/env/{key},updateEnvVar
648,netlify.com,netlify.com,PUT,/deploys/{deploy_id}/files/{path},uploadDeployFile
649,netlify.com,netlify.com,PUT,/sites/{site_id}/build_hooks/{id},updateSiteBuildHook
650,nexmo.com,nexmo.com:account,DELETE,/accounts/{api_key}/secrets/{secret_id},revokeAPISecret
651,nexmo.com,nexmo.com:conversation,DELETE,/conversations/{conversation_id},deleteConversation
652,nexmo.com,nexmo.com:conversation,DELETE,/legs/{leg_id},deleteLeg
653,nexmo.com,nexmo.com:external-accounts,PATCH,/messenger/{external_id},UpdateMessengerAccount
654,nexmo.com,nexmo.com:media,PUT,/:id/info,update-a-media-item
655,nexmo.com,nexmo.com:voice,PUT,/{uuid}/dtmf,startDTMF
656,noosh.com,noosh.com,DELETE,/v1/workgroups/{workgroup_id}/projects/{project_id},deleteProject
657,noosh.com,noosh.com,PATCH,/v1/workgroups/{workgroup_id}/projects/{project_id},patchProject
658,noosh.com,noosh.com,PUT,/1.1/workgroups/{workgroup_id}/projects/{project_id}/specs/{spec_id},putSpec
659,nordigen.com,nordigen.com,DELETE,/api/v2/payments/creditors/{id}/,payments_creditors_destroy
660,nordigen.com,nordigen.com,PUT,/api/v2/agreements/enduser/{id}/accept/,accept EUA
661,nowpayments.io,nowpayments.io,DELETE,/v1/subscriptions/{sub_id},deleteRecurringPayment
662,onsched.com,onsched.com:setup,DELETE,/setup/v1/businessusers/{id},
663,onsched.com,onsched.com:setup,DELETE,/setup/v1/locations/{id}/services,
664,onsched.com,onsched.com:consumer,PUT,/consumer/v1/appointments/{id}/book,
665,onsched.com,onsched.com:consumer,PUT,/consumer/v1/appointments/{id}/cancel,
666,onsched.com,onsched.com:consumer,PUT,/consumer/v1/appointments/{id}/noshow,
667,onsched.com,onsched.com:setup,PUT,/setup/v1/locations/{id}/settings/scope/{settingsScope},
668,onsched.com,onsched.com:setup,PUT,/setup/v1/resources/{id}/reassign/appointments/{resourceId},
669,onsched.com,onsched.com:setup,PUT,/setup/v1/resources/{id}/services,
670,openbankingproject.ch,openbankingproject.ch,DELETE,/v1/consents/{consentId},deleteConsent
671,openchannel.io,openchannel.io:market,DELETE,/apps/{appId}/versions/{version},
672,openchannel.io,openchannel.io:market,DELETE,/stripe-gateway/user/{userId}/cards/{cardId},
673,openchannel.io,openchannel.io:market,PATCH,/apps/{appId}/versions/{version},
674,openchannel.io,openchannel.io:market,PATCH,/reviews/{reviewId},
675,openpolicy.local,openpolicy.local,PATCH,/v1/data/{path},patchDocument
676,openpolicy.local,openpolicy.local,PUT,/v1/policies/{id},putPolicyModule
677,openstf.io,openstf.io,DELETE,/user/devices/{serial}/remoteConnect,remoteDisconnectUserDeviceBySerial
678,opensuse.org,opensuse.org:obs,PUT,/attribute/{namespace}/{attribute_name}/_meta,
679,opensuse.org,opensuse.org:obs,PUT,/group/{group_title},
680,orbit.love,orbit.love,DELETE,/{workspace_slug}/members/{member_slug}/activities/{id},
681,orbit.love,orbit.love,PUT,/{workspace_slug}/organizations/{organization_id},
682,orthanc-server.com,orthanc-server.com,DELETE,/exports,
683,orthanc-server.com,orthanc-server.com,DELETE,/instances/{id}/attachments/{name},
684,orthanc-server.com,orthanc-server.com,DELETE,/instances/{id}/metadata/{name},
685,orthanc-server.com,orthanc-server.com,PUT,/instances/{id}/metadata/{name},
686,orthanc-server.com,orthanc-server.com,PUT,/patients/{id}/attachments/{name},
687,osf.io,osf.io,DELETE,/collections/{collection_id}/collected_metadata/{cgm_id},collections_metadata_delete
688,osf.io,osf.io,DELETE,/schema_responses/{schema_response_id},schema_response_delete
689,osf.io,osf.io,PATCH,/nodes/{node_id}/,nodes_partial_update
690,osf.io,osf.io,PATCH,/nodes/{node_id}/draft_registrations/{draft_id}/,nodes_draft_registrations_partial_update
691,osf.io,osf.io,PATCH,/preprints/{preprint_id}/,preprints_partial_update
692,osisoft.com,osisoft.com,DELETE,/analyses/{webId}/securityentries/{name},Analysis_DeleteSecurityEntry
693,osisoft.com,osisoft.com,DELETE,/elements/{webId}/referencedelements,Element_RemoveReferencedElement
694,osisoft.com,osisoft.com,DELETE,/unitclasses/{webId},UnitClass_Delete
695,osisoft.com,osisoft.com,DELETE,/units/{webId},Unit_Delete
696,osisoft.com,osisoft.com,PATCH,/analysistemplates/{webId},AnalysisTemplate_Update
697,osisoft.com,osisoft.com,PATCH,/assetdatabases/{webId},AssetDatabase_Update
698,osisoft.com,osisoft.com,PUT,/assetdatabases/{webId}/securityentries/{name},AssetDatabase_UpdateSecurityEntry
699,osisoft.com,osisoft.com,PUT,/elements/{webId}/securityentries/{name},Element_UpdateSecurityEntry
700,ote-godaddy.com,ote-godaddy.com:domains,PUT,/v2/customers/{customerId}/domains/notifications/optIn,
701,paylocity.com,paylocity.com,PUT,/v2/companies/{companyId}/employees/{employeeId}/additionalRates,Add or update additional rates
702,paylocity.com,paylocity.com,PUT,/v2/companies/{companyId}/employees/{employeeId}/earnings,Add or update an employee earning
703,payrun.io,payrun.io,DELETE,/Employer/{EmployerId}/DpsMessage/{DpsMessageId},DeleteDpsMessage
704,payrun.io,payrun.io,DELETE,/Employer/{EmployerId}/HolidayScheme/{HolidaySchemeId},DeleteHolidayScheme
705,payrun.io,payrun.io,DELETE,/Employer/{EmployerId}/NominalCode/{NominalCodeId},DeleteNominalCode
706,payrun.io,payrun.io,DELETE,/Employer/{EmployerId}/PaySchedule/{PayScheduleId}/PayRun/{PayRunId},DeletePayRun
707,payrun.io,payrun.io,DELETE,/Employer/{EmployerId}/Tag/{TagId},DeleteEmployerTag
708,payrun.io,payrun.io,PATCH,/Employer/{EmployerId},PatchEmployer
709,payrun.io,payrun.io,PATCH,/Employer/{EmployerId}/HolidayScheme/{HolidaySchemeId},PatchHolidayScheme
710,payrun.io,payrun.io,PATCH,/Employer/{EmployerId}/SubContractor/{SubContractorId},PatchSubContractor
711,pendo.io,pendo.io,DELETE,/accounts/{id},
712,pendo.io,pendo.io,DELETE,/features/{id}/tags,
713,personio.de,personio.de:personnel,DELETE,/company/attendances/{id},
714,pocketsmith.com,pocketsmith.com,DELETE,/institutions/{id},
715,pocketsmith.com,pocketsmith.com,PUT,/categories/{id},
716,postmarkapp.com,postmarkapp.com:account,DELETE,/senders/{signatureid},deleteSenderSignature
717,postmarkapp.com,postmarkapp.com:account,DELETE,/servers/{serverid},deleteServer
718,postmarkapp.com,postmarkapp.com:account,PUT,/domains/{domainid}/verifydkim,requestDkimVerificationForDomain
719,powerdns.local,powerdns.local,PUT,/servers/{server_id}/zones/{zone_id},putZone
720,presalytics.io,presalytics.io:story,DELETE,/{id}/collaborators/{story_collaborator_userid},story_id_collaborators_userid_delete
721,presalytics.io,presalytics.io:story,DELETE,/{id}/file/{ooxml_automation_id},story_id_file_ooxmlautomationid_delete
722,presalytics.io,presalytics.io:ooxml,DELETE,/Documents/{id},documents_delete_id
723,presalytics.io,presalytics.io:ooxml,PUT,/Images/GetImage/{Id},shared_images_getimage_put_id
724,probely.com,probely.com,DELETE,/targets/{id}/,
725,probely.com,probely.com,DELETE,/users/{id}/,
726,probely.com,probely.com,PATCH,/targets/{target_id}/assets/{id}/,
727,probely.com,probely.com,PATCH,/targets/{target_id}/integrations/jira-cloud/,
728,probely.com,probely.com,PATCH,/targets/{target_id}/scheduledscans/{id}/,
729,probely.com,probely.com,PATCH,/targets/{target_id}/site/,
730,probely.com,probely.com,PUT,/targets/{target_id}/findings/{id}/integrations/jira-cloud/,
731,probely.com,probely.com,PUT,/targets/{target_id}/integrations/jira-cloud/,
732,prss.org,prss.org,DELETE,/api/v2/spots/{id},
733,quotes.rest,quotes.rest,DELETE,/qshow,
734,quotes.rest,quotes.rest,PUT,/quote,
735,quotes.rest,quotes.rest,PUT,/quote/dislike,
736,rbaskets.in,rbaskets.in,DELETE,/api/baskets/{name}/requests,
737,readme.io,readme.io,DELETE,/api-specification/{id},deleteAPISpecification
738,rebilly.com,rebilly.com,DELETE,/authentication-tokens/{token},DeleteAuthenticationToken
739,rebilly.com,rebilly.com,DELETE,/plans/{id},DeletePlan
740,rebilly.com,rebilly.com,DELETE,/tags/{tag},DeleteTag
741,rebilly.com,rebilly.com,PATCH,/transactions/{id},PatchTransaction
742,rebilly.com,rebilly.com,PUT,/custom-fields/{resource}/{name},PutCustomField
743,rebilly.com,rebilly.com,PUT,/customers/{id},PutCustomer
744,rebilly.com,rebilly.com,PUT,/kyc-documents/{id},PutKycDocument
745,rebilly.com,rebilly.com,PUT,/plans/{id},PutPlan
746,redirection.io,redirection.io,PUT,/organizations/{id},putOrganizationItem
747,redirection.io,redirection.io,PUT,/users/{id}/edit-info,edit_infoUserItem
748,redirection.io,redirection.io,PUT,/users/{id}/edit-password,edit_passwordUserItem
749,redirection.io,redirection.io,PUT,/users/forgot-password/{resetToken},forgot_passwordUserItem
750,rev.ai,rev.ai,DELETE,/jobs/{id},DeleteJobById
751,reverb.com,reverb.com,DELETE,/listings/{slug},
752,reverb.com,reverb.com,DELETE,/my/follows/handpicked/{slug},
753,reverb.com,reverb.com,PUT,/my/refund_requests/selling/{id},
754,ritc.io,ritc.io,DELETE,/users/{user_id}/channels/{channel_id},removeAppUserFromChannel
755,ritc.io,ritc.io,PATCH,/users/{user_id},updateAppUser
756,rudder.example.local,rudder.example.local,PUT,/nodes,createNodes
757,rudder.example.local,rudder.example.local,PUT,/secret/,addSecret
758,rumble.run,rumble.run,DELETE,/org/agents/{agent_id},removeAgent
759,rumble.run,rumble.run,DELETE,/org/assets/{asset_id},removeAsset
760,rumble.run,rumble.run,DELETE,/org/key,removeKey
761,rumble.run,rumble.run,DELETE,/org/wireless/{wireless_id},removeWirelessLAN
762,rumble.run,rumble.run,PATCH,/account/keys/{key_id}/rotate,rotateAccountKey
763,rumble.run,rumble.run,PATCH,/org/key/rotate,rotateKey
764,rumble.run,rumble.run,PATCH,/org/tasks/{task_id},updateTask
765,rumble.run,rumble.run,PUT,/account/sso/groups,updateAccountGroupMapping
766,runscope.com,runscope.com,DELETE,/buckets/{bucketKey},
767,runscope.com,runscope.com,DELETE,/buckets/{bucketKey}/tests/{testId},
768,sakari.io,sakari.io,DELETE,/v1/accounts/{accountId}/campaigns/{campaignId},campaigns.remove
769,sakari.io,sakari.io,PUT,/v1/accounts/{accountId}/conversations/{conversationId}/close,conversations.close
770,salesforce.local,salesforce.local:einstein,PUT,/v2/language/datasets/{datasetId}/upload,updateDatasetAsync
771,salesloft.com,salesloft.com,DELETE,/v2/people/{id}.json,
772,salesloft.com,salesloft.com,PUT,/v2/bulk_jobs/{id},
773,salesloft.com,salesloft.com,PUT,/v2/notes/{id}.json,
774,semantria.com,semantria.com,DELETE,/entities.{content_type},deleteEntities
775,semantria.com,semantria.com,PUT,/blacklist.{content_type},updateBlacklist
776,semantria.com,semantria.com,PUT,/configurations.{content_type},updateConfigurations
777,semantria.com,semantria.com,PUT,/taxonomy.{content_type},updateTaxonomy
778,sendgrid.com,sendgrid.com,DELETE,/asm/suppressions/global/{email},DELETE_asm-suppressions-global-email
779,sendgrid.com,sendgrid.com,DELETE,/contactdb/lists,DELETE_contactdb-lists
780,sendgrid.com,sendgrid.com,DELETE,/whitelabel/domains/subuser,DELETE_whitelabel-domains-subuser
781,sendgrid.com,sendgrid.com,PATCH,/alerts/{alert_id},PATCH_alerts-alert_id
782,sendgrid.com,sendgrid.com,PATCH,/campaigns/{campaign_id},PATCH_campaigns-campaign_id
783,sendgrid.com,sendgrid.com,PATCH,/designs/{id},PUT-design
784,sendgrid.com,sendgrid.com,PATCH,/scopes/requests/{request_id}/approve,PATCH_v3-scopes-requests-approve-id
785,sendgrid.com,sendgrid.com,PATCH,/tracking_settings/click,PATCH_tracking_settings-click
786,shipengine.com,shipengine.com,DELETE,/v1/batches/{batch_id},delete_batch
787,shipengine.com,shipengine.com,DELETE,/v1/connections/insurance/shipsurance,disconnect_insurer
788,shipengine.com,shipengine.com,PUT,/v1/addresses/recognize,parse_address
789,shipengine.com,shipengine.com,PUT,/v1/carriers/{carrier_id}/add_funds,add_funds_to_carrier
790,shipengine.com,shipengine.com,PUT,/v1/packages/{package_id},update_package_type
791,shipengine.com,shipengine.com,PUT,/v1/shipments/{shipment_id},update_shipment
792,shipengine.com,shipengine.com,PUT,/v1/shipments/{shipment_id}/cancel,cancel_shipments
793,shop-pro.jp,shop-pro.jp,DELETE,/appstore/v1/installation.json,deleteInstallation
794,shorten.rest,shorten.rest,DELETE,/aliases,DeleteAlias
795,signl4.com,signl4.com,DELETE,/categories/{teamId}/{categoryId},
796,sinao.app,sinao.app,DELETE,/apps/{appId}/apikeys/{id},app.apikeys.delete
797,sinao.app,sinao.app,DELETE,/apps/{appId}/establishments/{id},app.contacts.establishments.delete
798,sinao.app,sinao.app,DELETE,/apps/{appId}/payments/{id},app.payments.payments.delete
799,sinao.app,sinao.app,DELETE,/apps/{appId}/quotes/{id},app.documents.sales.quotes.delete
800,slicebox.local,slicebox.local,DELETE,/boxes/{id},
801,slicebox.local,slicebox.local,DELETE,/boxes/incoming/{id},
802,slicebox.local,slicebox.local,DELETE,/scus/{id},
803,slicebox.local,slicebox.local,DELETE,/seriestypes/rules/{id},
804,slicebox.local,slicebox.local,DELETE,/seriestypes/rules/{ruleId}/attributes/{attributeId},
805,slicebox.local,slicebox.local,DELETE,/users/{id},
806,slicebox.local,slicebox.local,PUT,/transactions/{token}/status,
807,snyk.io,snyk.io,DELETE,/org/{orgId}/members/{userId},Remove a member from the organization
808,snyk.io,snyk.io,PUT,/org/{orgId}/integrations/{integrationId}/settings,Update
809,snyk.io,snyk.io,PUT,/org/{orgId}/members/{userId},Update a member in the organization
810,snyk.io,snyk.io,PUT,/user/me/notification-settings/org/{orgId},Modify organization notification settings
811,soundcloud.com,soundcloud.com,DELETE,/reposts/playlists/{playlist_id},
812,spoonacular.com,spoonacular.com,DELETE,/mealplanner/{username}/shopping-list/items/{id},deleteFromShoppingList
813,spotify.com,spotify.com:sonallux,DELETE,/me/albums,remove-albums-user
814,spotify.com,spotify.com:sonallux,DELETE,/me/tracks,remove-tracks-user
815,spotify.com,spotify.com:sonallux,PUT,/me/audiobooks,save-audiobooks-user
816,spotify.com,spotify.com:sonallux,PUT,/me/episodes,save-episodes-user
817,spotify.com,spotify.com:sonallux,PUT,/me/following,follow-artists-users
818,spotify.com,spotify.com:sonallux,PUT,/me/player,transfer-a-users-playback
819,spotify.com,spotify.com,PUT,/playlists/{playlist_id},change-playlist-details
820,squareup.com,squareup.com,DELETE,/v2/catalog/object/{object_id},DeleteCatalogObject
821,squareup.com,squareup.com,PUT,/v2/orders/{order_id},
822,storecove.com,storecove.com,DELETE,/webhook_instances/{guid},delete_webhook_instance
823,storecove.com,storecove.com,PATCH,/legal_entities/{id},update_legal_entity
824,stream-io-api.com,stream-io-api.com,DELETE,/channels/{type}/{id}/file,DeleteFile
825,stream-io-api.com,stream-io-api.com,DELETE,/commands/{name},DeleteCommand
826,stream-io-api.com,stream-io-api.com,DELETE,/push_providers/{type}/{name},DeletePushProvider
827,stream-io-api.com,stream-io-api.com,PATCH,/app,UpdateApp
828,stream-io-api.com,stream-io-api.com,PATCH,/campaigns/{id}/schedule,ScheduleCampaign
829,stream-io-api.com,stream-io-api.com,PUT,/commands/{name},UpdateCommand
830,superset.apache.local,superset.apache.local:superset,DELETE,/database/{pk},
831,superset.apache.local,superset.apache.local:superset,PUT,/chart/{pk},
832,superset.apache.local,superset.apache.local:superset,PUT,/css_template/{pk},
833,superset.apache.local,superset.apache.local:superset,PUT,/report/{pk},
834,surevoip.co.uk,surevoip.co.uk,DELETE,/customers/{account}/announcements/{announcement_id},
835,svix.com,svix.com,DELETE,/api/v1/app/{app_id}/,delete_application_api_v1_app__app_id___delete
836,svix.com,svix.com,DELETE,/api/v1/app/{app_id}/integration/{integ_id}/,delete_integration_api_v1_app__app_id__integration__integ_id___delete
837,svix.com,svix.com,DELETE,/api/v1/app/{app_id}/msg/{msg_id}/content/,expunge_message_payload_api_v1_app__app_id__msg__msg_id__content__delete
838,swaggerhub.com,swaggerhub.com,PUT,/apis/{owner}/{api}/{version}/settings/lifecycle,setLifecycleSettings
839,swaggerhub.com,swaggerhub.com,PUT,/domains/{owner}/{domain}/{version}/settings/lifecycle,setDomainLifecycleSettings
840,swaggerhub.com,swaggerhub.com,PUT,/domains/{owner}/{domain}/settings/default,setDomainDefaultVersion
841,swaggerhub.com,swaggerhub.com,PUT,/templates/{owner}/{templateId}/{version}/settings/private,setTemplatePrivateSettings
842,taxamo.com,taxamo.com,DELETE,/api/v1/transactions/{key},cancelTransaction
843,taxamo.com,taxamo.com,PUT,/api/v1/transactions/{key},updateTransaction
844,telnyx.com,telnyx.com,DELETE,/faxes/{id},DeleteFax
845,telnyx.com,telnyx.com,DELETE,/ips/{id},deleteIp
846,telnyx.com,telnyx.com,DELETE,/notification_channels/{id},deleteNotificationChannel
847,telnyx.com,telnyx.com,DELETE,/whatsapp_media/{whatsapp_user_id}/{media_id},
848,telnyx.com,telnyx.com,PATCH,/authentication_providers/{id},updateAuthenticationProvider
849,telnyx.com,telnyx.com,PATCH,/fax_applications/{id},UpdateFaxApplication
850,telnyx.com,telnyx.com,PATCH,/phone_numbers/{id},updatePhoneNumber
851,telnyx.com,telnyx.com,PATCH,/whatsapp_users/{whatsapp_user_id},updateWhatsAppWebhook
852,thesmsworks.co.uk,thesmsworks.co.uk,DELETE,/batches/schedule/{batchid},
853,thesmsworks.co.uk,thesmsworks.co.uk,DELETE,/messages/{messageid},
854,threatjammer.com,threatjammer.com,DELETE,/v1/denylist/reported/ip/all,delete_all_ip_addresses_reported_by_the_user_v1_denylist_reported_ip_all_delete
855,threatjammer.com,threatjammer.com,DELETE,/v1/origin_token,delete_token_v1_origin_token_delete
856,threatjammer.com,threatjammer.com,PUT,/v1/denylist/private/{denylist_id},update_private_denylist_of_the_user_v1_denylist_private__denylist_id__put
857,threatjammer.com,threatjammer.com,PUT,/v1/denylist/private/{denylist_id}/origin,change_status_of_the_origin_denylist_v1_denylist_private__denylist_id__origin_put
858,threatjammer.com,threatjammer.com,PUT,/v1/denylist/public/{denylist_id}/origin,change_status_of_the_origin_denylist_v1_denylist_public__denylist_id__origin_put
859,threatjammer.com,threatjammer.com,PUT,/v1/origin_token/disable,disable_origin_token_v1_origin_token_disable_put
860,traccar.org,traccar.org,DELETE,/commands/{id},
861,traccar.org,traccar.org,DELETE,/maintenance/{id},
862,traccar.org,traccar.org,PUT,/groups/{id},
863,trakt.tv,trakt.tv,DELETE,/recommendations/shows/{id},Hide a show recommendation
864,trakt.tv,trakt.tv,DELETE,/users/{id}/lists/{list_id}/like,Remove like on a list
865,trashnothing.com,trashnothing.com,DELETE,/photos/{photo_id},delete_photo
866,trashnothing.com,trashnothing.com,DELETE,/posts/{post_id},delete_post
867,trashnothing.com,trashnothing.com,PUT,/posts/{post_id}/unpromise,unpromise_post
868,trashnothing.com,trashnothing.com,PUT,/users/me/alerts,create_alert
869,trello.com,trello.com,DELETE,/members/{idMember}/boardBackgrounds/{idBoardBackground},deleteMembersBoardBackgroundsByIdMemberByIdBoardBackground
870,trello.com,trello.com,DELETE,/tokens/{token},deleteTokensByToken
871,trello.com,trello.com,PUT,/boards/{idBoard}/prefs/permissionLevel,updateBoardsPrefsPermissionLevelByIdBoard
872,trello.com,trello.com,PUT,/checklists/{idChecklist},updateChecklistsByIdChecklist
873,trello.com,trello.com,PUT,/organizations/{idOrg}/members/{idMember},updateOrganizationsMembersByIdOrgByIdMember
874,trello.com,trello.com,PUT,/organizations/{idOrg}/prefs/associatedDomain,updateOrganizationsPrefsAssociatedDomainByIdOrg
875,trello.com,trello.com,PUT,/webhooks/{idWebhook}/callbackURL,updateWebhooksCallbackURLByIdWebhook
876,trello.com,trello.com,PUT,/webhooks/{idWebhook}/description,updateWebhooksDescriptionByIdWebhook
877,truora.com,truora.com,DELETE,/v1/config,DeleteCustomType
878,truora.com,truora.com,PUT,/v1/config,UpdateCustomType
879,turbinelabs.io,turbinelabs.io,DELETE,/admin/user/self/access_token/{access-token-key},
880,turbinelabs.io,turbinelabs.io,DELETE,/route/{routeKey},
881,tvmaze.com,tvmaze.com,DELETE,/user/votes/shows/{show_id},
882,tvmaze.com,tvmaze.com,PUT,/user/follows/people/{person_id},
883,tvmaze.com,tvmaze.com,PUT,/user/follows/shows/{show_id},
884,twinehealth.com,twinehealth.com,DELETE,/calendar_event/{id},deleteCalendarEvent
885,twinehealth.com,twinehealth.com,PATCH,/bundle/{id},updateBundle
886,twitter.com,twitter.com:current,DELETE,/2/tweets/{id},deleteTweetById
887,twitter.com,twitter.com:current,DELETE,/2/users/{source_user_id}/following/{target_user_id},usersIdUnfollow
888,twitter.com,twitter.com:current,DELETE,/2/users/{source_user_id}/muting/{target_user_id},usersIdUnmute
889,tyk.com,tyk.com,DELETE,/tyk/keys/{keyId},
890,uebermaps.com,uebermaps.com,PATCH,/events/{id},
891,unicourt.com,unicourt.com,DELETE,/caseTrack/{caseId},removeCaseTrackById
892,unicourt.com,unicourt.com,PUT,/listAllTokenIds,listAllTokenIds
893,up.com.au,up.com.au,DELETE,/transactions/{transactionId}/relationships/tags,
894,up.com.au,up.com.au,PATCH,/transactions/{transactionId}/relationships/category,
895,velopayments.com,velopayments.com,DELETE,/v2/users/{userId},deleteUserByIdV2
896,velopayments.com,velopayments.com,DELETE,/v3/payees/{payeeId},deletePayeeByIdV3
897,velopayments.com,velopayments.com,DELETE,/v3/payouts/{payoutId},withdrawPayoutV3
898,vestorly.com,vestorly.com,DELETE,/custom_feeds/{id},deleteCustomFeed
899,vestorly.com,vestorly.com,PUT,/members/{id},updateMemberByID
900,vestorly.com,vestorly.com,PUT,/newsletters/{id},updateNewsletterByID
901,vestorly.com,vestorly.com,PUT,/seed_custom_feeds/{id},updateSeedCustomFeedById
902,victorops.com,victorops.com,DELETE,/api-public/v1/user/{user}/contact-methods/emails/{contactId},
903,victorops.com,victorops.com,PATCH,/api-public/v1/incidents/ack,
904,vimeo.com,vimeo.com,DELETE,/me/likes/{video_id},unlike_video_alt1
905,vimeo.com,vimeo.com,PATCH,/users/{user_id}/pictures/{portraitset_id},edit_picture
906,vimeo.com,vimeo.com,PUT,/me/albums/{album_id}/videos,replace_videos_in_album_alt1
907,vimeo.com,vimeo.com,PUT,/ondemand/pages/{ondemand_id}/genres/{genre_id},add_vod_genre
908,vimeo.com,vimeo.com,PUT,/ondemand/pages/{ondemand_id}/regions/{country},add_vod_region
909,vimeo.com,vimeo.com,PUT,/users/{user_id}/likes/{video_id},like_video
910,vimeo.com,vimeo.com,PUT,/users/{user_id}/projects/{project_id}/videos,add_videos_to_project
911,vimeo.com,vimeo.com,PUT,/videos/{video_id}/tags,add_video_tags
912,visagecloud.com,visagecloud.com,DELETE,/rest/v1.1/profile/{id},deleteProfileUsingDELETE
913,visagecloud.com,visagecloud.com,DELETE,/rest/v1.1/stream/{id},removeStreamUsingDELETE
914,visualstudio.com,visualstudio.com,DELETE,/api/v1/GenevaActions/VnetPoolDefinitions,
915,visualstudio.com,visualstudio.com,PATCH,/api/v1/subscriptions/{subscriptionId}/resourceGroups/{resourceGroup}/providers/GitHub.Network/{resourceType}/{resourceName},
916,visualstudio.com,visualstudio.com,PUT,/api/v1/Environments/{environmentId}/secrets,
917,visualstudio.com,visualstudio.com,PUT,/api/v1/subscriptions/{subscriptionId}/resourceGroups/{resourceGroup}/providers/Microsoft.VSOnline/plans/{resourceName},
918,visualstudio.com,visualstudio.com,PUT,/api/v1/tenant/{tenantId}/pool/{poolName}/Vm/{vmName},
919,vmware.local,vmware.local:vrni,DELETE,/data-sources/hpov-managers/{id},deleteHpovManager
920,vmware.local,vmware.local:vrni,DELETE,/groups/applications/{id},deleteApplication
921,vmware.local,vmware.local:vrni,PUT,/data-sources/brocade-switches/{id}/snmp-config,updateBrocadeSwitchSnmpConfig
922,vmware.local,vmware.local:vrni,PUT,/data-sources/cisco-switches/{id},updateCiscoSwitch
923,vmware.local,vmware.local:vrni,PUT,/data-sources/cisco-switches/{id}/snmp-config,updateCiscoSwitchSnmpConfig
924,vocadb.net,vocadb.net,DELETE,/api/albums/{id}/reviews/{reviewId},
925,vocadb.net,vocadb.net,DELETE,/api/artists/comments/{commentId},
926,vocadb.net,vocadb.net,DELETE,/api/songs/comments/{commentId},
927,vocadb.net,vocadb.net,DELETE,/api/venues/{id},
928,vtex.local,vtex.local:Catalog-API,DELETE,/api/catalog/pvt/product/{productId}/specification,DeleteAllProductSpecifications
929,vtex.local,vtex.local:Catalog-API,DELETE,/api/catalog/pvt/stockkeepingunitkit,
930,vtex.local,vtex.local:MasterData-API-,DELETE,/api/dataentities/{acronym}/documents/{id}/score/{field-name},Deletescorebyfield
931,vtex.local,vtex.local:Marketplace-APIs,PATCH,/seller-register/pvt/sellers/{sellerId},UpdateSeller
932,vtex.local,vtex.local:Subscriptions-API-(v2),PATCH,/subscriptions/{subscriptionId},UpdateSubscriptionsbySubscriptionId
933,vtex.local,vtex.local:Subscriptions-API-(v2),PATCH,/subscriptions/{subscriptionId}/cancel,CancelSubscriptionsbySubscriptionId
934,vtex.local,vtex.local:Customer-Credit-API,PUT,/api/creditcontrol/accounts/{accountId},OpenorChangeAccount
935,vtex.local,vtex.local:Logistics-API,PUT,/api/logistics/pvt/inventory/skus/{skuId}/warehouses/{warehouseId},UpdateInventoryBySkuandWarehouse
936,walletobjects.googleapis.com,walletobjects.googleapis.com:pay-passes,PATCH,/walletobjects/v1/eventTicketClass/{resourceId},walletobjects.eventticketclass.patch
937,walletobjects.googleapis.com,walletobjects.googleapis.com:pay-passes,PATCH,/walletobjects/v1/eventTicketObject/{resourceId},walletobjects.eventticketobject.patch
938,walletobjects.googleapis.com,walletobjects.googleapis.com:pay-passes,PATCH,/walletobjects/v1/flightObject/{resourceId},walletobjects.flightobject.patch
939,walletobjects.googleapis.com,walletobjects.googleapis.com:pay-passes,PUT,/walletobjects/v1/eventTicketClass/{resourceId},walletobjects.eventticketclass.update
940,walletobjects.googleapis.com,walletobjects.googleapis.com:pay-passes,PUT,/walletobjects/v1/flightClass/{resourceId},walletobjects.flightclass.update
941,walletobjects.googleapis.com,walletobjects.googleapis.com:pay-passes,PUT,/walletobjects/v1/giftCardClass/{resourceId},walletobjects.giftcardclass.update
942,warwick.ac.uk,warwick.ac.uk:enterobase,PUT,/api/v2.0/{database}/traces/{barcode},
943,watchful.li,watchful.li,DELETE,/sites/{id}/monitor,deleteMonitor
944,webflow.com,webflow.com,PATCH,/profiles/{profileId},
945,whapi.com,whapi.com:bets,PUT,/{betId}/cashin,cashin
946,whatsapp.local,whatsapp.local,DELETE,/groups/{GroupId}/admins,DemoteGroupAdmin
947,windows.net,windows.net:graphrbac,DELETE,/{tenantID}/groups/{groupObjectId}/$links/members/{memberObjectId},Groups_RemoveMember
948,windows.net,windows.net:graphrbac,DELETE,/{tenantID}/oauth2PermissionGrants/{objectId},OAuth2PermissionGrant_Delete
949,windows.net,windows.net:graphrbac,DELETE,/{tenantID}/servicePrincipals/{objectId},ServicePrincipals_Delete
950,windows.net,windows.net:batch-BatchService,DELETE,/jobs/{jobId}/tasks/{taskId}/files/{filePath},File_DeleteFromTask
951,windows.net,windows.net:batch-BatchService,PUT,/jobs/{jobId},Job_Update
952,windows.net,windows.net:batch-BatchService,PUT,/jobs/{jobId}/tasks/{taskId},Task_Update
953,windows.net,windows.net:batch-BatchService,PUT,/jobschedules/{jobScheduleId},JobSchedule_Update
954,windows.net,windows.net:batch-BatchService,PUT,/pools/{poolId}/nodes/{nodeId}/users/{userName},ComputeNode_UpdateUser
955,wowza.com,wowza.com,DELETE,/players/{player_id}/urls/{id},deletePlayerUrl
956,wowza.com,wowza.com,DELETE,/recordings/{id},deleteRecording
957,wowza.com,wowza.com,DELETE,/transcoders/{transcoder_id}/outputs/{output_id}/output_stream_targets/{stream_target_id},deleteTranscoderOutputOutputStreamTarget
958,wowza.com,wowza.com,PATCH,/transcoders/{id},updateTranscoder
959,wowza.com,wowza.com,PUT,/live_streams/{id}/regenerate_connection_code,regenerateConnectionCodeLiveStream
960,wowza.com,wowza.com,PUT,/transcoders/{id}/reset,resetTranscoder
961,wowza.com,wowza.com,PUT,/transcoders/{transcoder_id}/outputs/{output_id}/output_stream_targets/{stream_target_id}/disable,disableTranscoderOutputOutputStreamTarget
962,xero.com,xero.com:xero_accounting,PUT,/Accounts,createAccount
963,xero.com,xero.com:xero_accounting,PUT,/BankTransfers/{BankTransferID}/Attachments/{FileName},createBankTransferAttachmentByFileName
964,xero.com,xero.com:xero_accounting,PUT,/BatchPayments/{BatchPaymentID}/History,createBatchPaymentHistoryRecord
965,xero.com,xero.com:xero_accounting,PUT,/Contacts/{ContactID}/History,createContactHistory
966,xero.com,xero.com:xero_files,PUT,/Folders/{FolderId},updateFolder
967,xero.com,xero.com:xero_accounting,PUT,/ManualJournals/{ManualJournalID}/History,createManualJournalHistoryRecord
968,xero.com,xero.com:xero_accounting,PUT,/Quotes/{QuoteID}/Attachments/{FileName},createQuoteAttachmentByFileName
969,xero.com,xero.com:xero_accounting,PUT,/Quotes/{QuoteID}/History,createQuoteHistory
970,xtrf.eu,xtrf.eu,DELETE,/v2/quotes/{quoteId}/finance/payables/{payableId},deletePayable_3
971,xtrf.eu,xtrf.eu,PUT,/browser/views/{viewId},update
972,xtrf.eu,xtrf.eu,PUT,/customers/{customerId}/customFields/{customFieldKey},updateCustomField
973,xtrf.eu,xtrf.eu,PUT,/projects/{projectId}/finance/payables/{payableId},updatePayable
974,xtrf.eu,xtrf.eu,PUT,/tasks/{taskId}/instructions,updateInstructions_3
975,xtrf.eu,xtrf.eu,PUT,/v2/jobs/{jobId}/files/sharedReferenceFiles/share,shareAsReferenceFiles
976,xtrf.eu,xtrf.eu,PUT,/v2/quotes/{quoteId}/businessDays,updateBusinessDays
977,xtrf.eu,xtrf.eu,PUT,/v2/quotes/{quoteId}/finance/receivables/{receivableId},updateReceivable_3
978,yodlee.com,yodlee.com,DELETE,/configs/notifications/events/{eventName},deleteSubscribedNotificationEvent
979,yodlee.com,yodlee.com,PUT,/transactions/{transactionId},updateTransaction
980,youneedabudget.com,youneedabudget.com,PATCH,/budgets/{budget_id}/months/{month}/categories/{category_id},updateMonthCategory
981,zeit.co,zeit.co,DELETE,/v1/integrations/webhooks/:id,deleteWebhooks
982,zeno.fm,zeno.fm,DELETE,/api/v2/podcasts/{podcastKey}/episodes/{episodeKey},deletePodcast_1
983,zeno.fm,zeno.fm,PUT,/api/v2/podcasts/{podcastKey}/episodes/{episodeKey},updatePodcastEpisode
984,zoom.us,zoom.us,DELETE,/accounts/{accountId}/sip_trunk/internal_numbers/{numberId},deleteInternalNumber
985,zoom.us,zoom.us,DELETE,/phone/call_queues/{callQueueId}/members/{memberId},unassignMemberFromCallQueue
986,zoom.us,zoom.us,PATCH,/accounts/{accountId}/phone/sip_trunk/trunks/{sipTrunkId},updatePhoneSIPTrunk
987,zoom.us,zoom.us,PATCH,/meetings/{meetingId}/livestream/status,meetingLiveStreamStatusUpdate
988,zoom.us,zoom.us,PATCH,/phone/common_area_phones/{commonAreaPhoneId},updateCommonAreaPhone
989,zoom.us,zoom.us,PATCH,/rooms/{id}/events,checkInRooms
990,zoom.us,zoom.us,PUT,/users/{userId}/email,userEmailUpdate
991,zoom.us,zoom.us,PUT,/users/{userId}/presence_status,updatePresenceStatus
992,zoomconnect.com,zoomconnect.com,DELETE,/api/rest/v1/contacts/{contactId},
993,zuora.com,zuora.com,DELETE,/v1/taxationitems/{id},DELETE_TaxationItem
994,zuora.com,zuora.com,PATCH,/objects/records/default/{object}/{id},Patch_PartialUpdateCustomObjectRecord
995,zuora.com,zuora.com,PUT,/v1/accounting-codes/{ac-id}/deactivate,PUT_DeactivateAccountingCode
996,zuora.com,zuora.com,PUT,/v1/accounts/{account-key},PUT_Account
997,zuora.com,zuora.com,PUT,/v1/entity-connections/{connection-id}/accept,PUT_EntityConnectionsAccept
998,zuora.com,zuora.com,PUT,/v1/invoices/{invoiceId}/write-off,PUT_WriteOffInvoice
999,zuora.com,zuora.com,PUT,/v1/payments/{paymentId}/unapply,PUT_UnapplyPayment
1000,zuora.com,zuora.com,PUT,/v1/subscriptions/{subscription-key}/cancel,PUT_CancelSubscription
