set,vendor,method,operationId,path,summary,truth,predicted,rule,floor,verdict,previous_predicted,previous_verdict
holdout2,adyen,POST,post-cardDetails,/cardDetails,Get the brands and other details of a card,r,x,floor,true,OVER-TIGHT,x,OVER-TIGHT
holdout2,adyen,POST,post-donationCampaigns,/donationCampaigns,Get a list of donation campaigns.,r,x,floor,true,OVER-TIGHT,x,OVER-TIGHT
holdout2,adyen,POST,post-originKeys,/originKeys,Create originKey values for domains,r,x,floor,true,OVER-TIGHT,x,OVER-TIGHT
holdout2,adyen,POST,post-paymentMethods,/paymentMethods,Get a list of available payment methods,r,x,floor,true,OVER-TIGHT,x,OVER-TIGHT
holdout2,adyen,POST,post-paymentMethods-balance,/paymentMethods/balance,Get the balance of a gift card,r,x,floor,true,OVER-TIGHT,x,OVER-TIGHT
holdout2,adyen,POST,post-validateShopperId,/validateShopperId,Validates shopper Id,r,x,floor,true,OVER-TIGHT,x,OVER-TIGHT
holdout5,amazon,POST,deliveryOffers,/fba/outbound/2020-07-01/deliveryOffers,,r,x,floor,true,OVER-TIGHT,x,OVER-TIGHT
holdout5,amazon,POST,generateInvoice,/externalFulfillment/2024-09-11/shipments/{shipmentId}/invoice,,r,x,floor,true,OVER-TIGHT,x,OVER-TIGHT
holdout5,amazon,POST,validateContentDocumentAsinRelations,/aplus/2020-11-01/contentAsinValidations,,r,x,floor,true,OVER-TIGHT,x,OVER-TIGHT
holdout5,amazon,PUT,getUnmanifestedShipments,/shipping/v2/unmanifestedShipments,,r,x,no-own-noun,false,OVER-TIGHT,x,OVER-TIGHT
exam3,apicurio.local,PUT,testUpdateArtifact,/groups/{groupId}/artifacts/{artifactId}/test,Test update artifact,r,w,floor,true,OVER-TIGHT,w,OVER-TIGHT
holdout2,box,POST,post_ai_ask,/ai/ask,Ask question,r,x,floor,true,OVER-TIGHT,x,OVER-TIGHT
holdout2,box,POST,post_ai_text_gen,/ai/text_gen,Generate text,r,x,floor,true,OVER-TIGHT,x,OVER-TIGHT
camara,camara,POST,KYC_Fill-in,/fill-in,Providing information related to a customer identity stored the account data bound to the customer's phone number.,r,x,floor,true,OVER-TIGHT,x,OVER-TIGHT
camara,camara,POST,KYC_Match,/match,Matching a customer identity by checking a set of attributes related against the account data bound to their phone number.,r,x,floor,true,OVER-TIGHT,x,OVER-TIGHT
camara,camara,POST,discoverOptimalEdge,/retrieve-optimal-edge-cloud-zones,Discover optimal edge cloud zones for deployed applications,r,x,floor,true,OVER-TIGHT,x,OVER-TIGHT
camara,camara,POST,kycFillin,/fill-in,Providing information related to a customer identity stored the account data bound to the customer's phone number.,r,x,floor,true,OVER-TIGHT,x,OVER-TIGHT
camara,camara,POST,kycMatch,/match,Matching a customer identity by checking a set of attributes related against the account data bound to their phone number.,r,x,floor,true,OVER-TIGHT,x,OVER-TIGHT
camara,camara,POST,phoneNumberVerify,/verify,Verifies if the received hashed/plain text phone number matches the phone number associated with the access token,r,x,floor,true,OVER-TIGHT,x,OVER-TIGHT
camara,camara,POST,profileList,/profile/downloaded-list,Query downloaded profile list,r,x,floor,true,OVER-TIGHT,x,OVER-TIGHT
camara,camara,POST,profileResultQuery,/profile/result/query,Query profile operation result,r,x,floor,true,OVER-TIGHT,x,OVER-TIGHT
holdout4,cloudflare,POST,autorag-config-search,/accounts/{account_id}/autorag/rags/{id}/search,Search,r,x,floor,true,OVER-TIGHT,x,OVER-TIGHT
holdout4,cloudflare,POST,dlp-pattern-validate,/accounts/{account_id}/dlp/patterns/validate,Validate a DLP regex pattern,r,x,floor,true,OVER-TIGHT,x,OVER-TIGHT
holdout4,cloudflare,PUT,slurper-check-source-connectivity,/accounts/{account_id}/slurper/source/connectivity-precheck,Check source connectivity,r,x,no-own-noun,false,OVER-TIGHT,x,OVER-TIGHT
exam3,gettyimages.com,PUT,,/v3/asset-changes/change-sets,Get asset change notifications.,r,w,floor,true,OVER-TIGHT,w,OVER-TIGHT
exam2,httpbin.org,DELETE,,/delay/{delay},Returns a delayed response (max of 10 seconds).,r,x,no-own-noun,false,OVER-TIGHT,w,OVER-TIGHT
exam3,httpbin.org,DELETE,,/anything,Returns anything passed in request data.,r,x,no-own-noun,false,OVER-TIGHT,x,OVER-TIGHT
exam3,httpbin.org,DELETE,,/delete,The request's DELETE parameters.,r,w,floor,true,OVER-TIGHT,w,OVER-TIGHT
exam3,httpbin.org,DELETE,,/redirect-to,302/3XX Redirects to the given URL.,r,x,no-own-noun,false,OVER-TIGHT,x,OVER-TIGHT
exam3,httpbin.org,DELETE,,/status/{codes},Return status code or random status code if more than one are given,r,w,floor,true,OVER-TIGHT,x,OVER-TIGHT
exam2,httpbin.org,PATCH,,/redirect-to,302/3XX Redirects to the given URL.,r,x,no-own-noun,false,OVER-TIGHT,x,OVER-TIGHT
exam3,httpbin.org,PATCH,,/anything,Returns anything passed in request data.,r,x,no-own-noun,false,OVER-TIGHT,x,OVER-TIGHT
exam3,httpbin.org,PATCH,,/anything/{anything},Returns anything passed in request data.,r,x,no-own-noun,false,OVER-TIGHT,x,OVER-TIGHT
exam3,httpbin.org,PATCH,,/delay/{delay},Returns a delayed response (max of 10 seconds).,r,x,no-own-noun,false,OVER-TIGHT,w,OVER-TIGHT
exam3,httpbin.org,PATCH,,/patch,The request's PATCH parameters.,r,w,floor,true,OVER-TIGHT,w,OVER-TIGHT
exam3,httpbin.org,PATCH,,/status/{codes},Return status code or random status code if more than one are given,r,w,floor,true,OVER-TIGHT,x,OVER-TIGHT
exam2,httpbin.org,PUT,,/anything,Returns anything passed in request data.,r,x,no-own-noun,false,OVER-TIGHT,x,OVER-TIGHT
exam2,httpbin.org,PUT,,/put,The request's PUT parameters.,r,w,floor,true,OVER-TIGHT,w,OVER-TIGHT
exam3,httpbin.org,PUT,,/anything/{anything},Returns anything passed in request data.,r,x,no-own-noun,false,OVER-TIGHT,x,OVER-TIGHT
exam3,httpbin.org,PUT,,/delay/{delay},Returns a delayed response (max of 10 seconds).,r,x,no-own-noun,false,OVER-TIGHT,w,OVER-TIGHT
exam3,httpbin.org,PUT,,/redirect-to,302/3XX Redirects to the given URL.,r,x,no-own-noun,false,OVER-TIGHT,x,OVER-TIGHT
exam3,httpbin.org,PUT,,/status/{codes},Return status code or random status code if more than one are given,r,w,floor,true,OVER-TIGHT,x,OVER-TIGHT
exam2,presalytics.io,PUT,shared_images_getimage_put_id,/Images/GetImage/{Id},Image: Download Image,r,x,no-own-noun,false,OVER-TIGHT,w,OVER-TIGHT
exam2,shipengine.com,PUT,parse_address,/v1/addresses/recognize,Parse an address,r,x,no-own-noun,false,OVER-TIGHT,w,OVER-TIGHT
exam3,shipengine.com,PUT,parse_shipment,/v1/shipments/recognize,Parse shipping info,r,x,no-own-noun,false,OVER-TIGHT,x,OVER-TIGHT
holdout5,slack,POST,users_setActive,/users.setActive,,r,x,floor,true,OVER-TIGHT,x,OVER-TIGHT
exam2,unicourt.com,PUT,listAllTokenIds,/listAllTokenIds,API to list all the access tokens Id.,r,x,no-own-noun,false,OVER-TIGHT,x,OVER-TIGHT
holdout3,vercel,POST,artifactQuery,/v8/artifacts,Query information about an artifact,r,x,floor,true,OVER-TIGHT,x,OVER-TIGHT
holdout3,vercel,POST,generateRoute,/v1/projects/{projectId}/routes/generate,Generate a routing rule from natural language,r,x,floor,true,OVER-TIGHT,x,OVER-TIGHT
holdout2,adyen,GET,get-paymentLinks-linkId,/paymentLinks/{linkId},Get a payment link,r,r,floor,true,ok,r,ok
holdout2,adyen,GET,get-sessions-sessionId,/sessions/{sessionId},Get the result of a payment session,r,r,floor,true,ok,r,ok
holdout2,adyen,GET,get-storedPaymentMethods,/storedPaymentMethods,Get tokens for stored payment details,r,r,floor,true,ok,r,ok
holdout5,amazon,GET,GetShipmentDetails,/vendor/shipping/v1/shipments,GetShipmentDetails,r,r,floor,true,ok,r,ok
holdout5,amazon,GET,getAccount,/finances/transfers/wallet/2024-03-01/accounts/{accountId},Find particular Amazon Seller Wallet account by Amazon account identifier,r,r,floor,true,ok,r,ok
holdout5,amazon,GET,getAdditionalInputs,/shipping/v2/shipments/additionalInputs/schema,,r,r,floor,true,ok,r,ok
holdout5,amazon,GET,getAppointmentSlots,/service/v1/appointmentSlots,,r,r,floor,true,ok,r,ok
holdout5,amazon,GET,getBrowseNodeReturnTopics,/customerFeedback/2024-06-01/browseNodes/{browseNodeId}/returns/topics,,r,r,floor,true,ok,r,ok
holdout5,amazon,GET,getBrowseNodeReviewTrends,/customerFeedback/2024-06-01/browseNodes/{browseNodeId}/reviews/trends,,r,r,floor,true,ok,r,ok
holdout5,amazon,GET,getCarrierAccountFormInputs,/shipping/v2/carrierAccountFormInputs,,r,r,floor,true,ok,r,ok
holdout5,amazon,GET,getCatalogItem,/catalog/2022-04-01/items/{asin},,r,r,floor,true,ok,r,ok
holdout5,amazon,GET,getContentDocument,/aplus/2020-11-01/contentDocuments/{contentReferenceKey},,r,r,floor,true,ok,r,ok
holdout5,amazon,GET,getCustomerInvoices,/vendor/directFulfillment/shipping/2021-12-28/customerInvoices,getCustomerInvoices,r,r,floor,true,ok,r,ok
holdout5,amazon,GET,getFeatureSKU,/fba/outbound/2020-07-01/features/inventory/{featureName}/{sellerSku},,r,r,floor,true,ok,r,ok
holdout5,amazon,GET,getFeedDocument,/feeds/2021-06-30/documents/{feedDocumentId},,r,r,floor,true,ok,r,ok
holdout5,amazon,GET,getInboundShipment,/awd/2024-05-09/inboundShipments/{shipmentId},,r,r,floor,true,ok,r,ok
holdout5,amazon,GET,getInvoice,/finances/invoices/2026-06-25/invoices/{invoiceIdentifier},,r,r,floor,true,ok,r,ok
holdout5,amazon,GET,getInvoice,/tax/invoices/2024-06-19/invoices/{invoiceId},,r,r,floor,true,ok,r,ok
holdout5,amazon,GET,getInvoiceStatus,/delivery/2022-07-01/invoice/status,,r,r,floor,true,ok,r,ok
holdout5,amazon,GET,getInvoicesAttributes,/tax/invoices/2024-06-19/attributes,,r,r,floor,true,ok,r,ok
holdout5,amazon,GET,getItemOffers,/products/pricing/v0/items/{Asin}/offers,,r,r,floor,true,ok,r,ok
holdout5,amazon,GET,getItemReviewTrends,/customerFeedback/2024-06-01/items/{asin}/reviews/trends,,r,r,floor,true,ok,r,ok
holdout5,amazon,GET,getLabels,/fba/inbound/v0/shipments/{shipmentId}/labels,,r,r,floor,true,ok,r,ok
holdout5,amazon,GET,getMessagingActionsForOrder,/messaging/v1/orders/{amazonOrderId},,r,r,floor,true,ok,r,ok
holdout5,amazon,GET,getOrder,/fulfillment/outbound/2026-07-04/orders/{orderId},,r,r,floor,true,ok,r,ok
holdout5,amazon,GET,getOrder,/orders/2026-01-01/orders/{orderId},,r,r,floor,true,ok,r,ok
holdout5,amazon,GET,getOrderAddress,/orders/v0/orders/{orderId}/address,,r,r,floor,true,ok,r,ok
holdout5,amazon,GET,getOrderItemsBuyerInfo,/orders/v0/orders/{orderId}/orderItems/buyerInfo,,r,r,floor,true,ok,r,ok
holdout5,amazon,GET,getOrderMetrics,/sales/v1/orderMetrics,,r,r,floor,true,ok,r,ok
holdout5,amazon,GET,getOrders,/vendor/directFulfillment/orders/2021-12-28/purchaseOrders,,r,r,floor,true,ok,r,ok
holdout5,amazon,GET,getOrders,/vendor/directFulfillment/orders/v1/purchaseOrders,,r,r,floor,true,ok,r,ok
holdout5,amazon,GET,getPackingSlip,/vendor/directFulfillment/shipping/2021-12-28/packingSlips/{purchaseOrderNumber},getPackingSlip,r,r,floor,true,ok,r,ok
holdout5,amazon,GET,getPackingSlips,/vendor/directFulfillment/shipping/v1/packingSlips,,r,r,floor,true,ok,r,ok
holdout5,amazon,GET,getPurchaseOrdersStatus,/vendor/orders/v1/purchaseOrdersStatus,,r,r,floor,true,ok,r,ok
holdout5,amazon,GET,getReplenishmentOrder,/awd/2024-05-09/replenishmentOrders/{orderId},,r,r,floor,true,ok,r,ok
holdout5,amazon,GET,getReportDocument,/reports/2021-06-30/documents/{reportDocumentId},,r,r,floor,true,ok,r,ok
holdout5,amazon,GET,getServiceJobByServiceJobId,/service/v1/serviceJobs/{serviceJobId},,r,r,floor,true,ok,r,ok
holdout5,amazon,GET,getShipment,/externalFulfillment/2024-09-11/shipments/{shipmentId},,r,r,floor,true,ok,r,ok
holdout5,amazon,GET,getShipment,/mfn/v0/shipments/{shipmentId},,r,r,floor,true,ok,r,ok
holdout5,amazon,GET,getShipment,/shipping/v1/shipments/{shipmentId},,r,r,floor,true,ok,r,ok
holdout5,amazon,GET,getShipmentContentUpdatePreview,/inbound/fba/2024-03-20/inboundPlans/{inboundPlanId}/shipments/{shipmentId}/contentUpdatePreviews/{contentUpdatePreviewId},,r,r,floor,true,ok,r,ok
holdout5,amazon,GET,getShipments,/fba/inbound/v0/shipments,,r,r,floor,true,ok,r,ok
holdout5,amazon,GET,getShippingLabel,/vendor/directFulfillment/shipping/v1/shippingLabels/{purchaseOrderNumber},,r,r,floor,true,ok,r,ok
holdout5,amazon,GET,getShippingLabels,/vendor/directFulfillment/shipping/2021-12-28/shippingLabels,getShippingLabels,r,r,floor,true,ok,r,ok
holdout5,amazon,GET,getSubscription,/notifications/v1/subscriptions/{notificationType},,r,r,floor,true,ok,r,ok
holdout5,amazon,GET,getSupplySource,/supplySources/2020-07-01/supplySources/{supplySourceId},,r,r,floor,true,ok,r,ok
holdout5,amazon,GET,getSupplySources,/supplySources/2020-07-01/supplySources,,r,r,floor,true,ok,r,ok
holdout5,amazon,GET,getTransaction,/vendor/transactions/v1/transactions/{transactionId},,r,r,floor,true,ok,r,ok
holdout5,amazon,GET,listContentDocumentAsinRelations,/aplus/2020-11-01/contentDocuments/{contentReferenceKey}/asins,,r,r,floor,true,ok,r,ok
holdout5,amazon,GET,listDeliveryWindowOptions,/inbound/fba/2024-03-20/inboundPlans/{inboundPlanId}/shipments/{shipmentId}/deliveryWindowOptions,,r,r,floor,true,ok,r,ok
holdout5,amazon,GET,listFinancialEventsByGroupId,/finances/v0/financialEventGroups/{eventGroupId}/financialEvents,,r,r,floor,true,ok,r,ok
holdout5,amazon,GET,listInboundPlanBoxes,/inbound/fba/2024-03-20/inboundPlans/{inboundPlanId}/boxes,,r,r,floor,true,ok,r,ok
holdout5,amazon,GET,listInboundPlans,/inbound/fba/2024-03-20/inboundPlans,,r,r,floor,true,ok,r,ok
holdout5,amazon,GET,listItemComplianceDetails,/inbound/fba/2024-03-20/items/compliance,,r,r,floor,true,ok,r,ok
holdout5,amazon,GET,listPrepDetails,/inbound/fba/2024-03-20/items/prepDetails,,r,r,floor,true,ok,r,ok
holdout5,amazon,GET,listReturnReasonCodes,/fba/outbound/2020-07-01/returnReasonCodes,,r,r,floor,true,ok,r,ok
holdout5,amazon,GET,listReturns,/externalFulfillment/2024-09-11/returns,,r,r,floor,true,ok,r,ok
holdout5,amazon,GET,listShipmentBoxes,/inbound/fba/2024-03-20/inboundPlans/{inboundPlanId}/shipments/{shipmentId}/boxes,,r,r,floor,true,ok,r,ok
holdout5,amazon,GET,listShipmentItems,/inbound/fba/2024-03-20/inboundPlans/{inboundPlanId}/shipments/{shipmentId}/items,,r,r,floor,true,ok,r,ok
holdout5,amazon,GET,listSummary,/finances/2024-06-19/summary,,r,r,floor,true,ok,r,ok
holdout5,amazon,GET,listTransferSchedules,/finances/transfers/wallet/2024-03-01/transferSchedules,The API will return all the transfer schedules for a given Amazon Seller Wallet account,r,r,floor,true,ok,r,ok
holdout5,amazon,GET,listTransportationOptions,/inbound/fba/2024-03-20/inboundPlans/{inboundPlanId}/transportationOptions,,r,r,floor,true,ok,r,ok
holdout5,amazon,GET,searchCatalogItems,/catalog/2020-12-01/items,,r,r,floor,true,ok,r,ok
holdout5,amazon,GET,searchContentPublishRecords,/aplus/2020-11-01/contentPublishRecords,,r,r,floor,true,ok,r,ok
holdout5,amazon,GET,searchDefinitionsProductTypes,/definitions/2020-09-01/productTypes,,r,r,floor,true,ok,r,ok
holdout5,amazon,GET,searchListingsItems,/listings/2021-08-01/items/{sellerId},,r,r,floor,true,ok,r,ok
holdout5,amazon,GET,searchPromotions,/promotions/2025-12-01/promotions,,r,r,floor,true,ok,r,ok
holdout5,amazon,POST,getEligibleShipmentServices,/mfn/v0/eligibleShippingServices,,r,r,read-verb,false,ok,r,ok
holdout5,amazon,POST,getFeaturedOfferExpectedPriceBatch,/batches/products/pricing/2022-05-01/offer/featuredOfferExpectedPrice,,r,r,read-verb,false,ok,r,ok
holdout5,amazon,POST,getFulfillmentPreview,/fba/outbound/2020-07-01/fulfillmentOrders/preview,,r,r,read-verb,false,ok,r,ok
holdout5,amazon,POST,getMyFeesEstimateForASIN,/products/fees/v0/items/{Asin}/feesEstimate,,r,r,read-verb,false,ok,r,ok
holdout5,amazon,POST,getOffers,/fulfillment/outbound/2026-07-04/offers,,r,r,read-verb,false,ok,r,ok
holdout5,amazon,POST,getRangeSlotCapacity,/service/v1/serviceResources/{resourceId}/capacity/range,,r,r,read-verb,false,ok,r,ok
holdout5,amazon,POST,listOfferMetrics,/replenishment/2022-11-07/offers/metrics/search,,r,r,read-verb,false,ok,r,ok
holdout2,box,GET,get_collaboration_whitelist_exempt_targets,/collaboration_whitelist_exempt_targets,List users exempt from collaboration domain restrictions,r,r,floor,true,ok,r,ok
holdout2,box,GET,get_collaboration_whitelist_exempt_targets_id,/collaboration_whitelist_exempt_targets/{collaboration_whitelist_exempt_target_id},Get user exempt from collaboration domain restrictions,r,r,floor,true,ok,r,ok
holdout2,box,GET,get_collections,/collections,List all collections,r,r,floor,true,ok,r,ok
holdout2,box,GET,get_enterprises_id_device_pinners,/enterprises/{enterprise_id}/device_pinners,List enterprise device pins,r,r,floor,true,ok,r,ok
holdout2,box,GET,get_file_requests_id,/file_requests/{file_request_id},Get file request,r,r,floor,true,ok,r,ok
holdout2,box,GET,get_file_version_legal_holds,/file_version_legal_holds,List file version legal holds,r,r,floor,true,ok,r,ok
holdout2,box,GET,get_file_version_retentions_id,/file_version_retentions/{file_version_retention_id},Get retention on file,r,r,floor,true,ok,r,ok
holdout2,box,GET,get_files_id_collaborations,/files/{file_id}/collaborations,List file collaborations,r,r,floor,true,ok,r,ok
holdout2,box,GET,get_files_id_metadata_id_id,/files/{file_id}/metadata/{scope}/{template_key},Get metadata instance on file,r,r,floor,true,ok,r,ok
holdout2,box,GET,get_files_id_tasks,/files/{file_id}/tasks,List tasks on file,r,r,floor,true,ok,r,ok
holdout2,box,GET,get_files_id_trash,/files/{file_id}/trash,Get trashed file,r,r,floor,true,ok,r,ok
holdout2,box,GET,get_folders_id_collaborations,/folders/{folder_id}/collaborations,List folder collaborations,r,r,floor,true,ok,r,ok
holdout2,box,GET,get_folders_id_metadata,/folders/{folder_id}/metadata,List metadata instances on folder,r,r,floor,true,ok,r,ok
holdout2,box,GET,get_folders_id_metadata_id_id,/folders/{folder_id}/metadata/{scope}/{template_key},Get metadata instance on folder,r,r,floor,true,ok,r,ok
holdout2,box,GET,get_folders_id_watermark,/folders/{folder_id}/watermark,Get watermark for folder,r,r,floor,true,ok,r,ok
holdout2,box,GET,get_groups,/groups,List groups for enterprise,r,r,floor,true,ok,r,ok
holdout2,box,GET,get_groups_id_collaborations,/groups/{group_id}/collaborations,List group collaborations,r,r,floor,true,ok,r,ok
holdout2,box,GET,get_integration_mappings_teams,/integration_mappings/teams,List Teams integration mappings,r,r,floor,true,ok,r,ok
holdout2,box,GET,get_legal_hold_policies,/legal_hold_policies,List all legal hold policies,r,r,floor,true,ok,r,ok
holdout2,box,GET,get_legal_hold_policies_id,/legal_hold_policies/{legal_hold_policy_id},Get legal hold policy,r,r,floor,true,ok,r,ok
holdout2,box,GET,get_legal_hold_policy_assignments_id_file_versions_on_hold,/legal_hold_policy_assignments/{legal_hold_policy_assignment_id}/file_versions_on_hold,List previous file versions for legal hold policy assignment,r,r,floor,true,ok,r,ok
holdout2,box,GET,get_metadata_taxonomies_id,/metadata_taxonomies/{namespace},Get metadata taxonomies for namespace,r,r,floor,true,ok,r,ok
holdout2,box,GET,get_metadata_templates_enterprise_securityClassification-6VMVochwUWo_schema,/metadata_templates/enterprise/securityClassification-6VMVochwUWo/schema,List all classifications,r,r,floor,true,ok,r,ok
holdout2,box,GET,get_metadata_templates_global,/metadata_templates/global,List all global metadata templates,r,r,floor,true,ok,r,ok
holdout2,box,GET,get_metadata_templates_id_id_fields_id_options,/metadata_templates/{namespace}/{template_key}/fields/{field_key}/options,List metadata template's options for taxonomy field,r,r,floor,true,ok,r,ok
holdout2,box,GET,get_retention_policies,/retention_policies,List retention policies,r,r,floor,true,ok,r,ok
holdout2,box,GET,get_retention_policies_id,/retention_policies/{retention_policy_id},Get retention policy,r,r,floor,true,ok,r,ok
holdout2,box,GET,get_retention_policy_assignments_id_file_versions_under_retention,/retention_policy_assignments/{retention_policy_assignment_id}/file_versions_under_retention,Get file versions under retention,r,r,floor,true,ok,r,ok
holdout2,box,GET,get_shared_items,/shared_items,Find file for shared link,r,r,floor,true,ok,r,ok
holdout2,box,GET,get_shared_items#web_links,/shared_items#web_links,Find web link for shared link,r,r,floor,true,ok,r,ok
holdout2,box,GET,get_shield_information_barrier_reports_id,/shield_information_barrier_reports/{shield_information_barrier_report_id},Get shield information barrier report by ID,r,r,floor,true,ok,r,ok
holdout2,box,GET,get_shield_information_barrier_segments,/shield_information_barrier_segments,List shield information barrier segments,r,r,floor,true,ok,r,ok
holdout2,box,GET,get_shield_information_barrier_segments_id,/shield_information_barrier_segments/{shield_information_barrier_segment_id},Get shield information barrier segment with specified ID,r,r,floor,true,ok,r,ok
holdout2,box,GET,get_sign_requests,/sign_requests,List Box Sign requests,r,r,floor,true,ok,r,ok
holdout2,box,GET,get_sign_templates_id,/sign_templates/{template_id},Get Box Sign template by ID,r,r,floor,true,ok,r,ok
holdout2,box,GET,get_storage_policies_id,/storage_policies/{storage_policy_id},Get storage policy,r,r,floor,true,ok,r,ok
holdout2,box,GET,get_tasks_id,/tasks/{task_id},Get task,r,r,floor,true,ok,r,ok
holdout2,box,GET,get_terms_of_service_user_statuses,/terms_of_service_user_statuses,List terms of service user statuses,r,r,floor,true,ok,r,ok
holdout2,box,GET,get_terms_of_services,/terms_of_services,List terms of services,r,r,floor,true,ok,r,ok
holdout2,box,GET,get_users_id,/users/{user_id},Get user,r,r,floor,true,ok,r,ok
holdout2,box,GET,get_users_id_avatar,/users/{user_id}/avatar,Get user avatar,r,r,floor,true,ok,r,ok
holdout2,box,GET,get_users_id_memberships,/users/{user_id}/memberships,List user's groups,r,r,floor,true,ok,r,ok
holdout2,box,GET,get_users_me,/users/me,Get current user,r,r,floor,true,ok,r,ok
holdout2,box,GET,get_web_links_id,/web_links/{web_link_id},Get web link,r,r,floor,true,ok,r,ok
holdout2,box,GET,get_webhooks,/webhooks,List all webhooks,r,r,floor,true,ok,r,ok
holdout2,box,GET,get_webhooks_id,/webhooks/{webhook_id},Get webhook,r,r,floor,true,ok,r,ok
holdout2,box,GET,get_zip_downloads_id_status,/zip_downloads/{zip_download_id}/status,Get zip download status,r,r,floor,true,ok,r,ok
camara,camara,GET,getActiveSponsorships,/campaign/{sponsorId}/{campaignId}/active-sponsorships,Query of Active Sponsorships,r,r,floor,true,ok,r,ok
camara,camara,GET,getAllRegisteredApplicationEndpoints,/application-endpoint-lists,Get all registered edge application endpoint information,r,r,floor,true,ok,r,ok
camara,camara,GET,getAllTrafficInfluences,/traffic-influences,Retries existing TrafficInfluence Resources,r,r,floor,true,ok,r,ok
camara,camara,GET,getApp,/apps/{appId},Retrieve the information of an Application,r,r,floor,true,ok,r,ok
camara,camara,GET,getAppDeployment,/deployments/{appDeploymentId},Retrieve the information of an Application Deployment,r,r,floor,true,ok,r,ok
camara,camara,GET,getAppDeployments,/deployments,Retrieve a list of Application Deployment for a given App,r,r,floor,true,ok,r,ok
camara,camara,GET,getAppInstance,/app-instances/{appInstanceId},Retrieve the information of an Application Instance,r,r,floor,true,ok,r,ok
camara,camara,GET,getAppInstances,/app-instances,Retrieve the information of Application Instances for a given App,r,r,floor,true,ok,r,ok
camara,camara,GET,getApplicationEndpointsById,/application-endpoint-lists/{applicationEndpointListId},Get registered edge application endpoint information,r,r,floor,true,ok,r,ok
camara,camara,GET,getApps,/apps,Retrieve a list of existing Applications,r,r,floor,true,ok,r,ok
camara,camara,GET,getAssistant,/assistants/{assistantId},Get a specific QA assistant,r,r,floor,true,ok,r,ok
camara,camara,GET,getBookingById,/qos-bookings/{bookingId},Get the Booking information for a given QoS Booking identified by `bookingId`.,r,r,floor,true,ok,r,ok
camara,camara,GET,getBookingById,/device-qos-bookings/{bookingId},Get QoS Booking information,r,r,floor,true,ok,r,ok
camara,camara,GET,getCall,/calls/{callId},Get call details,r,r,floor,true,ok,r,ok
camara,camara,GET,getCampaignStatus,/campaign/{sponsorId}/{campaignId}/campaign-status,"Campaign Status Inquiry [active, paused, concluded], data volume balance.",r,r,floor,true,ok,r,ok
camara,camara,GET,getDevice,/v1/devices/{deviceId},Get device details,r,r,floor,true,ok,r,ok
camara,camara,GET,getDeviceNetworkHealth,/v1/devices/{deviceId}/network-health,Get device network health,r,r,floor,true,ok,r,ok
camara,camara,GET,getDevices,/slices/{sliceId}/devices,Get devices assigned to a network slice,r,r,floor,true,ok,r,ok
camara,camara,GET,getDevicesByBookingId,/qos-bookings/{bookingId}/devices,Get the list of devices assigned to an existing QoS Booking,r,r,floor,true,ok,r,ok
camara,camara,GET,getDocument,/knowledge-bases/{knowledgeBaseId}/documents/{documentId},Get a specific document,r,r,floor,true,ok,r,ok
camara,camara,GET,getEdgeCloudZones,/edge-cloud-zones,Retrieve a paginated list of the provider's Edge Cloud Zones,r,r,floor,true,ok,r,ok
camara,camara,GET,getHealthScores,/health-scores,Query the latest network health score,r,r,floor,true,ok,r,ok
camara,camara,GET,getKnowledgeBase,/knowledge-bases/{knowledgeBaseId},Get a specific knowledge base,r,r,floor,true,ok,r,ok
camara,camara,GET,getNetwork,/networks/{serviceId},retrieve multipoint virtual private network details,r,r,floor,true,ok,r,ok
camara,camara,GET,getNetworkAccessDevice,/network-access-devices/{networkAccessDeviceId},Get a specific Network Access Device,r,r,floor,true,ok,r,ok
camara,camara,GET,getNetworkAccessDevices,/network-access-devices,Get all Network Access Devices associated with the service owner,r,r,floor,true,ok,r,ok
camara,camara,GET,getPowerSaving,/features/power-saving/transactions/{transactionId},Get status of a transaction for power-saving features,r,r,floor,true,ok,r,ok
camara,camara,GET,getQosAssignmentById,/qos-assignments/{assignmentId},Get the QoS profile assignment information identified by an assignment record ID,r,r,floor,true,ok,r,ok
camara,camara,GET,getQosProfile,/qos-profiles/{name},Get QoS Profile for a given name,r,r,floor,true,ok,r,ok
camara,camara,GET,getRebootRequest,/reboot-requests/{rebootRequestId},Get a specific Reboot Request,r,r,floor,true,ok,r,ok
camara,camara,GET,getRebootRequests,/reboot-requests,Get all Reboot Requests created by the calling API client,r,r,floor,true,ok,r,ok
camara,camara,GET,getRecording,/calls/{callId}/recording,Get call recording,r,r,floor,true,ok,r,ok
camara,camara,GET,getRegions,/regions,Fetch all Regions,r,r,floor,true,ok,r,ok
camara,camara,GET,getRegistrationById,/sessions/{registrationId},Retrieve a device registration,r,r,floor,true,ok,r,ok
camara,camara,GET,getRegistrationsByDeviceId,/sessions,Retrieve all registrations for a device,r,r,floor,true,ok,r,ok
camara,camara,GET,getService,/services/{serviceId},Get a service by ID,r,r,floor,true,ok,r,ok
camara,camara,GET,getServices,/services,Get all services accessible to the authenticated identity,r,r,floor,true,ok,r,ok
camara,camara,GET,getSession,/sessions/{sessionId},Get QoS session information,r,r,floor,true,ok,r,ok
camara,camara,GET,getSession,/sessions/{sessionId},Get session by sessionId,r,r,floor,true,ok,r,ok
camara,camara,GET,getSessionDetailsById,/sessions/{mediaSessionId},Get the media session information,r,r,floor,true,ok,r,ok
camara,camara,GET,getSessionStatus,/sponsorship/{sponsorId}/{campaignId}/{sessionId}/session-status,Sponsorship Session Status Inquiry,r,r,floor,true,ok,r,ok
camara,camara,GET,getSlice,/slices/{sliceId},Get network slcie booking information,r,r,floor,true,ok,r,ok
camara,camara,GET,getSubscription,/subscriptions/{subscriptionId},Operation to retrieve a subscription based on the provided ID,r,r,floor,true,ok,r,ok
camara,camara,GET,getSubscription,/subscriptions/{subscriptionId},Get subscription details,r,r,floor,true,ok,r,ok
camara,camara,GET,getSubscriptionList,/subscriptions,Retrieve a list of apiName event subscription,r,r,floor,true,ok,r,ok
camara,camara,GET,getTool,/knowledge-bases/{knowledgeBaseId}/tools/{toolId},Get a specific tool,r,r,floor,true,ok,r,ok
camara,camara,GET,getTrafficAnalysis,/traffic-analysis,Get network traffic analysis,r,r,floor,true,ok,r,ok
camara,camara,GET,getTrafficInfluenceById,/traffic-influences/{trafficInfluenceID},Reads a specific TrafficInfluence resource identified by the trafficInfluenceID value.,r,r,floor,true,ok,r,ok
camara,camara,GET,getTrustDomain,/trust-domains/{trustDomainId},Get a specific Trust Domain,r,r,floor,true,ok,r,ok
camara,camara,GET,getTrustDomainCapabilities,/trust-domains/capabilities,Get Trust Domain capabilities,r,r,floor,true,ok,r,ok
camara,camara,GET,getTrustDomainDevice,/trust-domains/{trustDomainId}/devices/{deviceId},Get a specific device in a Trust Domain,r,r,floor,true,ok,r,ok
camara,camara,GET,getTrustDomainDevices,/trust-domains/{trustDomainId}/devices,List all devices registered to a Trust Domain,r,r,floor,true,ok,r,ok
camara,camara,GET,getTrustDomains,/trust-domains,Retrieves all Trust Domains visible to the calling API client,r,r,floor,true,ok,r,ok
camara,camara,GET,listAccesses,/accesses,"Get a paged list of accesses to dedicated networks, optionally filtered for a given device and/or for a given dedicated network",r,r,floor,true,ok,r,ok
camara,camara,GET,listAssistants,/assistants,List all QA assistants,r,r,floor,true,ok,r,ok
camara,camara,GET,listDevices,/accesses/{accessId}/devices,"Read a paged list of devices with information included in the access, optionally filtered for a given device and/or for a given device status",r,r,floor,true,ok,r,ok
camara,camara,GET,listDevices,/v1/devices,Get all connected devices,r,r,floor,true,ok,r,ok
camara,camara,GET,listKnowledgeBases,/knowledge-bases,Get all knowledge bases,r,r,floor,true,ok,r,ok
camara,camara,GET,listNetworks,/networks,Get a paged list of dedicated networks,r,r,floor,true,ok,r,ok
camara,camara,GET,listSubscriptions,/subscriptions,List subscriptions,r,r,floor,true,ok,r,ok
camara,camara,GET,listTools,/knowledge-bases/{knowledgeBaseId}/tools,List all tools in a knowledge base,r,r,floor,true,ok,r,ok
camara,camara,GET,phoneNumberShare,/device-phone-number,Returns the phone number associated with the access token,r,r,floor,true,ok,r,ok
camara,camara,GET,readAccess,/accesses/{accessId},Read access information,r,r,floor,true,ok,r,ok
camara,camara,GET,readApplicationProfile,/application-profiles/{applicationProfileId},Get an Application Profile,r,r,floor,true,ok,r,ok
camara,camara,GET,readNetwork,/networks/{networkId},Get the current information about a dedicated network,r,r,floor,true,ok,r,ok
camara,camara,GET,readNetworkProfile,/profiles/{profileId},Read a dedicated network profile,r,r,floor,true,ok,r,ok
camara,camara,GET,readNetworkProfiles,/profiles,Read dedicated network profiles,r,r,floor,true,ok,r,ok
camara,camara,GET,readNetworkServiceArea,/areas/{areaId},Read a network service area,r,r,floor,true,ok,r,ok
camara,camara,GET,readRegistration,/registrations/{registrationId},Read an existing brand registration from the service platform,r,r,floor,true,ok,r,ok
camara,camara,GET,readRegistrations,/registrations,Read existing brand registrations from the service platform,r,r,floor,true,ok,r,ok
camara,camara,GET,retrieveConnectedNetworkTypeSubscription,/subscriptions/{subscriptionId},Retrieve a device connected network type event subscription for a device,r,r,floor,true,ok,r,ok
camara,camara,GET,retrieveConnectedNetworkTypeSubscription,/subscriptions/{subscriptionId},Retrieve a device connected network type event subscription for a device,r,r,floor,true,ok,r,ok
camara,camara,GET,retrieveConnectedNetworkTypeSubscriptionList,/subscriptions,Retrieve a list of device connected network type event subscription,r,r,floor,true,ok,r,ok
camara,camara,GET,retrieveConnectedNetworkTypeSubscriptionList,/subscriptions,Retrieve a list of device connected network type event subscription,r,r,floor,true,ok,r,ok
camara,camara,GET,retrieveDeviceDataVolumeSubscription,/subscriptions/{subscriptionId},Retrieve a device data volume event subscription,r,r,floor,true,ok,r,ok
camara,camara,GET,retrieveDeviceDataVolumeSubscriptionList,/subscriptions,Retrieve a list of device data volume subscriptions,r,r,floor,true,ok,r,ok
camara,camara,GET,retrieveDeviceReachabilityStatusSubscription,/subscriptions/{subscriptionId},Retrieve a device reachability status event subscription for a device,r,r,floor,true,ok,r,ok
camara,camara,GET,retrieveDeviceReachabilityStatusSubscription,/subscriptions/{subscriptionId},Retrieve a device reachability status event subscription for a device,r,r,floor,true,ok,r,ok
camara,camara,GET,retrieveDeviceReachabilityStatusSubscriptionList,/subscriptions,Retrieve a list of device reachability status event subscription,r,r,floor,true,ok,r,ok
camara,camara,GET,retrieveDeviceReachabilityStatusSubscriptionList,/subscriptions,Retrieve a list of device reachability status event subscription,r,r,floor,true,ok,r,ok
camara,camara,GET,retrieveDeviceRoamingStatusSubscription,/subscriptions/{subscriptionId},Retrieve a roaming status event subscription for a device,r,r,floor,true,ok,r,ok
camara,camara,GET,retrieveDeviceRoamingStatusSubscription,/subscriptions/{subscriptionId},Retrieve a roaming status event subscription for a device,r,r,floor,true,ok,r,ok
camara,camara,GET,retrieveDeviceRoamingStatusSubscriptionList,/subscriptions,Retrieve a list of device roaming status event subscription,r,r,floor,true,ok,r,ok
camara,camara,GET,retrieveDeviceRoamingStatusSubscriptionList,/subscriptions,Retrieve a list of device roaming status event subscription,r,r,floor,true,ok,r,ok
camara,camara,GET,retrieveGeofencingSubscription,/subscriptions/{subscriptionId},Operation to retrieve a subscription based on the provided ID,r,r,floor,true,ok,r,ok
camara,camara,GET,retrieveGeofencingSubscriptionList,/subscriptions,Retrieve a list of geofencing event subscription,r,r,floor,true,ok,r,ok
camara,camara,GET,retrieveNotificationChannelSubscription,/subscriptions/{subscriptionId},Retrieve a webrtc-events event subscription,r,r,floor,true,ok,r,ok
camara,camara,GET,retrieveNotificationChannelSubscriptionList,/subscriptions,Retrieve a list of webrtc-events event subscription,r,r,floor,true,ok,r,ok
camara,camara,GET,retrieveOperation,/operations/{operationId},Retrieve operation information,r,r,floor,true,ok,r,ok
camara,camara,GET,retrievePayment,/payments/{paymentId},Get payment details,r,r,floor,true,ok,r,ok
camara,camara,GET,retrievePaymentRemainingAmount,/payments/{paymentId}/refunds/remaining-amount,Get remaining amount not refunded for a given payment,r,r,floor,true,ok,r,ok
camara,camara,GET,retrievePayments,/payments,Get a list of payments,r,r,floor,true,ok,r,ok
camara,camara,GET,retrieveRefund,/payments/{paymentId}/refunds/{refundId},Get refund details,r,r,floor,true,ok,r,ok
camara,camara,GET,retrieveRefunds,/payments/{paymentId}/refunds,Get a list of refunds,r,r,floor,true,ok,r,ok
camara,camara,GET,retrieveSubscription,/subscriptions/{subscriptionId},Retrieve a sim swap event subscription for a phone number,r,r,floor,true,ok,r,ok
camara,camara,GET,retrieveSubscriptionList,/subscriptions,Retrieve a list of sim swap event subscription,r,r,floor,true,ok,r,ok
camara,camara,POST,assessConnectionFeasibility,/assessment,Assess Multipoint VPN connection feasibility,r,r,read-verb,false,ok,r,ok
camara,camara,POST,checkDataVolume,/check,Check if the remaining data allowance is above a specified threshold,r,r,read-verb,false,ok,r,ok
camara,camara,POST,checkDeviceSwap,/check,Check last device swap date,r,r,read-verb,false,ok,r,ok
camara,camara,POST,checkImeiStatus,/check-status,Check the register status of a device using its IMEI,r,r,read-verb,false,ok,r,ok
camara,camara,POST,checkNetworkQuality,/check-network-quality,Check the network quality.,r,r,read-verb,false,ok,r,ok
camara,camara,POST,checkNumberRecycling,/check,Check whether the subscriber of the phone number has changed.,r,r,read-verb,false,ok,r,ok
camara,camara,POST,checkSimSwap,/check,Check SIM swap,r,r,read-verb,false,ok,r,ok
camara,camara,POST,checkTenure,/check-tenure,The KYC Tenure service API,r,r,read-verb,false,ok,r,ok
camara,camara,POST,count,/count,API operation to get the device count in the specified area during a certain time interval.,r,r,read-verb,false,ok,r,ok
camara,camara,POST,getConnectedNetworkType,/retrieve,Get the connected network type,r,r,read-verb,false,ok,r,ok
camara,camara,POST,getConnectedNetworkType,/retrieve,Get the connected network type,r,r,read-verb,false,ok,r,ok
camara,camara,POST,getEsimProfileStatus,/retrieve-status,Retrieve eSIM Profile status,r,r,read-verb,false,ok,r,ok
camara,camara,POST,getOptimalAppEndpoints,/retrieve-optimal-app-endpoints,Returns the Endpoint(s) of the optimal Application Instance(s) to the user device identified in the request.,r,r,read-verb,false,ok,r,ok
camara,camara,POST,getQosAssignmentByDevice,/retrieve-qos-assignment,Returns the assignment record details of the QoS profile assignment for a device,r,r,read-verb,false,ok,r,ok
camara,camara,POST,getReachabilityStatus,/retrieve,Get the current reachability status information,r,r,read-verb,false,ok,r,ok
camara,camara,POST,getReachabilityStatus,/retrieve,Get the current reachability status information,r,r,read-verb,false,ok,r,ok
camara,camara,POST,getRoamingStatus,/retrieve,Get the current roaming status and the country information,r,r,read-verb,false,ok,r,ok
camara,camara,POST,getRoamingStatus,/retrieve,Get the current roaming status and the country information,r,r,read-verb,false,ok,r,ok
camara,camara,POST,matchIdentifier,/match-identifier,Check if a provided device identifier matches the one associated with the subscription,r,r,read-verb,false,ok,r,ok
camara,camara,POST,query,/query,IoT SIM Fraud Prevention Query,r,r,read-verb,false,ok,r,ok
camara,camara,POST,queryAssistant,/answer,Get an answer from a QA assistant,r,r,read-verb,false,ok,r,ok
camara,camara,POST,readClosestEdgeCloudZone,/retrieve-closest-edge-cloud-zone,Returns the name of the Edge Cloud Zone closest to user device identified in the request.,r,r,read-verb,false,ok,r,ok
camara,camara,POST,retrieveBlockchainPublicAddress,/blockchain-public-addresses/retrieve-blockchains,Retrieves Blockchain Public Address associated with a mobile phone number.,r,r,read-verb,false,ok,r,ok
camara,camara,POST,retrieveBookingByDevice,/qos-bookings/retrieve,Retrieves all the bookings that corresponds to a device,r,r,read-verb,false,ok,r,ok
camara,camara,POST,retrieveBookingByDevice,/retrieve-device-qos-bookings,Gets the QoS Booking for a device,r,r,read-verb,false,ok,r,ok
camara,camara,POST,retrieveCallForwarding,/call-forwardings,Retrieve the information about the type of call forwarding service active on a phone number (PhoneNumber),r,r,read-verb,false,ok,r,ok
camara,camara,POST,retrieveConnectivity,/retrieve,Obtain connectivity information in the specified area,r,r,read-verb,false,ok,r,ok
camara,camara,POST,retrieveConsentInfo,/consents/retrieve-info,Retrieve Consent Information,r,r,read-verb,false,ok,r,ok
camara,camara,POST,retrieveDataVolume,/retrieve,Execute device data volume retrieval for a user device,r,r,read-verb,false,ok,r,ok
camara,camara,POST,retrieveDeviceSwapDate,/retrieve-date,Get last device swap date,r,r,read-verb,false,ok,r,ok
camara,camara,POST,retrieveDeviceVisitLocation,/retrieve,Retrieves device visit location information,r,r,read-verb,false,ok,r,ok
camara,camara,POST,retrieveIdentifier,/retrieve-identifier,Get details about the specific device being used by a given mobile subscriber,r,r,read-verb,false,ok,r,ok
camara,camara,POST,retrieveLocation,/retrieve,Execute location retrieval for a user device,r,r,read-verb,false,ok,r,ok
camara,camara,POST,retrieveMaximumDownstreamMediaRate,/retrieve-maximum-downstream-media-rate,Get maximum downstream media streaming rate,r,r,read-verb,false,ok,r,ok
camara,camara,POST,retrieveNetworkServiceAreas,/retrieve-service-areas,"Retrieve network service areas, filtered by additional search criteria",r,r,read-verb,false,ok,r,ok
camara,camara,POST,retrievePopulationDensity,/retrieve,Retrieves population density information in a specified area,r,r,read-verb,false,ok,r,ok
camara,camara,POST,retrievePpid,/retrieve-ppid,Get a pseudonymous identifier for device being used by a given mobile subscriber,r,r,read-verb,false,ok,r,ok
camara,camara,POST,retrieveQosProfiles,/retrieve-qos-profiles,Retrieve QoS profiles,r,r,read-verb,false,ok,r,ok
camara,camara,POST,retrieveScoring,/scoring/retrieve,Retrieves Scoring information,r,r,read-verb,false,ok,r,ok
camara,camara,POST,retrieveSessionsByDevice,/retrieve-sessions,Get QoS session information for a device,r,r,read-verb,false,ok,r,ok
camara,camara,POST,retrieveSessionsByDevice,/retrieve-sessions,Retrieve Session Insights sessions by device,r,r,read-verb,false,ok,r,ok
camara,camara,POST,retrieveSimSwapAgeBand,/retrieve-age-band,Retrieve SIM swap age band,r,r,read-verb,false,ok,r,ok
camara,camara,POST,retrieveSimSwapDate,/retrieve-date,Retrieve SIM swap date,r,r,read-verb,false,ok,r,ok
camara,camara,POST,retrieveSlicesByDevice,/retrieve-slices,Retrieve all network slices by device,r,r,read-verb,false,ok,r,ok
camara,camara,POST,retrieveStatus,/retrieve,Create a request to retrieve the validity status of the data processing,r,r,read-verb,false,ok,r,ok
camara,camara,POST,retrieveSubscriptionStatus,/retrieve-subscription-status,Retrieve subscription status of a phone number,r,r,read-verb,false,ok,r,ok
camara,camara,POST,retrieveType,/retrieve-type,Get details about the type of device being used by a given mobile subscriber,r,r,read-verb,false,ok,r,ok
camara,camara,POST,retrieveUnconditionalCallForwarding,/unconditional-call-forwardings,Retrieve the information about the status of the unconditional call forwarding service on a phone number (PhoneNumber),r,r,read-verb,false,ok,r,ok
camara,camara,POST,verifyAge,/verify,Verify Age Threshold,r,r,read-verb,false,ok,r,ok
camara,camara,POST,verifyAge,/verify,Verify Age Threshold,r,r,read-verb,false,ok,r,ok
camara,camara,POST,verifyFrequentLocation,/verify,Verify the most frequent location of a device,r,r,read-verb,false,ok,r,ok
camara,camara,POST,verifyLocation,/verify,Verify the location of a device,r,r,read-verb,false,ok,r,ok
holdout4,cloudflare,GET,GetExportJob,/accounts/{account_id}/data-security/posture/exports/{id},Get a single export job,r,r,floor,true,ok,r,ok
holdout4,cloudflare,GET,accounts-list-accounts,/accounts,List Accounts,r,r,floor,true,ok,r,ok
holdout4,cloudflare,GET,agent-memory-namespace-get,/accounts/{account_id}/agent-memory/namespaces/{namespace_name},Get a namespace,r,r,floor,true,ok,r,ok
holdout4,cloudflare,GET,cloudforce-one-get-email-rule,/accounts/{account_id}/cloudforce-one/rules/structured/{id},Get an email rule,r,r,floor,true,ok,r,ok
holdout4,cloudflare,GET,device-managed-networks-device-managed-network-details,/accounts/{account_id}/devices/networks/{network_id},Get device managed network details,r,r,floor,true,ok,r,ok
holdout4,cloudflare,GET,dns-firewall-show-dns-firewall-cluster-reverse-dns,/accounts/{account_id}/dns_firewall/{dns_firewall_id}/reverse_dns,Show DNS Firewall Cluster Reverse DNS,r,r,floor,true,ok,r,ok
holdout4,cloudflare,GET,dns-records-for-a-zone-export-dns-records,/zones/{zone_id}/dns_records/export,Export DNS Records,r,r,floor,true,ok,r,ok
holdout4,cloudflare,GET,email-sending-subdomains-get-sending-subdomain-dns-status,/zones/{zone_id}/email/sending/subdomains/{subdomain_id}/dns/status,Get sending subdomain DNS status,r,r,floor,true,ok,r,ok
holdout4,cloudflare,GET,get-accounts-account_id-logpush-jobs-job_id,/accounts/{account_id}/logpush/jobs/{job_id},Get Logpush job details,r,r,floor,true,ok,r,ok
holdout4,cloudflare,GET,getAccountsAccountIdBrandProtectionRecentSubmissions,/accounts/{account_id}/brand-protection/recent-submissions,Read recent URL submissions,r,r,floor,true,ok,r,ok
holdout4,cloudflare,GET,get_interconnect,/accounts/{account_id}/cni/interconnects/{icon},Get information about an interconnect object,r,r,floor,true,ok,r,ok
holdout4,cloudflare,GET,listZoneRulesetVersions,/zones/{zone_id}/rulesets/{ruleset_id}/versions,List a zone ruleset's versions,r,r,floor,true,ok,r,ok
holdout4,cloudflare,GET,load-balancer-monitors-monitor-details,/user/load_balancers/monitors/{monitor_id},Monitor Details,r,r,floor,true,ok,r,ok
holdout4,cloudflare,GET,mconn-connector-telemetry-snapshots-get,/accounts/{account_id}/magic/connectors/{connector_id}/telemetry/snapshots/{snapshot_t},Get Snapshot,r,r,floor,true,ok,r,ok
holdout4,cloudflare,GET,monolithHealthCheck,/api/v4/health,API health check,r,r,floor,true,ok,r,ok
holdout4,cloudflare,GET,namespace-worker-list-scripts,/accounts/{account_id}/workers/dispatch/namespaces/{dispatch_namespace}/scripts,List Scripts in Namespace,r,r,floor,true,ok,r,ok
holdout4,cloudflare,GET,queues-list-consumers,/accounts/{account_id}/queues/{queue_id}/consumers,List Queue Consumers,r,r,floor,true,ok,r,ok
holdout4,cloudflare,GET,radar-get-annotations,/radar/annotations,Get latest annotations,r,r,floor,true,ok,r,ok
holdout4,cloudflare,GET,radar-get-attacks-layer7-summary-by-managed-rules,/radar/attacks/layer7/summary/managed_rules,Get layer 7 attacks by managed rules summary,r,r,floor,true,ok,r,ok
holdout4,cloudflare,GET,radar-get-ct-summary,/radar/ct/summary/{dimension},Get certificate distribution by dimension,r,r,floor,true,ok,r,ok
holdout4,cloudflare,GET,radar-get-email-security-summary-by-spam,/radar/email/security/summary/spam,Get email spam classification summary,r,r,floor,true,ok,r,ok
holdout4,cloudflare,GET,radar-get-http-timeseries-group-by-post-quantum,/radar/http/timeseries_groups/post_quantum,Get HTTP requests by post-quantum support time series,r,r,floor,true,ok,r,ok
holdout4,cloudflare,GET,radar-get-ranking-domain-details,/radar/ranking/domain/{domain},Get domain rank details,r,r,floor,true,ok,r,ok
holdout4,cloudflare,GET,registrar-domain-registration-get-status,/accounts/{account_id}/registrar/registrations/{domain_name}/registration-status,Get Registration Status,r,r,floor,true,ok,r,ok
holdout4,cloudflare,GET,secrets-store-get-by-id,/accounts/{account_id}/secrets_store/stores/{store_id}/secrets/{secret_id},Get a secret by ID,r,r,floor,true,ok,r,ok
holdout4,cloudflare,GET,ssl-detector-auto-origin-tls-kex-get-enrollment,/zones/{zone_id}/settings/auto_origin_tls_kex,Get Auto-Origin TLS KEX enrollment status for the given zone,r,r,floor,true,ok,r,ok
holdout4,cloudflare,GET,stream-webhook-view-webhooks,/accounts/{account_id}/stream/webhook,View webhooks,r,r,floor,true,ok,r,ok
holdout4,cloudflare,GET,waf-packages-list-waf-packages,/zones/{zone_id}/firewall/waf/packages,List WAF packages,r,r,floor,true,ok,r,ok
holdout4,cloudflare,GET,web-analytics-list-zone-tags,/accounts/{account_id}/rum/site_info/zone_tag/list,List Web Analytics zone tags,r,r,floor,true,ok,r,ok
holdout4,cloudflare,GET,wor-list-workflows,/accounts/{account_id}/workflows,List all Workflows,r,r,floor,true,ok,r,ok
holdout4,cloudflare,GET,worker-script-download-worker,/accounts/{account_id}/workers/scripts/{script_name},Download Worker,r,r,floor,true,ok,r,ok
holdout4,cloudflare,GET,zero-trust-users-get-users,/accounts/{account_id}/access/users,Get users,r,r,floor,true,ok,r,ok
holdout4,cloudflare,GET,zone-level-authenticated-origin-pulls-get-enablement-setting-for-zone,/zones/{zone_id}/origin_tls_client_auth/settings,Get Enablement Setting for Zone,r,r,floor,true,ok,r,ok
holdout3,discord,GET,count_guild_scheduled_event_users,/guilds/{guild_id}/scheduled-events/{guild_scheduled_event_id}/users/counts,,r,r,floor,true,ok,r,ok
holdout3,discord,GET,get_application_emoji,/applications/{application_id}/emojis/{emoji_id},,r,r,floor,true,ok,r,ok
holdout3,discord,GET,get_auto_moderation_rule,/guilds/{guild_id}/auto-moderation/rules/{rule_id},,r,r,floor,true,ok,r,ok
holdout3,discord,GET,get_current_user_application_entitlements,/users/@me/applications/{application_id}/entitlements,,r,r,floor,true,ok,r,ok
holdout3,discord,GET,get_gateway,/gateway,,r,r,floor,true,ok,r,ok
holdout3,discord,GET,get_guild,/guilds/{guild_id},,r,r,floor,true,ok,r,ok
holdout3,discord,GET,get_guild_application_command,/applications/{application_id}/guilds/{guild_id}/commands/{command_id},,r,r,floor,true,ok,r,ok
holdout3,discord,GET,get_guild_join_requests,/guilds/{guild_id}/requests,,r,r,floor,true,ok,r,ok
holdout3,discord,GET,get_guild_scheduled_event,/guilds/{guild_id}/scheduled-events/{guild_scheduled_event_id},,r,r,floor,true,ok,r,ok
holdout3,discord,GET,get_guild_vanity_url,/guilds/{guild_id}/vanity-url,,r,r,floor,true,ok,r,ok
holdout3,discord,GET,get_guild_welcome_screen,/guilds/{guild_id}/welcome-screen,,r,r,floor,true,ok,r,ok
holdout3,discord,GET,get_guilds_onboarding,/guilds/{guild_id}/onboarding,,r,r,floor,true,ok,r,ok
holdout3,discord,GET,get_invite_target_users,/invites/{code}/target-users,,r,r,floor,true,ok,r,ok
holdout3,discord,GET,get_lobby,/lobbies/{lobby_id},,r,r,floor,true,ok,r,ok
holdout3,discord,GET,get_lobby_messages,/lobbies/{lobby_id}/messages,,r,r,floor,true,ok,r,ok
holdout3,discord,GET,get_my_application,/applications/@me,,r,r,floor,true,ok,r,ok
holdout3,discord,GET,get_my_oauth2_authorization,/oauth2/@me,,r,r,floor,true,ok,r,ok
holdout3,discord,GET,get_openid_connect_userinfo,/oauth2/userinfo,,r,r,floor,true,ok,r,ok
holdout3,discord,GET,get_sku_subscriptions,/skus/{sku_id}/subscriptions,,r,r,floor,true,ok,r,ok
holdout3,discord,GET,get_sticker,/stickers/{sticker_id},,r,r,floor,true,ok,r,ok
holdout3,discord,GET,get_user,/users/{user_id},,r,r,floor,true,ok,r,ok
holdout3,discord,GET,get_voice_state,/guilds/{guild_id}/voice-states/{user_id},,r,r,floor,true,ok,r,ok
holdout3,discord,GET,get_webhook,/webhooks/{webhook_id},,r,r,floor,true,ok,r,ok
holdout3,discord,GET,get_webhook_by_token,/webhooks/{webhook_id}/{webhook_token},,r,r,floor,true,ok,r,ok
holdout3,discord,GET,list_application_commands,/applications/{application_id}/commands,,r,r,floor,true,ok,r,ok
holdout3,discord,GET,list_application_emojis,/applications/{application_id}/emojis,,r,r,floor,true,ok,r,ok
holdout3,discord,GET,list_auto_moderation_rules,/guilds/{guild_id}/auto-moderation/rules,,r,r,floor,true,ok,r,ok
holdout3,discord,GET,list_guild_invites,/guilds/{guild_id}/invites,,r,r,floor,true,ok,r,ok
holdout3,discord,GET,list_guild_scheduled_events,/guilds/{guild_id}/scheduled-events,,r,r,floor,true,ok,r,ok
holdout3,discord,GET,list_guild_templates,/guilds/{guild_id}/templates,,r,r,floor,true,ok,r,ok
holdout3,discord,GET,list_message_reactions_by_emoji,/channels/{channel_id}/messages/{message_id}/reactions/{emoji_name},,r,r,floor,true,ok,r,ok
holdout3,discord,GET,list_messages,/channels/{channel_id}/messages,,r,r,floor,true,ok,r,ok
holdout3,discord,GET,list_my_guilds,/users/@me/guilds,,r,r,floor,true,ok,r,ok
holdout3,discord,GET,list_pins,/channels/{channel_id}/messages/pins,,r,r,floor,true,ok,r,ok
holdout3,discord,GET,list_thread_members,/channels/{channel_id}/thread-members,,r,r,floor,true,ok,r,ok
holdout3,discord,GET,preview_prune_guild,/guilds/{guild_id}/prune,,r,r,floor,true,ok,r,ok
holdout3,discord,GET,search_guild_members,/guilds/{guild_id}/members/search,,r,r,floor,true,ok,r,ok
holdout3,discord,GET,thread_search,/channels/{channel_id}/threads/search,,r,r,floor,true,ok,r,ok
holdout4,linode,GET,get-account,/{apiVersion}/account,Get your account,r,r,floor,true,ok,r,ok
holdout4,linode,GET,get-alert-definitions,/{apiVersion}/monitor/alert-definitions,List alert definitions,r,r,floor,true,ok,r,ok
holdout4,linode,GET,get-databases-engines,/{apiVersion}/databases/engines,List Managed Databases engines,r,r,floor,true,ok,r,ok
holdout4,linode,GET,get-domain-records,/{apiVersion}/domains/{domainId}/records,List domain records,r,r,floor,true,ok,r,ok
holdout4,linode,GET,get-enrolled-beta-programs,/{apiVersion}/account/betas,List enrolled Beta programs,r,r,floor,true,ok,r,ok
holdout4,linode,GET,get-firewall-devices,/{apiVersion}/networking/firewalls/{firewallId}/devices,List firewall devices,r,r,floor,true,ok,r,ok
holdout4,linode,GET,get-firewall-rules,/{apiVersion}/networking/firewalls/{firewallId}/rules,List firewall rules,r,r,floor,true,ok,r,ok
holdout4,linode,GET,get-images,/{apiVersion}/images,List images,r,r,floor,true,ok,r,ok
holdout4,linode,GET,get-invoice-items,/{apiVersion}/account/invoices/{invoiceId}/items,List invoice items,r,r,floor,true,ok,r,ok
holdout4,linode,GET,get-ip,/{apiVersion}/networking/ips/{address},Get an IP address,r,r,floor,true,ok,r,ok
holdout4,linode,GET,get-linode-configs,/{apiVersion}/linode/instances/{linodeId}/configs,List configuration profiles,r,r,floor,true,ok,r,ok
holdout4,linode,GET,get-linode-interface-firewalls,/{apiVersion}/linode/instances/{linodeId}/interfaces/{interfaceId}/firewalls,List Linode interface firewalls,r,r,floor,true,ok,r,ok
holdout4,linode,GET,get-linode-interface-history,/{apiVersion}/linode/instances/{linodeId}/interfaces/history,List a Linode's network interface history,r,r,floor,true,ok,r,ok
holdout4,linode,GET,get-linode-transfer-by-year-month,/{apiVersion}/linode/instances/{linodeId}/transfer/{year}/{month},Get monthly network transfer stats,r,r,floor,true,ok,r,ok
holdout4,linode,GET,get-lke-clusters,/{apiVersion}/lke/clusters,List Kubernetes clusters,r,r,floor,true,ok,r,ok
holdout4,linode,GET,get-lke-node-pool,/{apiVersion}/lke/clusters/{clusterId}/pools/{poolId},Get a node pool,r,r,floor,true,ok,r,ok
holdout4,linode,GET,get-lke-tiers-versions,/{apiVersion}/lke/tiers/{tier}/versions,List LKE Kubernetes versions (any tier),r,r,floor,true,ok,r,ok
holdout4,linode,GET,get-longview-subscriptions,/{apiVersion}/longview/subscriptions,List Longview subscriptions,r,r,floor,true,ok,r,ok
holdout4,linode,GET,get-managed-credential,/{apiVersion}/managed/credentials/{credentialId},Get a managed credential,r,r,floor,true,ok,r,ok
holdout4,linode,GET,get-managed-linode-settings,/{apiVersion}/managed/linode-settings,List managed Linode settings,r,r,floor,true,ok,r,ok
holdout4,linode,GET,get-managed-service,/{apiVersion}/managed/services/{serviceId},Get a managed service monitor,r,r,floor,true,ok,r,ok
holdout4,linode,GET,get-node-balancer-stats,/{apiVersion}/nodebalancers/{nodeBalancerId}/stats,Get NodeBalancer statistics,r,r,floor,true,ok,r,ok
holdout4,linode,GET,get-object-storage-transfer,/{apiVersion}/object-storage/transfer,Get Object Storage transfer data,r,r,floor,true,ok,r,ok
holdout4,linode,GET,get-payments,/{apiVersion}/account/payments,List payments,r,r,floor,true,ok,r,ok
holdout4,linode,GET,get-profile-logins,/{apiVersion}/profile/logins,List logins,r,r,floor,true,ok,r,ok
holdout4,linode,GET,get-region,/{apiVersion}/regions/{regionId},Get a region,r,r,floor,true,ok,r,ok
holdout4,linode,GET,get-service-transfers,/{apiVersion}/account/service-transfers,List service transfers,r,r,floor,true,ok,r,ok
holdout4,linode,GET,get-sharegroup,/{apiVersion}/images/sharegroups/{sharegroupId},Get a share group,r,r,floor,true,ok,r,ok
holdout4,linode,GET,get-sharegroup-members,/{apiVersion}/images/sharegroups/{sharegroupId}/members,List members by share group,r,r,floor,true,ok,r,ok
holdout4,linode,GET,get-ssh-key,/{apiVersion}/profile/sshkeys/{sshKeyId},Get an SSH key,r,r,floor,true,ok,r,ok
holdout4,linode,GET,get-tagged-objects,/{apiVersion}/tags/{tagLabel},List tagged objects,r,r,floor,true,ok,r,ok
holdout4,linode,GET,get-user,/{apiVersion}/account/users/{username},Get a user,r,r,floor,true,ok,r,ok
holdout4,linode,GET,get-vpc-subnets,/{apiVersion}/vpcs/{vpcId}/subnets,List VPC subnets,r,r,floor,true,ok,r,ok
holdout4,linode,POST,post-read-metric,/{apiVersion}/monitor/services/{serviceType}/metrics,Get an entity's metrics,r,r,read-verb,false,ok,r,ok
holdout5,notion,GET,get-block-children,/v1/blocks/{block_id}/children,Retrieve block children,r,r,floor,true,ok,r,ok
holdout5,notion,GET,get-self,/v1/users/me,Retrieve your token's bot user,r,r,floor,true,ok,r,ok
holdout5,notion,GET,get-user,/v1/users/{user_id},Retrieve a user,r,r,floor,true,ok,r,ok
holdout5,notion,GET,get-users,/v1/users,List all users,r,r,floor,true,ok,r,ok
holdout5,notion,GET,list-data-source-templates,/v1/data_sources/{data_source_id}/templates,List templates in a data source,r,r,floor,true,ok,r,ok
holdout5,notion,GET,retrieve-a-block,/v1/blocks/{block_id},Retrieve a block,r,r,floor,true,ok,r,ok
holdout5,notion,GET,retrieve-a-comment,/v1/comments,Retrieve comments,r,r,floor,true,ok,r,ok
holdout5,notion,GET,retrieve-a-data-source,/v1/data_sources/{data_source_id},Retrieve a data source,r,r,floor,true,ok,r,ok
holdout5,notion,GET,retrieve-a-database,/v1/databases/{database_id},Retrieve a database,r,r,floor,true,ok,r,ok
holdout5,notion,GET,retrieve-a-page,/v1/pages/{page_id},Retrieve a page,r,r,floor,true,ok,r,ok
holdout5,notion,GET,retrieve-a-page-property,/v1/pages/{page_id}/properties/{property_id},Retrieve a page property item,r,r,floor,true,ok,r,ok
holdout5,notion,GET,retrieve-page-markdown,/v1/pages/{page_id}/markdown,Retrieve a page as Markdown,r,r,floor,true,ok,r,ok
holdout5,notion,POST,post-search,/v1/search,Search by title,r,r,read-verb,false,ok,r,ok
holdout5,notion,POST,query-data-source,/v1/data_sources/{data_source_id}/query,Query a data source,r,r,read-verb,false,ok,r,ok
holdout2,pagerduty,GET,getAddon,/addons/{id},Get an Add-on,r,r,floor,true,ok,r,ok
holdout2,pagerduty,GET,getAlertGroupingSetting,/alert_grouping_settings/{id},Get an Alert Grouping Setting,r,r,floor,true,ok,r,ok
holdout2,pagerduty,GET,getAnalyticsIncidentResponsesById,/analytics/raw/incidents/{id}/responses,Get raw responses from a single incident,r,r,floor,true,ok,r,ok
holdout2,pagerduty,GET,getAutomationActionsActionServiceAssociations,/automation_actions/actions/{id}/services,Get all service references associated with an Automation Action,r,r,floor,true,ok,r,ok
holdout2,pagerduty,GET,getAutomationActionsRunnerTeamAssociations,/automation_actions/runners/{id}/teams,Get all team references associated with a runner,r,r,floor,true,ok,r,ok
holdout2,pagerduty,GET,getAutomationActionsRunners,/automation_actions/runners,List Automation Action runners,r,r,floor,true,ok,r,ok
holdout2,pagerduty,GET,getCurrentUser,/users/me,Get the current user,r,r,floor,true,ok,r,ok
holdout2,pagerduty,GET,getCustomShift,/v3/schedules/{id}/custom_shifts/{custom_shift_id},Get a custom shift,r,r,floor,true,ok,r,ok
holdout2,pagerduty,GET,getIncidentFieldValues,/incidents/{id}/custom_fields/values,Get Custom Field Values,r,r,floor,true,ok,r,ok
holdout2,pagerduty,GET,getIncidentType,/incidents/types/{type_id_or_name},Get an Incident Type,r,r,floor,true,ok,r,ok
holdout2,pagerduty,GET,getIncidentTypeCustomField,/incidents/types/{type_id_or_name}/custom_fields/{field_id},Get an Incident Type Custom Field,r,r,floor,true,ok,r,ok
holdout2,pagerduty,GET,getIncidentTypeCustomFieldFieldOptions,/incidents/types/{type_id_or_name}/custom_fields/{field_id}/field_options/{field_option_id},Get a Field Option on a Custom Field,r,r,floor,true,ok,r,ok
holdout2,pagerduty,GET,getOverride,/v3/schedules/{id}/overrides/{override_id},Get an override,r,r,floor,true,ok,r,ok
holdout2,pagerduty,GET,getPausedIncidentReportCounts,/paused_incident_reports/counts,Get Paused Incident Reporting counts,r,r,floor,true,ok,r,ok
holdout2,pagerduty,GET,getPostmortem,/status_pages/{id}/posts/{post_id}/postmortem,Get a Post Postmortem,r,r,floor,true,ok,r,ok
holdout2,pagerduty,GET,getRotation,/v3/schedules/{id}/rotations/{rotation_id},Get a rotation,r,r,floor,true,ok,r,ok
holdout2,pagerduty,GET,getSchedule,/schedules/{id},Get a schedule,r,r,floor,true,ok,r,ok
holdout2,pagerduty,GET,getServiceNowCredentials,/enrichment/integrations/servicenow/credentials/{credentials_id},Get ServiceNow credentials,r,r,floor,true,ok,r,ok
holdout2,pagerduty,GET,getStatusDashboardServiceImpactsById,/status_dashboards/{id}/service_impacts,Get impacted Business Services for a Status Dashboard by `id`.,r,r,floor,true,ok,r,ok
holdout2,pagerduty,GET,getStatusPageSeverity,/status_pages/{id}/severities/{severity_id},Get a Status Page Severity,r,r,floor,true,ok,r,ok
holdout2,pagerduty,GET,getTag,/tags/{id},Get a tag,r,r,floor,true,ok,r,ok
holdout2,pagerduty,GET,getTeam,/teams/{id},Get a team,r,r,floor,true,ok,r,ok
holdout2,pagerduty,GET,getTechnicalServiceServiceDependencies,/service_dependencies/technical_services/{id},Get technical service dependencies,r,r,floor,true,ok,r,ok
holdout2,pagerduty,GET,getTemplate,/templates/{id},Get a template,r,r,floor,true,ok,r,ok
holdout2,pagerduty,GET,getUserContactMethods,/users/{id}/contact_methods,List a user's contact methods,r,r,floor,true,ok,r,ok
holdout2,pagerduty,GET,getUserDelegation,/users/{id}/oauth_delegations/{delegation_id},Get a user's delegation,r,r,floor,true,ok,r,ok
holdout2,pagerduty,GET,getUserLicense,/users/{id}/license,Get the License allocated to a User,r,r,floor,true,ok,r,ok
holdout2,pagerduty,GET,getUserSession,/users/{id}/sessions/{type}/{session_id},Get a user's session,r,r,floor,true,ok,r,ok
holdout2,pagerduty,GET,listAbilities,/abilities,List abilities,r,r,floor,true,ok,r,ok
holdout2,pagerduty,GET,listCacheVarOnServiceOrch,/event_orchestrations/services/{service_id}/cache_variables,List Cache Variables for a Service Event Orchestration,r,r,floor,true,ok,r,ok
holdout2,pagerduty,GET,listChangeEvents,/change_events,List Change Events,r,r,floor,true,ok,r,ok
holdout2,pagerduty,GET,listEnrichmentRecords,/enrichment/schemas/{schema_id}/records,List enrichment records,r,r,floor,true,ok,r,ok
holdout2,pagerduty,GET,listEnrichmentSchemas,/enrichment/schemas,List enrichment schemas,r,r,floor,true,ok,r,ok
holdout2,pagerduty,GET,listExtensions,/extensions,List extensions,r,r,floor,true,ok,r,ok
holdout2,pagerduty,GET,listIncidentRelatedChangeEvents,/incidents/{id}/related_change_events,List related Change Events for an Incident,r,r,floor,true,ok,r,ok
holdout2,pagerduty,GET,listIncidentWorkflowTriggers,/incident_workflows/triggers,List Triggers,r,r,floor,true,ok,r,ok
holdout2,pagerduty,GET,listLicenseAllocations,/license_allocations,List License Allocations,r,r,floor,true,ok,r,ok
holdout2,pagerduty,GET,listMaintenanceWindows,/maintenance_windows,List maintenance windows,r,r,floor,true,ok,r,ok
holdout2,pagerduty,GET,listNotifications,/notifications,List notifications,r,r,floor,true,ok,r,ok
holdout2,pagerduty,GET,listOauthClients,/webhook_subscriptions/oauth_clients,List OAuth clients,r,r,floor,true,ok,r,ok
holdout2,pagerduty,GET,listServiceEventRules,/services/{id}/rules,List Service's Event Rules,r,r,floor,true,ok,r,ok
holdout2,pagerduty,GET,listServiceFeatureEnablements,/services/{id}/enablements,Get Enablements for a Service,r,r,floor,true,ok,r,ok
holdout2,pagerduty,GET,listTeamUsers,/teams/{id}/members,List members of a team,r,r,floor,true,ok,r,ok
holdout2,pagerduty,GET,listWorkflowIntegrations,/workflows/integrations,List Workflow Integrations,r,r,floor,true,ok,r,ok
holdout2,pagerduty,POST,getAnalyticsMetricsIncidentsService,/analytics/metrics/incidents/services,Get aggregated service data,r,r,read-verb,false,ok,r,ok
holdout2,pagerduty,POST,getAnalyticsMetricsRespondersAll,/analytics/metrics/responders/all,Get aggregated metrics for all responders,r,r,read-verb,false,ok,r,ok
holdout3,sentry,GET,Retrieve an Integration's Issue Config for an Issue,/api/0/organizations/{organization_id_or_slug}/issues/{issue_id}/integrations/{integration_id}/,,r,r,floor,true,ok,r,ok
holdout3,sentry,GET,getOrganizationDashboard,/api/0/organizations/{organization_id_or_slug}/dashboards/{dashboard_id}/,Retrieve an Organization's Custom Dashboard,r,r,floor,true,ok,r,ok
holdout3,sentry,GET,getOrganizationDetector,/api/0/organizations/{organization_id_or_slug}/detectors/{detector_id}/,Fetch a Monitor,r,r,floor,true,ok,r,ok
holdout3,sentry,GET,getOrganizationIssue,/api/0/organizations/{organization_id_or_slug}/issues/{issue_id}/,Retrieve an Issue,r,r,floor,true,ok,r,ok
holdout3,sentry,GET,getOrganizationIssueTag,/api/0/organizations/{organization_id_or_slug}/issues/{issue_id}/tags/{key}/,Retrieve Tag Details,r,r,floor,true,ok,r,ok
holdout3,sentry,GET,getOrganizationPreprodArtifactSnapshotImage,/api/0/organizations/{organization_id_or_slug}/preprodartifacts/snapshots/{snapshot_id}/images/{image_identifier}/,Retrieve Snapshot image detail,r,r,floor,true,ok,r,ok
holdout3,sentry,GET,getOrganizationPreprodArtifactSnapshotLatestBase,/api/0/organizations/{organization_id_or_slug}/preprodartifacts/snapshots/latest-base/,Retrieve latest base Snapshot,r,r,floor,true,ok,r,ok
holdout3,sentry,GET,getOrganizationScimV2User,/api/0/organizations/{organization_id_or_slug}/scim/v2/Users/{member_id},Query an Individual Organization Member,r,r,floor,true,ok,r,ok
holdout3,sentry,GET,getOrganizationTraceMeta,/api/0/organizations/{organization_id_or_slug}/trace-meta/{trace_id}/,Retrieve Trace Metadata,r,r,floor,true,ok,r,ok
holdout3,sentry,GET,getProjectEnvironment,/api/0/projects/{organization_id_or_slug}/{project_id_or_slug}/environments/{environment}/,Retrieve a Project Environment,r,r,floor,true,ok,r,ok
holdout3,sentry,GET,getProjectEvent,/api/0/projects/{organization_id_or_slug}/{project_id_or_slug}/events/{event_id}/,Retrieve an Event for a Project,r,r,floor,true,ok,r,ok
holdout3,sentry,GET,getProjectEventSourceMapDebug,/api/0/projects/{organization_id_or_slug}/{project_id_or_slug}/events/{event_id}/source-map-debug/,Get Debug Information Related to Source Maps for a Given Event,r,r,floor,true,ok,r,ok
holdout3,sentry,GET,getProjectKey,/api/0/projects/{organization_id_or_slug}/{project_id_or_slug}/keys/{key_id}/,Retrieve a Client Key,r,r,floor,true,ok,r,ok
holdout3,sentry,GET,getProjectPreprodSizeAnalysisStatusCheckRules,/api/0/projects/{organization_id_or_slug}/{project_id_or_slug}/preprod/size-analysis/status-check-rules/,Retrieve Size Analysis status check rules for a project,r,r,floor,true,ok,r,ok
holdout3,sentry,GET,getProjectProfilingProfile,/api/0/projects/{organization_id_or_slug}/{project_id_or_slug}/profiling/profiles/{profile_id}/,Retrieve a Profile,r,r,floor,true,ok,r,ok
holdout3,sentry,GET,getProjectReleaseFile,/api/0/projects/{organization_id_or_slug}/{project_id_or_slug}/releases/{version}/files/{file_id}/,Retrieve a Project Release's File,r,r,floor,true,ok,r,ok
holdout3,sentry,GET,getSentryApp,/api/0/sentry-apps/{sentry_app_id_or_slug}/,Retrieve a custom integration by ID or slug.,r,r,floor,true,ok,r,ok
holdout3,sentry,GET,getTeam,/api/0/teams/{organization_id_or_slug}/{team_id_or_slug}/,Retrieve a Team,r,r,floor,true,ok,r,ok
holdout3,sentry,GET,listOrganizationAIConversations,/api/0/organizations/{organization_id_or_slug}/agents/conversations/,List an Organization's AI Conversations,r,r,floor,true,ok,r,ok
holdout3,sentry,GET,listOrganizationDashboards,/api/0/organizations/{organization_id_or_slug}/dashboards/,List an Organization's Custom Dashboards,r,r,floor,true,ok,r,ok
holdout3,sentry,GET,listOrganizationDetectors,/api/0/organizations/{organization_id_or_slug}/detectors/,Fetch an Organization's Monitors,r,r,floor,true,ok,r,ok
holdout3,sentry,GET,listOrganizationEventsTimeseries,/api/0/organizations/{organization_id_or_slug}/events-timeseries/,Query Explore Events in Timeseries Format,r,r,floor,true,ok,r,ok
holdout3,sentry,GET,listOrganizationIssueExternalIssues,/api/0/organizations/{organization_id_or_slug}/issues/{issue_id}/external-issues/,Retrieve custom integration issue links for the given Sentry issue,r,r,floor,true,ok,r,ok
holdout3,sentry,GET,listOrganizationIssueViews,/api/0/organizations/{organization_id_or_slug}/group-search-views/,List Issue Views,r,r,floor,true,ok,r,ok
holdout3,sentry,GET,listOrganizationIssues,/api/0/organizations/{organization_id_or_slug}/issues/,List an Organization's Issues,r,r,floor,true,ok,r,ok
holdout3,sentry,GET,listOrganizationMonitorCheckins,/api/0/organizations/{organization_id_or_slug}/monitors/{monitor_id_or_slug}/checkins/,Retrieve Check-Ins for a Monitor,r,r,floor,true,ok,r,ok
holdout3,sentry,GET,listOrganizationProfilingChunks,/api/0/organizations/{organization_id_or_slug}/profiling/chunks/,Retrieve Profile Chunks for an Organization,r,r,floor,true,ok,r,ok
holdout3,sentry,GET,listOrganizationProjects,/api/0/organizations/{organization_id_or_slug}/projects/,List an Organization's Projects,r,r,floor,true,ok,r,ok
holdout3,sentry,GET,listOrganizationRelayUsage,/api/0/organizations/{organization_id_or_slug}/relay_usage/,List an Organization's trusted Relays,r,r,floor,true,ok,r,ok
holdout3,sentry,GET,listOrganizationReleaseDeploys,/api/0/organizations/{organization_id_or_slug}/releases/{version}/deploys/,List a Release's Deploys,r,r,floor,true,ok,r,ok
holdout3,sentry,GET,listOrganizationReplays,/api/0/organizations/{organization_id_or_slug}/replays/,List an Organization's Replays,r,r,floor,true,ok,r,ok
holdout3,sentry,GET,listOrganizationRepoCommits,/api/0/organizations/{organization_id_or_slug}/repos/{repo_id}/commits/,List a Repository's Commits,r,r,floor,true,ok,r,ok
holdout3,sentry,GET,listOrganizationScimV2Users,/api/0/organizations/{organization_id_or_slug}/scim/v2/Users,List an Organization's SCIM Members,r,r,floor,true,ok,r,ok
holdout3,sentry,GET,listOrganizationSentryApps,/api/0/organizations/{organization_id_or_slug}/sentry-apps/,Retrieve the custom integrations created by an organization,r,r,floor,true,ok,r,ok
holdout3,sentry,GET,listOrganizationStatsV2,/api/0/organizations/{organization_id_or_slug}/stats_v2/,Retrieve Event Counts for an Organization (v2),r,r,floor,true,ok,r,ok
holdout3,sentry,GET,listOrganizations,/api/0/organizations/,List Your Organizations,r,r,floor,true,ok,r,ok
holdout3,sentry,GET,listProjectKeys,/api/0/projects/{organization_id_or_slug}/{project_id_or_slug}/keys/,List a Project's Client Keys,r,r,floor,true,ok,r,ok
holdout3,sentry,GET,listProjectMonitorCheckins,/api/0/projects/{organization_id_or_slug}/{project_id_or_slug}/monitors/{monitor_id_or_slug}/checkins/,Retrieve Check-Ins for a Monitor by Project,r,r,floor,true,ok,r,ok
holdout3,sentry,GET,listProjectReleaseFiles,/api/0/projects/{organization_id_or_slug}/{project_id_or_slug}/releases/{version}/files/,List a Project's Release Files,r,r,floor,true,ok,r,ok
holdout3,sentry,GET,listProjectReplayClicks,/api/0/projects/{organization_id_or_slug}/{project_id_or_slug}/replays/{replay_id}/clicks/,List Clicked Nodes,r,r,floor,true,ok,r,ok
holdout3,sentry,GET,listProjectReplayViewedBy,/api/0/projects/{organization_id_or_slug}/{project_id_or_slug}/replays/{replay_id}/viewed-by/,List Users Who Have Viewed a Replay,r,r,floor,true,ok,r,ok
holdout3,sentry,GET,listTeamProjects,/api/0/teams/{organization_id_or_slug}/{team_id_or_slug}/projects/,List a Team's Projects,r,r,floor,true,ok,r,ok
holdout5,slack,GET,admin_apps_approved_list,/admin.apps.approved.list,,r,r,floor,true,ok,r,ok
holdout5,slack,GET,admin_apps_requests_list,/admin.apps.requests.list,,r,r,floor,true,ok,r,ok
holdout5,slack,GET,admin_apps_restricted_list,/admin.apps.restricted.list,,r,r,floor,true,ok,r,ok
holdout5,slack,GET,admin_conversations_ekm_listOriginalConnectedChannelInfo,/admin.conversations.ekm.listOriginalConnectedChannelInfo,,r,r,floor,true,ok,r,ok
holdout5,slack,GET,admin_conversations_getConversationPrefs,/admin.conversations.getConversationPrefs,,r,r,floor,true,ok,r,ok
holdout5,slack,GET,admin_conversations_getTeams,/admin.conversations.getTeams,,r,r,floor,true,ok,r,ok
holdout5,slack,GET,admin_conversations_restrictAccess_listGroups,/admin.conversations.restrictAccess.listGroups,,r,r,floor,true,ok,r,ok
holdout5,slack,GET,admin_conversations_search,/admin.conversations.search,,r,r,floor,true,ok,r,ok
holdout5,slack,GET,admin_emoji_list,/admin.emoji.list,,r,r,floor,true,ok,r,ok
holdout5,slack,GET,admin_inviteRequests_approved_list,/admin.inviteRequests.approved.list,,r,r,floor,true,ok,r,ok
holdout5,slack,GET,admin_inviteRequests_denied_list,/admin.inviteRequests.denied.list,,r,r,floor,true,ok,r,ok
holdout5,slack,GET,admin_inviteRequests_list,/admin.inviteRequests.list,,r,r,floor,true,ok,r,ok
holdout5,slack,GET,admin_teams_admins_list,/admin.teams.admins.list,,r,r,floor,true,ok,r,ok
holdout5,slack,GET,admin_teams_list,/admin.teams.list,,r,r,floor,true,ok,r,ok
holdout5,slack,GET,admin_teams_owners_list,/admin.teams.owners.list,,r,r,floor,true,ok,r,ok
holdout5,slack,GET,admin_teams_settings_info,/admin.teams.settings.info,,r,r,floor,true,ok,r,ok
holdout5,slack,GET,admin_usergroups_listChannels,/admin.usergroups.listChannels,,r,r,floor,true,ok,r,ok
holdout5,slack,GET,admin_users_list,/admin.users.list,,r,r,floor,true,ok,r,ok
holdout5,slack,GET,api_test,/api.test,,r,r,floor,true,ok,r,ok
holdout5,slack,GET,apps_event_authorizations_list,/apps.event.authorizations.list,,r,r,floor,true,ok,r,ok
holdout5,slack,GET,apps_permissions_info,/apps.permissions.info,,r,r,floor,true,ok,r,ok
holdout5,slack,GET,apps_permissions_resources_list,/apps.permissions.resources.list,,r,r,floor,true,ok,r,ok
holdout5,slack,GET,apps_permissions_scopes_list,/apps.permissions.scopes.list,,r,r,floor,true,ok,r,ok
holdout5,slack,GET,apps_permissions_users_list,/apps.permissions.users.list,,r,r,floor,true,ok,r,ok
holdout5,slack,GET,auth_test,/auth.test,,r,r,floor,true,ok,r,ok
holdout5,slack,GET,bots_info,/bots.info,,r,r,floor,true,ok,r,ok
holdout5,slack,GET,calls_info,/calls.info,,r,r,floor,true,ok,r,ok
holdout5,slack,GET,chat_getPermalink,/chat.getPermalink,,r,r,floor,true,ok,r,ok
holdout5,slack,GET,chat_scheduledMessages_list,/chat.scheduledMessages.list,,r,r,floor,true,ok,r,ok
holdout5,slack,GET,conversations_history,/conversations.history,,r,r,floor,true,ok,r,ok
holdout5,slack,GET,conversations_info,/conversations.info,,r,r,floor,true,ok,r,ok
holdout5,slack,GET,conversations_list,/conversations.list,,r,r,floor,true,ok,r,ok
holdout5,slack,GET,conversations_members,/conversations.members,,r,r,floor,true,ok,r,ok
holdout5,slack,GET,conversations_replies,/conversations.replies,,r,r,floor,true,ok,r,ok
holdout5,slack,GET,dnd_info,/dnd.info,,r,r,floor,true,ok,r,ok
holdout5,slack,GET,dnd_teamInfo,/dnd.teamInfo,,r,r,floor,true,ok,r,ok
holdout5,slack,GET,emoji_list,/emoji.list,,r,r,floor,true,ok,r,ok
holdout5,slack,GET,files_info,/files.info,,r,r,floor,true,ok,r,ok
holdout5,slack,GET,files_list,/files.list,,r,r,floor,true,ok,r,ok
holdout5,slack,GET,files_remote_info,/files.remote.info,,r,r,floor,true,ok,r,ok
holdout5,slack,GET,files_remote_list,/files.remote.list,,r,r,floor,true,ok,r,ok
holdout5,slack,GET,migration_exchange,/migration.exchange,,r,r,floor,true,ok,r,ok
holdout5,slack,GET,pins_list,/pins.list,,r,r,floor,true,ok,r,ok
holdout5,slack,GET,reactions_get,/reactions.get,,r,r,floor,true,ok,r,ok
holdout5,slack,GET,reactions_list,/reactions.list,,r,r,floor,true,ok,r,ok
holdout5,slack,GET,reminders_info,/reminders.info,,r,r,floor,true,ok,r,ok
holdout5,slack,GET,reminders_list,/reminders.list,,r,r,floor,true,ok,r,ok
holdout5,slack,GET,search_messages,/search.messages,,r,r,floor,true,ok,r,ok
holdout5,slack,GET,stars_list,/stars.list,,r,r,floor,true,ok,r,ok
holdout5,slack,GET,team_accessLogs,/team.accessLogs,,r,r,floor,true,ok,r,ok
holdout5,slack,GET,team_billableInfo,/team.billableInfo,,r,r,floor,true,ok,r,ok
holdout5,slack,GET,team_info,/team.info,,r,r,floor,true,ok,r,ok
holdout5,slack,GET,team_integrationLogs,/team.integrationLogs,,r,r,floor,true,ok,r,ok
holdout5,slack,GET,team_profile_get,/team.profile.get,,r,r,floor,true,ok,r,ok
holdout5,slack,GET,usergroups_list,/usergroups.list,,r,r,floor,true,ok,r,ok
holdout5,slack,GET,usergroups_users_list,/usergroups.users.list,,r,r,floor,true,ok,r,ok
holdout5,slack,GET,users_conversations,/users.conversations,,r,r,floor,true,ok,r,ok
holdout5,slack,GET,users_getPresence,/users.getPresence,,r,r,floor,true,ok,r,ok
holdout5,slack,GET,users_identity,/users.identity,,r,r,floor,true,ok,r,ok
holdout5,slack,GET,users_info,/users.info,,r,r,floor,true,ok,r,ok
holdout5,slack,GET,users_list,/users.list,,r,r,floor,true,ok,r,ok
holdout5,slack,GET,users_lookupByEmail,/users.lookupByEmail,,r,r,floor,true,ok,r,ok
holdout5,slack,GET,users_profile_get,/users.profile.get,,r,r,floor,true,ok,r,ok
holdout3,vercel,GET,countEvents,/v1/query/web-analytics/events/count,Counts custom events,r,r,floor,true,ok,r,ok
holdout3,vercel,GET,get-account-info,/v1/installations/{integrationConfigurationId}/account,Get Account Information,r,r,floor,true,ok,r,ok
holdout3,vercel,GET,get-integration-resources,/v1/installations/{integrationConfigurationId}/resources,Get Integration Resources,r,r,floor,true,ok,r,ok
holdout3,vercel,GET,getByTeamSlugByProjectSlugByRepositoryNameTagsList,/v2/{teamSlug}/{projectSlug}/{repositoryName}/tags/list,List image tags,r,r,floor,true,ok,r,ok
holdout3,vercel,GET,getConfiguration,/v1/integrations/configuration/{id},Retrieve an integration configuration,r,r,floor,true,ok,r,ok
holdout3,vercel,GET,getConnectorProjectConnection,/v1/connect/connectors/{connector}/projects/{projectId},Get a connector project connection,r,r,floor,true,ok,r,ok
holdout3,vercel,GET,getDomainPrice,/v1/registrar/domains/{domain}/price,Get price data for a domain,r,r,floor,true,ok,r,ok
holdout3,vercel,GET,getDomainVerificationRecord,/v9/domains/{domain}/verification,Get Domain Verification Record,r,r,floor,true,ok,r,ok
holdout3,vercel,GET,getDrains,/v1/drains,Retrieve a list of all Drains,r,r,floor,true,ok,r,ok
holdout3,vercel,GET,getFirewallConfig,/v1/security/firewall/config/{configVersion},Read Firewall Configuration,r,r,floor,true,ok,r,ok
holdout3,vercel,GET,getFlagSettings,/v1/projects/{projectIdOrName}/feature-flags/settings,Get project flag settings,r,r,floor,true,ok,r,ok
holdout3,vercel,GET,getIntegrationLogDrains,/v2/integrations/log-drains,Retrieves a list of Integration log drains (deprecated),r,r,floor,true,ok,r,ok
holdout3,vercel,GET,getKmsIssuer,/v1/kms/issuers/{issuerId},Get an issuer,r,r,floor,true,ok,r,ok
holdout3,vercel,GET,getMicrofrontendsConfig,/v1/microfrontends/{deploymentId}/config,Get microfrontends config for a deployment,r,r,floor,true,ok,r,ok
holdout3,vercel,GET,getObservabilityConfigurationProjects,/v1/observability/manage/configuration/projects,Lists disabled Observability Plus projects,r,r,floor,true,ok,r,ok
holdout3,vercel,GET,getRepositoryTag,/v1/vcr/repository/{idOrName}/tags/{tag},Get a repository tag,r,r,floor,true,ok,r,ok
holdout3,vercel,GET,getRollingRelease,/v1/projects/{idOrName}/rolling-release,Get the active rolling release information for a project,r,r,floor,true,ok,r,ok
holdout3,vercel,GET,getSession,/v2/sandboxes/sessions/{sessionId},Get a session,r,r,floor,true,ok,r,ok
holdout3,vercel,GET,getTld,/v1/registrar/tlds/{tld},Get TLD,r,r,floor,true,ok,r,ok
holdout3,vercel,GET,listNamedSandboxes,/v2/sandboxes,List sandboxes,r,r,floor,true,ok,r,ok
holdout3,vercel,GET,listRepositories,/v1/vcr/repository,List repositories,r,r,floor,true,ok,r,ok
holdout3,vercel,GET,readNetwork,/v1/connect/networks/{networkId},Read a Secure Compute network,r,r,floor,true,ok,r,ok
holdout4,x,GET,chatMediaDownload,/2/chat/media/{id}/{media_hash_key},Download Chat Media,r,r,floor,true,ok,r,ok
holdout4,x,GET,getActivitySubscriptions,/2/activity/subscriptions,Get X activity subscriptions,r,r,floor,true,ok,r,ok
holdout4,x,GET,getBots,/2/bots,Get Bots,r,r,floor,true,ok,r,ok
holdout4,x,GET,getComplianceJobs,/2/compliance/jobs,Get Compliance Jobs,r,r,floor,true,ok,r,ok
holdout4,x,GET,getComplianceJobsById,/2/compliance/jobs/{id},Get Compliance Job by ID,r,r,floor,true,ok,r,ok
holdout4,x,GET,getDeveloperAccount,/2/account,Get developer account,r,r,floor,true,ok,r,ok
holdout4,x,GET,getDirectMessagesEventsByConversationId,/2/dm_conversations/{id}/dm_events,Get Direct Messages Events by Conversation ID,r,r,floor,true,ok,r,ok
holdout4,x,GET,getDirectMessagesEventsById,/2/dm_events/{event_id},Get Direct Messages Events by ID,r,r,floor,true,ok,r,ok
holdout4,x,GET,getDirectMessagesEventsByParticipantId,/2/dm_conversations/with/{participant_id}/dm_events,Get Direct Messages Events by Participant ID,r,r,floor,true,ok,r,ok
holdout4,x,GET,getListsById,/2/lists/{id},Get Lists by ID,r,r,floor,true,ok,r,ok
holdout4,x,GET,getListsMembers,/2/lists/{id}/members,Get Lists Members,r,r,floor,true,ok,r,ok
holdout4,x,GET,getListsPosts,/2/lists/{id}/tweets,Get Lists Posts,r,r,floor,true,ok,r,ok
holdout4,x,GET,getMediaUploadStatus,/2/media/upload,Get Media upload status,r,r,floor,true,ok,r,ok
holdout4,x,GET,getPostsById,/2/tweets/{id},Get Posts by ID,r,r,floor,true,ok,r,ok
holdout4,x,GET,getPostsByIds,/2/tweets,Get Posts by IDs,r,r,floor,true,ok,r,ok
holdout4,x,GET,getPostsRepostedBy,/2/tweets/{id}/retweeted_by,Get Posts Reposted by,r,r,floor,true,ok,r,ok
holdout4,x,GET,getSpacesBuyers,/2/spaces/{id}/buyers,Get Space ticket buyers,r,r,floor,true,ok,r,ok
holdout4,x,GET,getSpacesByCreatorIds,/2/spaces/by/creator_ids,Get Spaces by Creator IDs,r,r,floor,true,ok,r,ok
holdout4,x,GET,getUsageCredits,/2/usage/credits,Get usage credits,r,r,floor,true,ok,r,ok
holdout4,x,GET,getUsersAffiliates,/2/users/{id}/affiliates,Get Users Affiliates,r,r,floor,true,ok,r,ok
holdout4,x,GET,getUsersBookmarksByFolderId,/2/users/{id}/bookmarks/folders/{folder_id},Get Users Bookmarks by Folder ID,r,r,floor,true,ok,r,ok
holdout4,x,GET,getUsersByUsernames,/2/users/by,Get Users by Usernames,r,r,floor,true,ok,r,ok
holdout4,x,GET,getUsersMe,/2/users/me,Get Users Me,r,r,floor,true,ok,r,ok
holdout4,x,GET,getUsersMuting,/2/users/{id}/muting,Get Users Muting,r,r,floor,true,ok,r,ok
holdout4,x,GET,getUsersPinnedLists,/2/users/{id}/pinned_lists,Get Users Pinned Lists,r,r,floor,true,ok,r,ok
holdout4,x,GET,getUsersPublicKey,/2/users/{id}/public_keys,Get public keys,r,r,floor,true,ok,r,ok
holdout4,x,GET,getUsersRepostsOfMe,/2/users/reposts_of_me,Get Users Reposts of Me,r,r,floor,true,ok,r,ok
holdout4,x,GET,listBroadcasts,/2/broadcasts,List broadcasts,r,r,floor,true,ok,r,ok
holdout4,x,GET,searchNews,/2/news/search,Search News,r,r,floor,true,ok,r,ok
holdout4,x,GET,searchPostsRecent,/2/tweets/search/recent,Search Posts Recent,r,r,floor,true,ok,r,ok
holdout4,x,GET,streamLikesSample10,/2/likes/sample10/stream,Stream sampled Likes,r,r,floor,true,ok,r,ok
holdout4,x,GET,streamPostsCompliance,/2/tweets/compliance/stream,Stream Posts compliance data,r,r,floor,true,ok,r,ok
holdout4,x,GET,streamPostsFirehose,/2/tweets/firehose/stream,Stream all Posts,r,r,floor,true,ok,r,ok
holdout4,x,GET,streamPostsFirehoseKo,/2/tweets/firehose/stream/lang/ko,Stream Korean Posts,r,r,floor,true,ok,r,ok
holdout4,x,GET,streamPostsSample,/2/tweets/sample/stream,Stream sampled Posts,r,r,floor,true,ok,r,ok
holdout4,x,GET,validateAccountActivitySubscription,/2/account_activity/webhooks/{webhook_id}/subscriptions/all,Validate Account Activity Subscription,r,r,floor,true,ok,r,ok
