repo,file,path,method,operationId,gt_class,state_effect,external_effect,spec_field,doubt,reason
ApplicationEndpointDiscovery,application-endpoint-discovery.yaml,/retrieve-optimal-app-endpoints,POST,getOptimalAppEndpoints,r,none,none,description,,"The description says the network only ""returns the endpoint(s) of the Application Instance(s) with the shortest network path"" for the identified device, so the POST body is a lookup query and no resource is created."
ApplicationEndpointRegistration,application-endpoint-registration.yaml,/application-endpoint-lists,POST,registerApplicationEndpoints,x,non-idempotent,none,schemas.ApplicationEndpointListId,,"ApplicationEndpointListId is described as ""generated by the system upon successful registration"", so each call to register endpoints mints a brand-new list identifier rather than replacing an existing one."
ApplicationEndpointRegistration,application-endpoint-registration.yaml,/application-endpoint-lists,GET,getAllRegisteredApplicationEndpoints,r,none,none,description,,"Description states it ""Returns endpoint information for all registered Applications"", a pure read with no request body."
ApplicationEndpointRegistration,application-endpoint-registration.yaml,/application-endpoint-lists/{applicationEndpointListId},GET,getApplicationEndpointsById,r,none,none,description,,"Description states it ""Returns endpoint information of the application based on applicationEndpointListId"", a read-only lookup by path id."
ApplicationEndpointRegistration,application-endpoint-registration.yaml,/application-endpoint-lists/{applicationEndpointListId},PUT,updateApplicationEndpoint,w,idempotent,none,description,,"Description says it will ""Update registered application Endpoint information"" for the identified list, a set/replace operation via PUT with no external notification."
ApplicationEndpointRegistration,application-endpoint-registration.yaml,/application-endpoint-lists/{applicationEndpointListId},DELETE,deregisterApplicationEndpoint,w,idempotent,none,description,,"Description says it will ""Deregister an application's Endpoint from the edge cloud zone"", a resource deletion whose repeated effect (endpoint gone) is unchanged."
ApplicationProfiles,application-profiles.yaml,/application-profiles,POST,createApplicationProfile,x,non-idempotent,none,responses.201,,"The 201 Created response returns a new ApplicationProfile object with a fresh applicationProfileId each time the operation succeeds, so repeating the call produces another profile rather than the same one."
ApplicationProfiles,application-profiles.yaml,/application-profiles/{applicationProfileId},PATCH,updateApplicationProfile,w,idempotent,none,description,,"Description states it updates ""the complete set of network quality thresholds for an application with the new set of thresholds"", i.e. a full replace of the identified profile's thresholds."
ApplicationProfiles,application-profiles.yaml,/application-profiles/{applicationProfileId},GET,readApplicationProfile,r,none,none,summary,,"Summary and description are simply ""Get an Application Profile"" / ""Read an Application Profile"" by its id, with no side effects documented."
ApplicationProfiles,application-profiles.yaml,/application-profiles/{applicationProfileId},DELETE,deleteApplicationProfile,w,idempotent,none,responses.204,,"The 204 response description ""Application profile has been deleted successfully"" indicates a delete whose repeated effect (profile absent) does not change."
BlockchainPublicAddress,blockchain-public-address-validation.yaml,/nonce,POST,createBlockchainPublicAddressValidationNonce,x,non-idempotent,none,responses.201,,"The 201 Created response returns a freshly generated ""One-time challenge"" nonce each call, so calling twice yields two distinct nonces rather than the same result."
BlockchainPublicAddress,blockchain-public-address.yaml,/blockchain-public-addresses/retrieve-blockchains,POST,retrieveBlockchainPublicAddress,r,none,none,description,,"Description says it ""Retrieves Blockchain Public Address associated with a mobile phone number"" and returns an array with no resource created or modified."
BlockchainPublicAddress,blockchain-public-address.yaml,/blockchain-public-addresses,POST,bindBlockchainPublicAddress,x,non-idempotent,none,description,,"Description explicitly states ""If the mobile phone number is already bound to a Blockchain Public Address, this operation will add a new bound Blockchain Public Address to the mobile phone number"", so repeating the call adds another binding rather than converging on one state."
BlockchainPublicAddress,blockchain-public-address.yaml,/blockchain-public-addresses/{id},DELETE,deleteBlockchainPublicAddress,w,idempotent,none,description,,"Description says it ""Unbinds Blockchain Public Address to a mobile phone number"" for the given bind id, a deletion whose end state (unbound) is stable under repetition."
CallForwardingSignal,call-forwarding-signal.yaml,/unconditional-call-forwardings,POST,retrieveUnconditionalCallForwarding,r,none,none,description,,"Description states the endpoint ""provides information about the status of the unconditional call forwarding, being active or not"", a status lookup with a boolean response and no state change."
CallForwardingSignal,call-forwarding-signal.yaml,/call-forwardings,POST,retrieveCallForwarding,r,none,none,description,,"Description states it ""provides information about which type of call forwarding service is active"", returning an array of active types with no state change."
CapabilitiesAndRuntimeRestrictions,capabilities-and-restrictions.yaml,/retrieve,POST,postServiceCapability,x,idempotent,notifies,info.description,,"The info.description explains the server ""internally registers for capability change events if 'subscriptionRequest' is provided in the request"" and calls the client-supplied sink with CloudEvents, i.e. it can create a live notification subscription as part of the call."
CarrierBillingCheckOut,carrier-billing-refund.yaml,/payments/{paymentId}/refunds,POST,createRefund,x,non-idempotent,third-party,description,,"Description says it will ""Create a new refund for an existing payment"" which is ""total`` or `partial`"", moving money back to the user on every successful call, a new refund resource each time."
CarrierBillingCheckOut,carrier-billing-refund.yaml,/payments/{paymentId}/refunds,GET,retrieveRefunds,r,none,none,summary,,"Summary is ""Get a list of refunds"", a plain listing operation with no request body."
CarrierBillingCheckOut,carrier-billing-refund.yaml,/payments/{paymentId}/refunds/{refundId},GET,retrieveRefund,r,none,none,summary,,"Summary is ""Get refund details"" for a specific refundId, a read-only lookup."
CarrierBillingCheckOut,carrier-billing-refund.yaml,/payments/{paymentId}/refunds/remaining-amount,GET,retrievePaymentRemainingAmount,r,none,none,summary,,"Summary is ""Get remaining amount not refunded for a given payment"", a computed read value with no state change."
CarrierBillingCheckOut,carrier-billing.yaml,/payments,POST,createPayment,x,non-idempotent,third-party,description,,"Description states ""Create a new payment for subsequent charging to an end user. Carrier Billing Server will apply the charging according to business configuration"", so each call creates a new payment and reaches the user's bill/balance."
CarrierBillingCheckOut,carrier-billing.yaml,/payments,GET,retrievePayments,r,none,none,description,,"Description says it will ""Retrieve a list of payments and their details based on some filtering criteria"", scoped to the calling client, with no side effects."
CarrierBillingCheckOut,carrier-billing.yaml,/payments/{paymentId},GET,retrievePayment,r,none,none,description,,"Description says it will ""Retrieve payment details for a given payment"", a read-only lookup by paymentId."
CarrierBillingCheckOut,carrier-billing.yaml,/payments/prepare,POST,preparePayment,x,non-idempotent,third-party,description,,"Summary/description say it will ""Prepare (reserve) a payment"" and ""Carrier Billing Server will apply the charging"", creating a new reservation resource each call against the end user's billing account, with a 409 ALREADY_EXISTS possible on a duplicate attempt."
CarrierBillingCheckOut,carrier-billing.yaml,/payments/{paymentId}/validate,POST,validatePayment,x,non-idempotent,none,responses.409,,"The 409 response example states ""Payment already validated"", showing that repeating the same validate call after success does not have the same effect as the first call."
CarrierBillingCheckOut,carrier-billing.yaml,/payments/{paymentId}/confirm,POST,confirmPayment,x,non-idempotent,third-party,description,,"Description says it will ""Confirm a reservation of a given payment"", which per the API's charging model (see createPayment/preparePayment) triggers the actual charge to the end user's carrier bill, and a 409 PaymentConfirmConflict409 exists for repeated confirmation."
CarrierBillingCheckOut,carrier-billing.yaml,/payments/{paymentId}/cancel,POST,cancelPayment,w,idempotent,none,description,,"Description says it will ""Cancel a reservation of a given payment"" before it is charged, which converges the reservation to a cancelled end state and does not move money or reach a third party."
ClickToDial,click-to-dial.yaml,/calls,POST,createCall,x,non-idempotent,third-party,description,,"Description says it ""Creates a new Click to Dial call session between the caller and the callee"", triggering a live network call that rings a device someone else answers, and creates a new call session on every invocation."
ClickToDial,click-to-dial.yaml,/calls/{callId},GET,getCall,r,none,none,description,,"Description says it will ""Retrieve the details and current status of a Click to Dial call session"", a read-only status lookup."
ClickToDial,click-to-dial.yaml,/calls/{callId},DELETE,terminateCall,x,non-idempotent,third-party,description,,"Description says it ""Terminates an active Click to Dial call session"" between caller and callee, ending a live call that the callee is also on."
ClickToDial,click-to-dial.yaml,/calls/{callId}/recording,GET,getRecording,r,none,none,description,,"Description says it will ""Retrieve the recording associated with the given callId"", a read-only fetch of an already-generated recording resource."
ConnectedNetworkType,connected-network-type-subscriptions.yaml,/subscriptions,POST,createConnectedNetworkTypeSubscription,x,non-idempotent,notifies,description,,"Description says it will ""Create a subscription for receiving notifications on changes to the connected network type of a device"", and the callback section confirms the server will POST CloudEvents to the client-provided sink, i.e. a new subscription and notification channel on every call."
ConnectedNetworkType,connected-network-type-subscriptions.yaml,/subscriptions,GET,retrieveConnectedNetworkTypeSubscriptionList,r,none,none,description,,"Description says it will ""Retrieve a list of device connected network type event subscription(s)"", a pure listing operation."
ConnectedNetworkType,connected-network-type-subscriptions.yaml,/subscriptions/{subscriptionId},GET,retrieveConnectedNetworkTypeSubscription,r,none,none,description,,"Description says it will ""retrieve ConnectedNetworkType subscription information for a given subscription ID"", a read-only lookup."
ConnectedNetworkType,connected-network-type-subscriptions.yaml,/subscriptions/{subscriptionId},DELETE,deleteConnectedNetworkTypeSubscription,w,idempotent,none,path,,"This is the standard CAMARA subscription delete operation on /subscriptions/{subscriptionId}: it removes the identified subscription, converging to the same absent-subscription end state on repetition and issuing no further notifications itself."
ConnectedNetworkType,connected-network-type.yaml,/retrieve,POST,getConnectedNetworkType,r,none,none,description,,"Description says it will ""Get the connected network type to which the user device is connected"", a status query returning the current technology (4G, 5G, etc.) with no state change."
ConnectivityInsights,connectivity-insights-subscriptions.yaml,/subscriptions,POST,createSubscription,x,non-idempotent,notifies,summary,,"Summary is ""Create a Connectivity insights subscription for a device"", and the callbacks section defines a notification POST to the client-supplied sink URL, so each call creates a new subscription/notification channel."
ConnectivityInsights,connectivity-insights-subscriptions.yaml,/subscriptions,GET,getSubscriptionList,r,none,none,summary,,"Summary is ""Retrieve a list of apiName event subscription"", a pure listing operation."
ConnectivityInsights,connectivity-insights-subscriptions.yaml,/subscriptions/{subscriptionId},GET,getSubscription,r,none,none,summary,,"Summary is ""Operation to retrieve a subscription based on the provided ID"", a read-only lookup."
ConnectivityInsights,connectivity-insights-subscriptions.yaml,/subscriptions/{subscriptionId},DELETE,deleteSubscription,w,idempotent,none,summary,,"Summary is ""Operation to delete a subscription""; deleting the same subscription id again converges to the same absent-subscription state."
ConnectivityInsights,connectivity-insights.yaml,/check-network-quality,POST,checkNetworkQuality,r,none,none,summary,,"Summary is ""Check the network quality"", a computed read of network conditions for the identified device/session with no created or modified resource."
ConsentInfo,consent-info.yaml,/retrieve,POST,retrieveStatus,r,none,none,description,,"Description says it will ""Create a request to retrieve the validity status of the API Consumer data processing for a given User, scope(s) and Purpose"", i.e. despite the verb ""create"" in the summary it only reads and returns existing consent status, optionally with a one-off captureUrl, not a subscription."
ConsentManagement,consent-management.yaml,/consents,POST,createConsent,x,non-idempotent,none,description,,"Description says the API Provider ""will set the creation date of the User Consent to the current date and time when the createConsent operation is invoked"", and the response returns a new consentId, so each successful call creates another Consent resource."
ConsentManagement,consent-management.yaml,/consents/{consentId},PATCH,updateConsent,w,idempotent,none,description,,"Description says it allows the consumer ""to update the status of an existing Consent"" identified by consentId, setting consentStatus to GRANTED or DENIED, a set operation on an existing resource."
ConsentManagement,consent-management.yaml,/consents/retrieve-info,POST,retrieveConsentInfo,r,none,none,description,,"Description says it allows the consumer ""to retrieve information about the Consent(s) for a given User, scope(s) and Purpose"", a read-only lookup returning an array (possibly empty) with no resource created."
CustomerInsights,customer-insights.yaml,/scoring/retrieve,POST,retrieveScoring,r,none,none,summary,,"Summary is ""Retrieves Scoring information"" for the identified subject (Gauge Metric or Veritas Index), a computed read with no state change."
DedicatedNetworks,dedicated-network-accesses.yaml,/accesses,GET,listAccesses,r,none,none,description,,"listAccesses only returns ""a paged list of accesses to dedicated networks... (can be empty)"" with no request body, a pure read."
DedicatedNetworks,dedicated-network-accesses.yaml,/accesses,POST,createAccess,x,non-idempotent,third-party,info.description,,"createAccess grants devices permission to use the dedicated network's reserved connectivity resources and returns a new accessId each call, per ""the API returns an accessId... which remains unchanged during its lifetime""."
DedicatedNetworks,dedicated-network-accesses.yaml,/accesses/{accessId},GET,readAccess,r,none,none,description,,"readAccess simply returns ""Access information"" for a given accessId with no state change."
DedicatedNetworks,dedicated-network-accesses.yaml,/accesses/{accessId},DELETE,deleteAccess,x,idempotent,third-party,info.description,,"Per ""Deletion of the access can be interpreted as removal of the permission for all the devices included in the access to access the network,"" deleting revokes live network connectivity granted to those devices."
DedicatedNetworks,dedicated-network-accesses.yaml,/accesses/{accessId}/devices,GET,listDevices,r,none,none,description,,"listDevices reads ""a paged list of devices with information included in the access"" without altering any state."
DedicatedNetworks,dedicated-network-accesses.yaml,/accesses/{accessId}/devices/add,POST,addDevicesToAccess,x,non-idempotent,third-party,info.description,,"Per ""additional devices can be added,"" each device begins in REQUESTED state and the provider then grants or denies actual network access, a live network action on real devices."
DedicatedNetworks,dedicated-network-accesses.yaml,/accesses/{accessId}/devices/remove,POST,removeDevicesFromAccess,x,idempotent,third-party,info.description,,"Per ""devices can be removed from it,"" the API returns confirmation that removal is ""interpreted as removal of the permission,"" revoking those devices' live access to the dedicated network."
DedicatedNetworks,dedicated-network-areas.yaml,/retrieve-service-areas,POST,retrieveNetworkServiceAreas,r,none,none,description,,"retrieveNetworkServiceAreas is a POST search whose body is only filter criteria (location, area, name, profile) and whose response is a list of matching service areas, no resource created."
DedicatedNetworks,dedicated-network-areas.yaml,/areas/{areaId},GET,readNetworkServiceArea,r,none,none,description,,"readNetworkServiceArea ""read[s] detailed information about a specific network service area,"" a pure lookup."
DedicatedNetworks,dedicated-network-profiles.yaml,/profiles,GET,readNetworkProfiles,r,none,none,description,,"readNetworkProfiles ""read[s] all available network profiles, optionally filtered by name,"" with no side effects."
DedicatedNetworks,dedicated-network-profiles.yaml,/profiles/{profileId},GET,readNetworkProfile,r,none,none,description,,"readNetworkProfile ""read[s] detailed information about a specific network profile,"" a pure lookup."
DedicatedNetworks,dedicated-network.yaml,/networks,GET,listNetworks,r,none,none,description,,"listNetworks returns ""a paged list of all available dedicated networks, optionally filtered by name,"" a pure read."
DedicatedNetworks,dedicated-network.yaml,/networks,POST,createNetwork,x,non-idempotent,notifies,info.description,,"createNetwork reserves connectivity resources and returns a new networkId each call, since ""the API returns a networkId... which remains unchanged during its lifetime,"" and the created network can later be activated for device use."
DedicatedNetworks,dedicated-network.yaml,/networks/{networkId},GET,readNetwork,r,none,none,description,,"readNetwork ""read[s] the current status and configuration of a specific dedicated network,"" a pure lookup."
DedicatedNetworks,dedicated-network.yaml,/networks/{networkId},DELETE,deleteNetwork,x,idempotent,third-party,info.description,,"Per ""Deletion of a network can be interpreted as a cancellation of the resource reservation,"" and since an ACTIVATED network is one ""devices with access can use,"" deleting it terminates connectivity devices may currently be using."
DeviceAuthenticity,device-authenticity.yaml,/check-status,POST,checkImeiStatus,r,none,none,requestBody.schema/RequestBody,,"checkImeiStatus takes only an imei value and returns register/operational status information, i.e. ""verify if an IMEI is present in allowed, prohibited, or tracked lists,"" with no resource created."
DeviceDataVolume,device-data-volume-subscriptions.yaml,/subscriptions,POST,createDeviceDataVolumeSubscription,x,non-idempotent,notifies,info.description,,"Creating a device data volume subscription registers a new webhook subscription for threshold events, matching ""API consumers can receive notifications regarding data volume usage thresholds"" via a newly created subscription id."
DeviceDataVolume,device-data-volume-subscriptions.yaml,/subscriptions,GET,retrieveDeviceDataVolumeSubscriptionList,r,none,none,description,,"This operation retrieves ""a list of data volume usage event subscription(s)"" without modifying anything."
DeviceDataVolume,device-data-volume-subscriptions.yaml,/subscriptions/{subscriptionId},GET,retrieveDeviceDataVolumeSubscription,r,none,none,description,,"This operation retrieves ""a specific subscription by ID,"" a pure lookup."
DeviceDataVolume,device-data-volume-subscriptions.yaml,/subscriptions/{subscriptionId},DELETE,deleteDeviceDataVolumeSubscription,w,idempotent,none,description,,"Per ""deletes a specific data volume usage subscription... Once deleted, no more notifications will be sent,"" deleting only stops the consumer's own future notifications, an idempotent state removal with no effect on any other party."
DeviceDataVolume,device-data-volume.yaml,/retrieve,POST,retrieveDataVolume,r,none,none,description,,"retrieveDataVolume ""retrieve[s] the estimated remaining data volume for a device,"" a query returning a value with no resource created."
DeviceDataVolume,device-data-volume.yaml,/check,POST,checkDataVolume,r,none,none,description,,"checkDataVolume checks ""if the remaining data allowance... is above a specified threshold"" and returns a boolean-style result with no state change."
DeviceIdentifier,device-identifier.yaml,/retrieve-identifier,POST,retrieveIdentifier,r,none,none,info.description,,"retrieveIdentifier returns device identifier data (""the response will always contain imei"") for a supplied subscription identifier, a pure query."
DeviceIdentifier,device-identifier.yaml,/retrieve-type,POST,retrieveType,r,none,none,info.description,,"retrieveType returns only device type info (""the response will always contain tac"") for a supplied subscriber identifier, a pure query."
DeviceIdentifier,device-identifier.yaml,/retrieve-ppid,POST,retrievePpid,r,none,none,info.description,,"retrievePpid returns a pseudonymised device identifier (""the response will always contain ppid"") for a supplied subscriber identifier, a pure query."
DeviceIdentifier,device-identifier.yaml,/match-identifier,POST,matchIdentifier,r,none,none,info.description,,"matchIdentifier ""check[s] whether a device identifier provided by the API consumer matches the one the network currently associates with a given mobile subscription"" and returns only a match boolean, no state change."
DeviceLocation,geofencing-subscriptions.yaml,/subscriptions,POST,createGeofencingSubscription,x,non-idempotent,notifies,info.description,,"Creating a geofencing subscription registers device enter/exit monitoring and returns ""an Event Subscription ID,"" a newly created notification resource each call."
DeviceLocation,geofencing-subscriptions.yaml,/subscriptions,GET,retrieveGeofencingSubscriptionList,r,none,none,description,,"This operation retrieves ""a list of geofencing event subscription(s)"" without any state change."
DeviceLocation,geofencing-subscriptions.yaml,/subscriptions/{subscriptionId},GET,retrieveGeofencingSubscription,r,none,none,description,,"This operation retrieves ""Geofencing subscription information for a given subscription ID,"" a pure lookup."
DeviceLocation,geofencing-subscriptions.yaml,/subscriptions/{subscriptionId},DELETE,deleteGeofencingSubscription,w,idempotent,none,summary,,"deleteGeofencingSubscription simply deletes ""a given Geofencing subscription,"" ending only the consumer's own future notifications with no effect on any other party."
DeviceLocation,location-retrieval.yaml,/retrieve,POST,retrieveLocation,r,none,none,description,,"retrieveLocation ""retrieve[s] the area where a certain user device is localized,"" a query returning a location value with nothing created."
DeviceLocation,location-verification.yaml,/verify,POST,verifyLocation,r,none,none,description,,"verifyLocation ""verif[ies] whether the location of a device is within a requested area"" and returns a verification result, a pure check."
DeviceMediaStreamingRate,media-streaming-rate.yaml,/retrieve-maximum-downstream-media-rate,POST,retrieveMaximumDownstreamMediaRate,r,none,none,description,,"This operation ""retrieve[s] the maximum downstream media streaming rate for a device,"" a query with no resource created."
DeviceReachabilityStatus,device-reachability-status-subscriptions.yaml,/subscriptions,POST,createDeviceReachabilityStatusSubscription,x,non-idempotent,notifies,info.description,,"Creating this subscription registers a new event subscription so the ""API consumer is able to be notified whether the reachability status... has changed,"" a newly created notification resource each call."
DeviceReachabilityStatus,device-reachability-status-subscriptions.yaml,/subscriptions,GET,retrieveDeviceReachabilityStatusSubscriptionList,r,none,none,description,,"This operation retrieves ""a list of device reachability status event subscription(s)"" without altering state."
DeviceReachabilityStatus,device-reachability-status-subscriptions.yaml,/subscriptions/{subscriptionId},GET,retrieveDeviceReachabilityStatusSubscription,r,none,none,description,,"This operation retrieves ""a given subscription by ID,"" a pure lookup."
DeviceReachabilityStatus,device-reachability-status-subscriptions.yaml,/subscriptions/{subscriptionId},DELETE,deleteDeviceReachabilityStatusSubscription,w,idempotent,none,description,,"deleteDeviceReachabilityStatusSubscription simply deletes ""a given subscription by ID,"" stopping only the consumer's own future notifications with no third-party effect."
DeviceReachabilityStatus,device-reachability-status.yaml,/retrieve,POST,getReachabilityStatus,r,none,none,description,,"getReachabilityStatus ""get[s] current connectivity status information synchronously,"" a pure query returning reachability data."
DeviceRoamingStatus,device-roaming-status-subscriptions.yaml,/subscriptions,POST,createDeviceRoamingStatusSubscription,x,non-idempotent,notifies,info.description,,"Creating this subscription lets the ""API consumer... be notified whether the roaming status of a certain user device has changed,"" registering a new notification resource each call."
DeviceRoamingStatus,device-roaming-status-subscriptions.yaml,/subscriptions,GET,retrieveDeviceRoamingStatusSubscriptionList,r,none,none,description,,"This operation retrieves ""a list of device roaming status event subscription(s)"" without altering state."
DeviceRoamingStatus,device-roaming-status-subscriptions.yaml,/subscriptions/{subscriptionId},GET,retrieveDeviceRoamingStatusSubscription,r,none,none,description,,"This operation retrieves device roaming status subscription information for a given subscription, a pure lookup."
DeviceRoamingStatus,device-roaming-status-subscriptions.yaml,/subscriptions/{subscriptionId},DELETE,deleteDeviceRoamingStatusSubscription,w,idempotent,none,description,,"deleteDeviceRoamingStatusSubscription deletes ""a given device-roaming-status subscription by ID,"" stopping only the consumer's own future notifications with no third-party effect."
DeviceRoamingStatus,device-roaming-status.yaml,/retrieve,POST,getRoamingStatus,r,none,none,description,,"getRoamingStatus ""get[s] the current roaming status and the country information"" synchronously, a pure query."
DeviceStatus,connected-network-type-subscriptions.yaml,/subscriptions,POST,createConnectedNetworkTypeSubscription,x,non-idempotent,notifies,responses.201,,"Creates a new Subscription resource (id assigned, 201 Created) that triggers ongoing notification delivery to the consumer's sink whenever the connected network type changes."
DeviceStatus,connected-network-type-subscriptions.yaml,/subscriptions,GET,retrieveConnectedNetworkTypeSubscriptionList,r,none,none,responses.200,,"Returns the list of existing subscriptions with no request body and no state change, per the 200 array-of-Subscription response."
DeviceStatus,connected-network-type-subscriptions.yaml,/subscriptions/{subscriptionId},GET,retrieveConnectedNetworkTypeSubscription,r,none,none,description,,description says it will 'retrieve ConnectedNetworkType subscription information for a given subscription ID' with no side effect.
DeviceStatus,connected-network-type-subscriptions.yaml,/subscriptions/{subscriptionId},DELETE,deleteConnectedNetworkTypeSubscription,w,idempotent,none,description,,"Deletes the caller's own subscription (204/202 async), a delete-resource operation whose repetition converges to the same deleted state."
DeviceStatus,connected-network-type.yaml,/retrieve,POST,getConnectedNetworkType,r,none,none,description,,description 'Get the connected network type to which the user device is connected' is a query with no requestBody-driven state change and a value-only 200 response.
DeviceStatus,device-reachability-status-subscriptions.yaml,/subscriptions,POST,createDeviceReachabilityStatusSubscription,x,non-idempotent,notifies,responses.201,,"Creating this subscription (201, with a notifications callback) initiates ongoing reachability-change event delivery to the consumer's sink."
DeviceStatus,device-reachability-status-subscriptions.yaml,/subscriptions,GET,retrieveDeviceReachabilityStatusSubscriptionList,r,none,none,responses.200,,Lists existing reachability-status subscriptions via a 200 array response with no state mutation.
DeviceStatus,device-reachability-status-subscriptions.yaml,/subscriptions/{subscriptionId},GET,retrieveDeviceReachabilityStatusSubscription,r,none,none,description,,description 'Retrieve a given subscription by ID' performs only a lookup.
DeviceStatus,device-reachability-status-subscriptions.yaml,/subscriptions/{subscriptionId},DELETE,deleteDeviceReachabilityStatusSubscription,w,idempotent,none,description,,"description 'Delete a given subscription by ID' removes the caller's own subscription, an idempotent delete."
DeviceStatus,device-reachability-status.yaml,/retrieve,POST,getReachabilityStatus,r,none,none,description,,description 'Get the current reachability status information' synchronously returns a value with no state change.
DeviceStatus,device-roaming-status-subscriptions.yaml,/subscriptions,POST,createDeviceRoamingStatusSubscription,x,non-idempotent,notifies,responses.201,,"Creating a roaming-status subscription (201, with roaming-on/off/country-change events) starts a stream of notifications to the consumer's sink."
DeviceStatus,device-roaming-status-subscriptions.yaml,/subscriptions,GET,retrieveDeviceRoamingStatusSubscriptionList,r,none,none,responses.200,,"Returns the array of roaming-status subscriptions with no side effect, per the 200 schema."
DeviceStatus,device-roaming-status-subscriptions.yaml,/subscriptions/{subscriptionId},GET,retrieveDeviceRoamingStatusSubscription,r,none,none,description,,description 'retrieve device roaming status subscription information for a given subscription' is a pure lookup.
DeviceStatus,device-roaming-status-subscriptions.yaml,/subscriptions/{subscriptionId},DELETE,deleteDeviceRoamingStatusSubscription,w,idempotent,none,description,,description 'Delete a given device-roaming-status subscription by ID' idempotently removes the caller's own subscription.
DeviceStatus,device-roaming-status.yaml,/retrieve,POST,getRoamingStatus,r,none,none,description,,description 'Get the current roaming status and the country information' synchronously returns data without altering state.
DeviceSwap,device-swap.yaml,/retrieve-date,POST,retrieveDeviceSwapDate,r,none,none,description,,description 'Get timestamp of last device swap for a mobile user account provided with phone number' is a read-only query returning DeviceSwapInfo.
DeviceSwap,device-swap.yaml,/check,POST,checkDeviceSwap,r,none,none,description,,description 'Check if device swap has been performed during a past period' returns a boolean 'swapped' with no state effect.
DeviceVisitLocation,device-visit-location.yaml,/retrieve,POST,retrieveDeviceVisitLocation,r,none,none,description,,description 'Retrieves the latest visit locations of a device within a given time window' is a pure query returning a geoCodeList.
EdgeApplicationManagement,edge-application-management.yaml,/apps,POST,submitApp,x,non-idempotent,none,info.description,,"info.description states the Edge Cloud Platform 'generates an appId for that metadata' on each submission, so a new Application resource is created every call."
EdgeApplicationManagement,edge-application-management.yaml,/apps,GET,getApps,r,none,none,description,,description 'Get the list of all existing Application definitions from the Edge Cloud Provider that the user has permission to view' is read-only.
EdgeApplicationManagement,edge-application-management.yaml,/apps/{appId},GET,getApp,r,none,none,description,,description 'Ask the Edge Cloud Provider the information for a given application' performs a lookup only.
EdgeApplicationManagement,edge-application-management.yaml,/apps/{appId},DELETE,deleteApp,w,idempotent,none,description,,description 'Delete all the information and content related to an Application' idempotently removes the caller's own application record.
EdgeApplicationManagement,edge-application-management.yaml,/app-instances,POST,createAppInstance,x,non-idempotent,none,description,,description 'Ask the Edge Cloud Platform to instantiate an application to an Edge Cloud Zone' creates a new running instance with a fresh appInstanceId on each accepted call.
EdgeApplicationManagement,edge-application-management.yaml,/app-instances,GET,getAppInstances,r,none,none,description,,description 'Ask the Edge Cloud Provider the information of the instances for a given application' is a read-only list query.
EdgeApplicationManagement,edge-application-management.yaml,/app-instances/{appInstanceId},GET,getAppInstance,r,none,none,description,,description 'Ask the Edge Cloud Provider the information for a given application instance' is a lookup with no side effect.
EdgeApplicationManagement,edge-application-management.yaml,/app-instances/{appInstanceId},DELETE,deleteAppInstance,w,idempotent,none,description,,description 'Terminate a running instance of an application within an Edge Cloud Zone' is an idempotent removal of the caller's own instance.
EdgeApplicationManagement,edge-application-management.yaml,/deployments,POST,createAppDeployment,x,non-idempotent,none,description,,description 'Ask the Edge Cloud Platform to instantiate an application to several Edge Cloud Zones' creates a new appDeploymentId resource on each accepted call.
EdgeApplicationManagement,edge-application-management.yaml,/deployments,GET,getAppDeployments,r,none,none,description,,description 'Ask the Edge Cloud Provider the information of the Deployments for a given application' is a read-only list.
EdgeApplicationManagement,edge-application-management.yaml,/deployments/{appDeploymentId},GET,getAppDeployment,r,none,none,description,,description 'Ask the Edge Cloud Provider the information of a given application deployment' performs only a lookup.
EdgeApplicationManagement,edge-application-management.yaml,/deployments/{appDeploymentId},DELETE,deleteAppDeployment,w,idempotent,none,description,,description 'Delete a deployment terminating all related instances of an application' idempotently tears down the caller's own deployment.
EdgeApplicationManagement,edge-application-management.yaml,/deployments/{appDeploymentId},PATCH,updateAppDeployment,w,idempotent,none,description,,"description specifies JSON Merge Patch semantics where 'Only the fields provided in the request body will be updated,' a repeatable set-style update."
EdgeApplicationManagement,edge-application-management.yaml,/edge-cloud-zones,GET,getEdgeCloudZones,r,none,none,description,,description 'List of the provider's Edge Cloud Zones ... returned as a paginated collection' is a filtered read query.
EnergyFootprintNotification,energy-footprint-notification.yaml,/calculate-energy-consumption,POST,calculateEnergyConsumption,x,non-idempotent,notifies,responses.201,,"response 201 acquires a new analysis request (a fresh requestId) and the result is delivered later via the onEnergyConsumption callback, per description 'provides back the energy consumption with a callback.'"
EnergyFootprintNotification,energy-footprint-notification.yaml,/calculate-carbon-footprint,POST,calculateCarbonFootprint,x,non-idempotent,notifies,responses.201,,"response 201 acquires a new analysis request and results are delivered via the onCarbonFootprintCalculation callback, per description 'provides back the carbon footprint with a callback.'"
HighThroughputElasticNetworks,high_throughput_elastic_networks.yaml,/high-throughput-elastic-network/transmission/schedule,POST,scheduleTransmission,x,non-idempotent,third-party,description,,"description 'Schedules network resources based on bandwidth, latency, file size and guarantee requirements' books finite live network capacity, a reservation-like action each call."
InHomeDeviceManagement,InHomeDeviceManagement.yaml,/v1/devices,GET,listDevices,r,none,none,description,,description 'Returns all devices currently connected to the specified household fixed-line network' is a read-only listing.
InHomeDeviceManagement,InHomeDeviceManagement.yaml,/v1/devices/{deviceId},GET,getDevice,r,none,none,description,,description 'Returns full details of a specific device connected to the household network' is a lookup only.
InHomeDeviceManagement,InHomeDeviceManagement.yaml,/v1/devices/{deviceId},PATCH,updateDevice,x,idempotent,third-party,description,,"description states this operation is used to 'Block or unblock network access' and 'Pause or unpause internet access,' a live network action reaching the device."
InHomeDeviceManagement,InHomeDeviceManagement.yaml,/v1/devices/{deviceId},DELETE,deleteDevice,x,idempotent,third-party,description,,"description notes deletion also removes 'Any active access control rules for this device,' restoring the device's live network access, the same class of device-reaching action as updateDevice's block/unblock."
InHomeDeviceManagement,InHomeDeviceManagement.yaml,/v1/devices/{deviceId}/actions/{actionId},POST,performDeviceAction,x,non-idempotent,third-party,responses.409,,description 'Schedule internet access windows for a device (e.g. parental controls)' plus the 409 example 'a schedule-access rule already exists for this device' show a non-repeatable live access-control action on the device.
InHomeDeviceManagement,InHomeDeviceManagement.yaml,/v1/devices/{deviceId}/network-health,GET,getDeviceNetworkHealth,r,none,none,description,,description 'Provides real-time network health attributes of a specific device' is read-only telemetry retrieval.
IoTDeviceManagement,esim-profile-management.yaml,/download,POST,downloadEsimProfile,x,non-idempotent,third-party,info.description,,"info.description states 'All operations act on the device over-the-air (download, enable, disable, delete, set-fallback)' and download assigns a new ICCID on each call, installing to the physical eUICC."
IoTDeviceManagement,esim-profile-management.yaml,/enable,POST,enableEsimProfile,x,idempotent,third-party,description,,description 'enabling automatically disables the currently active eSIM Profile' is an over-the-air action that changes the device's live cellular connectivity.
IoTDeviceManagement,esim-profile-management.yaml,/disable,POST,disableEsimProfile,x,idempotent,third-party,description,,description 'Device will lose cellular connectivity until another eSIM Profile is enabled' shows this over-the-air call directly changes the device's live connectivity.
IoTDeviceManagement,esim-profile-management.yaml,/delete,POST,deleteEsimProfile,x,idempotent,third-party,description,,description 'Permanently removes an eSIM Profile from the device. This operation is irreversible' is an over-the-air action executed on the physical eUICC.
IoTDeviceManagement,esim-profile-management.yaml,/set-fallback,POST,setFallbackEsimProfile,x,idempotent,third-party,info.description,,"though the operation 'sets attribute only' with 'No state change,' the info.description's over-the-air note lists set-fallback among the operations delivered directly to the device."
IoTDeviceManagement,esim-profile-management.yaml,/retrieve-status,POST,getEsimProfileStatus,r,none,none,description,,description explicitly notes 'This operation uses POST despite being a read operation' and only retrieves status information.
IoTDeviceManagement,esim-profile-management.yaml,/operations/{operationId},GET,retrieveOperation,r,none,none,description,,description 'Retrieves detailed information about an eSIM Profile operation including its status' is a poll-only read.
IoTNetworkOptimization,iot-network-optimization.yaml,/features/power-saving,POST,activatePowerSaving,x,non-idempotent,third-party,responses.409,,"summary 'Activate or de-activate power-saving features for IoT devices' adjusts live device network parameters, and the 409 example 'Device already in the requested power-saving state or a conflicting operation is in progress' shows repeating the call does not have the same effect."
IoTNetworkOptimization,iot-network-optimization.yaml,/features/power-saving/transactions/{transactionId},GET,getPowerSaving,r,none,none,description,,summary 'Get status of a transaction for power-saving features' is a read-only status check.
IoTSIMFraudPrevention,iot-sim-fraud-prevention-subscriptions.yaml,/subscriptions,POST,subscribeFraudPrevention,x,non-idempotent,notifies,responses.201,,"Each call to POST /subscriptions creates a new Subscription resource with a generated id and registers a sink that receives future notifications, so repeating it is not equivalent to doing it once."
IoTSIMFraudPrevention,iot-sim-fraud-prevention-subscriptions.yaml,/subscriptions,GET,listSubscriptions,r,none,none,description,,"The description says it retrieves a list of existing subscriptions with no request body, a pure read."
IoTSIMFraudPrevention,iot-sim-fraud-prevention-subscriptions.yaml,/subscriptions/{subscriptionId},GET,getSubscription,r,none,none,description,,"""Retrieve the details of an existing subscription"" performs no state change."
IoTSIMFraudPrevention,iot-sim-fraud-prevention-subscriptions.yaml,/subscriptions/{subscriptionId},DELETE,deleteSubscription,w,idempotent,none,description,,"""Delete an existing subscription. After deletion, no further notifications will be sent"" is a delete whose repetition leaves the subscription gone either way."
IoTSIMFraudPrevention,iot-sim-fraud-prevention.yaml,/bind,POST,bindDeviceImei,w,idempotent,none,responses.200,,Binding sets the IMEI or area restriction on the SIM card (an idempotent set-or-replace) and returns only a boolean bound result rather than creating a new resource.
IoTSIMFraudPrevention,iot-sim-fraud-prevention.yaml,/unbind,POST,unBindDeviceImei,w,idempotent,none,responses.200,,"Unbind removes an existing IMEI or area restriction and returns only a boolean unbound flag, an idempotent state removal."
IoTSIMFraudPrevention,iot-sim-fraud-prevention.yaml,/query,POST,query,r,none,none,responses.200,,"The request body only carries a device identifier and queryType, and the response only reports current bind or area-limit status with no resource created or modified."
KnowYourCustomer,kyc-age-verification.yaml,/verify,POST,verifyAge,r,none,none,description,,"""Verify that the age of the subscriber ... is equal to or greater than the specified age threshold"" only returns a computed ageCheck value, changing nothing."
KnowYourCustomer,kyc-fill-in.yaml,/fill-in,POST,KYC_Fill-in,r,none,none,summary,,"The summary describes 'Providing information related to a customer identity stored the account data bound to the customer's phone number', a read of Operator-held data with no write."
KnowYourCustomer,kyc-match.yaml,/match,POST,KYC_Match,r,none,none,description,,The operation 'verif[ies] matching of a number of attributes' against stored data and returns true/false/not_available per attribute without altering any record.
KnowYourCustomerAgeVerification,kyc-age-verification.yaml,/verify,POST,verifyAge,r,none,none,description,,"As the standalone KnowYourCustomerAgeVerification repo's copy of /verify, it 'checks if the age of the subscriber is older than the age threshold' and returns ageCheck, a pure lookup with no side effects."
KnowYourCustomerFill-in,kyc-fill-in.yaml,/fill-in,POST,kycFillin,r,none,none,description,,"As the standalone Fill-in repo's endpoint, it lets a client 'request and receive the information for a particular user ... on file' with the Operator, purely retrieving stored attributes."
KnowYourCustomerMatch,kyc-match.yaml,/match,POST,kycMatch,r,none,none,description,,"As the standalone Match repo's endpoint, it compares SP-held attributes against the Operator's verified KYC records and returns per-attribute match results, never writing data."
ModelAsAService,knowledge-base.yaml,/knowledge-bases,POST,createKnowledgeBase,x,non-idempotent,none,responses.201,,"createKnowledgeBase generates a new unique knowledgeBaseId on every successful call ('Returns full KnowledgeBase object with generated ID'), so calling it twice produces two knowledge bases rather than one."
ModelAsAService,knowledge-base.yaml,/knowledge-bases,GET,listKnowledgeBases,r,none,none,description,,"""Retrieves all knowledge bases accessible to the authenticated user"" is a pure read returning a collection."
ModelAsAService,knowledge-base.yaml,/knowledge-bases/{knowledgeBaseId},GET,getKnowledgeBase,r,none,none,description,,"""Retrieves metadata and document list for a specific knowledge base"" performs no write."
ModelAsAService,knowledge-base.yaml,/knowledge-bases/{knowledgeBaseId},PUT,updateKnowledgeBase,w,idempotent,none,description,,"Despite the PUT verb, the description states this 'is a partial update (not a full replacement)' that replaces the stored name/description fields, an idempotent set operation."
ModelAsAService,knowledge-base.yaml,/knowledge-bases/{knowledgeBaseId},DELETE,deleteKnowledgeBase,w,idempotent,none,description,,"""Permanently deletes a knowledge base and its documents"" with 204 No Content is an idempotent removal, since a repeat call finds it already gone."
ModelAsAService,knowledge-base.yaml,/knowledge-bases/{knowledgeBaseId}/documents,POST,uploadDocument,x,non-idempotent,none,description,,"Each upload 'gets its own documentId' and returns 201 with a Location header pointing at a newly created document, so repeating the same upload creates additional distinct documents."
ModelAsAService,knowledge-base.yaml,/knowledge-bases/{knowledgeBaseId}/documents/{documentId},GET,getDocument,r,none,none,description,,"""Retrieves metadata of a specific document uploaded to a knowledge base, including its indexing status"" is read-only, intended for polling."
ModelAsAService,knowledge-base.yaml,/knowledge-bases/{knowledgeBaseId}/documents/{documentId},DELETE,deleteDocument,w,idempotent,none,description,,"""Permanently removes a document from a knowledge base"" returning 204 is an idempotent deletion of the identified sub-resource."
ModelAsAService,knowledge-base.yaml,/knowledge-bases/{knowledgeBaseId}/tools,POST,createTool,x,non-idempotent,none,description,,"createTool 'Returns full Tool object with generated toolId' on 201, so each call mints a new tool resource rather than converging on one state."
ModelAsAService,knowledge-base.yaml,/knowledge-bases/{knowledgeBaseId}/tools,GET,listTools,r,none,none,description,,"""Retrieves all registered tools in the specified knowledge base"" is a read returning a paginated array."
ModelAsAService,knowledge-base.yaml,/knowledge-bases/{knowledgeBaseId}/tools/{toolId},GET,getTool,r,none,none,description,,"""Retrieves details of a specific tool registered in the knowledge base"" changes nothing."
ModelAsAService,knowledge-base.yaml,/knowledge-bases/{knowledgeBaseId}/tools/{toolId},PUT,updateTool,w,idempotent,none,description,,"The operation is explicitly 'a partial update (not a full replacement)' of the tool definition, with headers replaced-as-a-whole or preserved, an idempotent set."
ModelAsAService,knowledge-base.yaml,/knowledge-bases/{knowledgeBaseId}/tools/{toolId},DELETE,deleteTool,w,idempotent,none,description,,"""Permanently removes a tool definition"" (204) is an idempotent deletion, and the cross-API pruning of assistant toolIds it triggers is itself idempotent."
ModelAsAService,knowledge-base.yaml,/knowledge-bases/{knowledgeBaseId}/tools/{toolId}/call,POST,callTool,x,non-idempotent,third-party,description,,"callTool 'causes the API provider's server to send an outbound HTTP request' to a consumer-registered third-party url using the tool's configured method, explicitly flagged as an SSRF-relevant external call."
ModelAsAService,qa-assistant-manage.yaml,/assistants,POST,createAssistant,x,non-idempotent,none,responses.201,,"createAssistant returns 201 with 'the created Assistant resource (with generated assistantId)', so each call produces a new distinct assistant."
ModelAsAService,qa-assistant-manage.yaml,/assistants,GET,listAssistants,r,none,none,description,,"""Retrieves all configured QA assistants"" is a pure read of existing configurations."
ModelAsAService,qa-assistant-manage.yaml,/assistants/{assistantId},GET,getAssistant,r,none,none,description,,"""Retrieves detailed configuration for a specific assistant"" performs no mutation."
ModelAsAService,qa-assistant-manage.yaml,/assistants/{assistantId},PUT,updateAssistant,w,idempotent,none,description,,"updateAssistant 'is a partial update (not a full replacement)' where largeModelParameters and toolIds are each 'replaced as a whole' when supplied, an idempotent set operation."
ModelAsAService,qa-assistant-manage.yaml,/assistants/{assistantId},DELETE,deleteAssistant,w,idempotent,none,description,,"""Permanently removes a QA assistant configuration"" (204) is an idempotent deletion that cannot be undone but converges to the same deleted state on repeat."
ModelAsAService,qa-assistant-service.yaml,/answer,POST,queryAssistant,x,non-idempotent,third-party,description,unclear: spec does not say whether a given query actually triggers a tool call or whether an invoked tool has any external effect versus being a pure lookup - this is LLM-decided at query time and depends on the assistant's toolIds configuration,"queryAssistant's LLM 'MAY invoke [associated] tools automatically while generating the answer ... turning the assistant into an agent that can take actions', and those tool invocations reach consumer-registered third-party urls, so the read-shaped query can carry third-party side effects the response never surfaces."
MostFrequentLocation,most-frequent-location.yaml,/verify,POST,verifyFrequentLocation,r,none,none,description,,"The operation 'returns a score representing how frequently the device was connected to antennas' whose coverage matches the requested area, a computed read with no state change."
MultiPointVPN,multi-point-vpn.yaml,/networks,POST,createNetwork,x,non-idempotent,none,responses.201,,"createNetwork returns 201 with a Location header for 'the newly created network resource', and info.description notes the physical CE-to-cloud-PE link 'is default deployed for one click calling', so each call provisions a new distinct VPN network."
MultiPointVPN,multi-point-vpn.yaml,/networks/{serviceId},PATCH,updateNetwork,w,idempotent,none,requestBody.content,,"updateNetwork uses application/merge-patch+json against NetworkUpdate, a JSON-merge-patch set of guaranteeBandwidth/sla fields that is idempotent by construction."
MultiPointVPN,multi-point-vpn.yaml,/networks/{serviceId},GET,getNetwork,r,none,none,summary,,"""retrieve multipoint virtual private network details"" is a read-only lookup of an existing network."
MultiPointVPN,multi-point-vpn.yaml,/networks/{serviceId},DELETE,deleteNetwork,w,idempotent,none,responses.202,,"""Network deletion request accepted. The deletion is processed asynchronously; the resource will be removed once complete"" describes an idempotent removal despite the async 202."
MultiPointVPN,multi-point-vpn.yaml,/assessment,POST,assessConnectionFeasibility,r,none,none,description,,"The request body only carries hypothetical connection parameters and the response returns waitDays/sla/rent estimates with no network or resource created, matching the query-only-POST rule for r."
NetworkAccessManagement,network-access-devices.yaml,/network-access-devices,GET,getNetworkAccessDevices,r,none,none,description,,"Description says the operation ""Retrieves all Network Access Devices associated with the subscriber"" with no mutating side effect."
NetworkAccessManagement,network-access-devices.yaml,/network-access-devices/{networkAccessDeviceId},GET,getNetworkAccessDevice,r,none,none,description,,"Description says it ""Retrieves the Network Access Device that matches the given ID"", a plain lookup."
NetworkAccessManagement,network-access-devices.yaml,/reboot-requests,POST,createRebootRequest,x,non-idempotent,third-party,requestBody.description,,"Each call creates a new Reboot Request resource that triggers an immediate or scheduled physical reboot of operator equipment, a live device action on hardware the caller does not directly control."
NetworkAccessManagement,network-access-devices.yaml,/reboot-requests,GET,getRebootRequests,r,none,none,description,,"Returns ""a list of Reboot Requests associated with the service owner created by the calling API client"" with no state change."
NetworkAccessManagement,network-access-devices.yaml,/reboot-requests/{rebootRequestId},GET,getRebootRequest,r,none,none,description,,"Description says it ""Retrieves the Reboot Request that matches the given ID"", a read of an existing resource."
NetworkAccessManagement,network-access-devices.yaml,/reboot-requests/{rebootRequestId},PATCH,updateRebootRequest,w,idempotent,none,description,,"Updates the existing Reboot Request record to ""modify its scheduled time or cancel it""; this is a set-style change to a resource's fields, not itself a device action, and a 409 INCOMPATIBLE_STATE guards re-application."
NetworkAccessManagement,network-access-devices.yaml,/reboot-requests/{rebootRequestId},DELETE,deleteRebootRequest,w,idempotent,none,description,,"Deletes the Reboot Request, ""cancelling the scheduled reboot if it has not yet occurred"", a standard idempotent delete of a resource."
NetworkAccessManagement,network-access-domains.yaml,/services,GET,getServices,r,none,none,description,,"Returns all services accessible to the calling identity, a pure enumeration with no side effect."
NetworkAccessManagement,network-access-domains.yaml,/services/{serviceId},GET,getService,r,none,none,description,,"Returns a specific service by serviceId for inspection, described only as retrieval."
NetworkAccessManagement,network-access-domains.yaml,/trust-domains/capabilities,GET,getTrustDomainCapabilities,r,none,none,description,,"Retrieves ""the set of Trust Domain configuration capabilities supported by the API provider"", a discovery/read call."
NetworkAccessManagement,network-access-domains.yaml,/trust-domains,POST,createTrustDomain,w,idempotent,none,description,,"Creation is guarded by name uniqueness (""409 ALREADY_EXISTS ... if a Trust Domain with the same name already exists""), so repeated identical requests converge on the same single domain rather than each creating a distinct resource, and the config is applied only to the caller's own network access devices."
NetworkAccessManagement,network-access-domains.yaml,/trust-domains,GET,getTrustDomains,r,none,none,description,,"Retrieves all Trust Domains visible to the calling client, scoped by read scope, with no mutation."
NetworkAccessManagement,network-access-domains.yaml,/trust-domains/{trustDomainId},GET,getTrustDomain,r,none,none,description,,"Retrieves the Trust Domain identified by the given ID, a lookup gated only by read scopes."
NetworkAccessManagement,network-access-domains.yaml,/trust-domains/{trustDomainId},PATCH,updateTrustDomain,w,idempotent,none,description,,"Updates the Trust Domain by ID with full-replacement semantics for accessDetails, so repeating the same PATCH body leaves the domain in the same state."
NetworkAccessManagement,network-access-domains.yaml,/trust-domains/{trustDomainId},DELETE,deleteTrustDomain,w,idempotent,none,description,,"Deletes the Trust Domain and removes its configuration from all network access devices where applied, a standard idempotent resource delete."
NetworkAccessManagement,network-access-domains.yaml,/trust-domains/{trustDomainId}/devices,POST,createTrustDomainDevice,x,non-idempotent,third-party,description,"unclear: bootstrappingInfo can trigger live zero-touch onboarding of a physical device, but the 409 ALREADY_EXISTS guard on repeat registration otherwise reads as an idempotent create","Registration can carry `bootstrappingInfo` that is ""used to onboard ('zero-touch') the device"", an action taken against the physical device itself rather than a pure data record, even though duplicate registration is rejected with 409 ALREADY_EXISTS."
NetworkAccessManagement,network-access-domains.yaml,/trust-domains/{trustDomainId}/devices,GET,getTrustDomainDevices,r,none,none,description,,"Retrieves all devices registered to the specified Trust Domain that the caller is authorized to view, a read-only list."
NetworkAccessManagement,network-access-domains.yaml,/trust-domains/{trustDomainId}/devices/{deviceId},GET,getTrustDomainDevice,r,none,none,description,,"Retrieves the device identified by the given ID within the specified Trust Domain, a simple lookup."
NetworkAccessManagement,network-access-domains.yaml,/trust-domains/{trustDomainId}/devices/{deviceId},PATCH,updateTrustDomainDevice,w,idempotent,none,description,,"Only included fields are updated, with `bootstrappingInfo`/`deviceCredential` replaced wholesale when present, making repeated identical PATCHes converge on the same device state."
NetworkAccessManagement,network-access-domains.yaml,/trust-domains/{trustDomainId}/devices/{deviceId},DELETE,deleteTrustDomainDevice,w,idempotent,none,description,,"Deregisters and removes the device from the specified Trust Domain, an idempotent delete of the registration resource."
NetworkInsights,network-health-assessment.yaml,/health-scores,GET,getHealthScores,r,none,none,description,,"Queries ""the health assessment results of the specified network module at the latest time point"" and returns aggregated scores with no write."
NetworkInsights,network-traffic-analysis.yaml,/traffic-analysis,GET,getTrafficAnalysis,r,none,none,description,,Queries aggregated 5G traffic statistics for a network over a period; described purely as a query returning records.
NetworkSliceBooking,network-slice-assignment.yaml,/slices/{sliceId}/devices,POST,assignDevice,x,non-idempotent,third-party,description,,"Assigning a device provisions it onto the live network slice and is capacity-bounded (""must not exceed the maximum number defined in the slice QoS profile""), i.e. a per-device reservation against finite slice capacity, not a plain idempotent record update."
NetworkSliceBooking,network-slice-assignment.yaml,/slices/{sliceId}/devices,GET,getDevices,r,none,none,description,,"Gets information about devices currently assigned to a specific network slice, a read of existing assignments."
NetworkSliceBooking,network-slice-assignment.yaml,/slices/{sliceId}/release,POST,releaseDevice,w,idempotent,none,description,,"Releases a device from the slice; a device already released simply yields status FAILURE/DEVICE_ALREADY_RELEASED, so end state after one or more calls converges, matching a delete-like idempotent teardown."
NetworkSliceBooking,network-slice-assignment.yaml,/retrieve-slices,POST,retrieveSlicesByDevice,r,none,none,requestBody.schema.Device,,"Body carries only a device identifier and the response is the read-only list of slices the device is assigned to, with no resource created by this call."
NetworkSliceBooking,network-slice-booking.yaml,/slices,POST,createSlice,x,non-idempotent,third-party,description,,"The Introduction states this API lets consumers ""reserve a slice resource of a selected area within a period"", a network-resource reservation/booking with each call producing a distinct sliceId."
NetworkSliceBooking,network-slice-booking.yaml,/slices/{sliceId},DELETE,deleteSlice,w,idempotent,none,description,,"The spec states explicitly ""The deletion operation is idempotent, meaning that if the slice is already deleted, the API consumer will receive a response with code 204""."
NetworkSliceBooking,network-slice-booking.yaml,/slices/{sliceId},GET,getSlice,r,none,none,description,,"Queries for network slice booking resource information details by sliceId, a pure read."
NumberRecycling,number-recycling.yaml,/check,POST,checkNumberRecycling,r,none,none,requestBody.schema.CreateCheckNumRecycling,,Body is only a phoneNumber and specifiedDate query; the response is a boolean `phoneNumberRecycled` flag with no resource created or modified.
NumberVerification,number-verification.yaml,/verify,POST,phoneNumberVerify,r,none,none,description,,"Compares the supplied phone number against the one tied to the access token and returns true/false, described purely as a verification check with no state change."
NumberVerification,number-verification.yaml,/device-phone-number,GET,phoneNumberShare,r,none,none,description,,Returns the authenticated user's device phone number associated to the access token; a straightforward read.
OTPValidation,one-time-password-sms.yaml,/send-code,POST,sendCode,x,non-idempotent,third-party,description,,"Description states it ""Sends an SMS with the desired message and an OTP code to the received phone number"", directly reaching a person via SMS, which is a third-party external effect regardless of idempotency."
OTPValidation,one-time-password-sms.yaml,/validate-code,POST,validateCode,w,idempotent,none,description,,"Verifies the code for the given authenticationId; once validated the code is consumed (single-use, per MAX_OTP_CODES/expiry semantics) so the authenticationId's final state converges after one or more calls, with no effect reaching outside the API."
OptimalEdgeDiscovery,optimal-edge-discovery.yaml,/regions,GET,getRegions,r,none,none,description,,"""helper API to get all the regions"" that identifies where edge cloud zones are available, purely a read."
OptimalEdgeDiscovery,optimal-edge-discovery.yaml,/retrieve-optimal-edge-cloud-zones,POST,discoverOptimalEdge,r,none,none,requestBody.schema.OptimalEdgeDiscoveryInfo,,"Request body is only an applicationProfileId plus optional device/region identifiers, and the response is a ranked list of zones with no resource created by the call."
PopulationDensityData,population-density-data.yaml,/retrieve,POST,retrievePopulationDensity,r,none,none,info.description,,"The info.description states this ""operation creates no resource to read back""; the operationId is only used to correlate an async callback delivery of the same query's result, not a created resource."
PredictiveConnectivityData,predictive-connectivity-data.yaml,/retrieve,POST,retrieveConnectivity,r,none,none,description,,Retrieves a connectivity estimation for a requested area/service level/time window; the request is a query and the response is computed data with no resource created.
QoSBooking,qos-booking-and-assignment.yaml,/qos-bookings,POST,createBooking,x,non-idempotent,third-party,description,,"Description says the operation ""reserves a Quality of Service (QoS) booking for a specified number of devices, service area, and scheduled time/duration"", a network-resource reservation producing a new bookingId each call."
QoSBooking,qos-booking-and-assignment.yaml,/qos-bookings/{bookingId},GET,getBookingById,r,none,none,description,,"""retrieves the details of an existing Quality of Service (QoS) booking using its unique identifier"", a pure read."
QoSBooking,qos-booking-and-assignment.yaml,/qos-bookings/{bookingId},DELETE,deleteBooking,w,idempotent,none,description,,"""cancels and deletes a specific QoS booking ... and releases the resources related to that booking"", a standard cancellation/delete of an existing resource."
QoSBooking,qos-booking-and-assignment.yaml,/qos-bookings/{bookingId}/devices/assign,POST,assignDevices,x,non-idempotent,third-party,description,,"Assignment causes ""the network [to be] available for the said devices to connect and use them at the requested time"", provisioning live QoS onto specific devices and consuming the booking's finite `remainingDevices` count per device assigned."
QoSBooking,qos-booking-and-assignment.yaml,/qos-bookings/{bookingId}/devices,GET,getDevicesByBookingId,r,none,none,description,,"Retrieves the list of devices assigned to the existing QoS Booking, described only as a read (subject to disclosure policy)."
QoSBooking,qos-booking-and-assignment.yaml,/qos-bookings/{bookingId}/devices/release,POST,releaseDevices,w,idempotent,none,description,,"Releases one or more already-assigned devices from a booking; `remainingDevices` is incremented back, an idempotent-style teardown mirroring the assign operation's inverse."
QoSBooking,qos-booking-and-assignment.yaml,/qos-bookings/retrieve,POST,retrieveBookingByDevice,r,none,none,description,,"""Querying for QoS Booking resource information details for a device""; body carries only a device identifier and the response is a read-only array."
QoSBooking,qos-booking.yaml,/device-qos-bookings,POST,createBooking,x,non-idempotent,third-party,description,,"""Triggers a new booking to assign certain QoS Profile to certain device"", reserving network QoS capacity and scheduling live provisioning for that device, a distinct booking created per call."
QoSBooking,qos-booking.yaml,/device-qos-bookings/{bookingId},GET,getBookingById,r,none,none,description,,"""Querying for QoS Booking information details"" by bookingId, a plain read."
QoSBooking,qos-booking.yaml,/device-qos-bookings/{bookingId},DELETE,deleteBooking,w,idempotent,none,description,,"""Release resources related to a QoS Booking""; deletion is described with terminal status handling and no further effect once TERMINATED, an idempotent-style resource removal."
QoSBooking,qos-booking.yaml,/retrieve-device-qos-bookings,POST,retrieveBookingByDevice,r,none,none,description,,"""Querying for QoS Booking resource information details for a device""; body is only a device identifier and the response is a read-only array of existing bookings."
QualityOnDemand,qos-profiles.yaml,/retrieve-qos-profiles,POST,retrieveQosProfiles,r,none,none,description,,"The operation only returns a filtered list of QoS Profiles (""Returns all QoS Profiles that match the given criteria"") and does not create or modify any resource."
QualityOnDemand,qos-profiles.yaml,/qos-profiles/{name},GET,getQosProfile,r,none,none,description,,getQosProfile only returns a QoS Profile matching the given name with no request body or side effects.
QualityOnDemand,qos-provisioning.yaml,/qos-assignments,POST,createQosAssignment,x,non-idempotent,third-party,description,,"Creating an assignment ""configures the network to apply the requested QoS profile to a specified device whenever the device is connected,"" and a second call for the same device returns 409 CONFLICT rather than repeating the same effect."
QualityOnDemand,qos-provisioning.yaml,/qos-assignments/{assignmentId},GET,getQosAssignmentById,r,none,none,description,,"This is a read-only query ""for details about the QoS profile assignment"" with no request body."
QualityOnDemand,qos-provisioning.yaml,/qos-assignments/{assignmentId},DELETE,revokeQosAssignment,w,idempotent,none,description,,"The operation ""revokes the assignment of a QoS profile to a device"" by deleting the existing assignment record, matching the ordinary resource-deletion pattern."
QualityOnDemand,qos-provisioning.yaml,/retrieve-qos-assignment,POST,getQosAssignmentByDevice,r,none,none,description,,"This POST ""returns the details of the record for the assignment of a QoS profile to a device"" and is explicitly a query substituting for GET to avoid exposing device identifiers, not a state change."
QualityOnDemand,quality-on-demand.yaml,/sessions,POST,createSession,x,non-idempotent,third-party,description,,"createSession configures the network to provide prioritized latency/throughput for real traffic and a repeat request for the same device/flow returns 409 CONFLICT, so it does not have the same effect each time."
QualityOnDemand,quality-on-demand.yaml,/sessions/{sessionId},GET,getSession,r,none,none,description,,"getSession is ""querying for QoS session resource information details"" with no modification."
QualityOnDemand,quality-on-demand.yaml,/sessions/{sessionId},DELETE,deleteSession,w,idempotent,none,description,,"deleteSession simply releases ""resources related to QoS session,"" the canonical resource-deletion case."
QualityOnDemand,quality-on-demand.yaml,/sessions/{sessionId}/extend,POST,extendQosSessionDuration,x,non-idempotent,third-party,description,,"Extending duration adds requestedAdditionalDuration to the existing session length each time it is called, so repeating the same extend request further lengthens a live prioritized network flow rather than reproducing one fixed state."
QualityOnDemand,quality-on-demand.yaml,/retrieve-sessions,POST,retrieveSessionsByDevice,r,none,none,description,,"retrieveSessionsByDevice is ""querying for QoS session resource information details for a device"" and returns an empty array if none are found, with no resource created."
RegionDeviceCount,region-device-count.yaml,/count,POST,count,r,none,none,description,,"The /count operation only computes and returns ""the number of devices in the specified area during a certain time interval,"" whether delivered synchronously or via the caller's own sink, without altering any resource."
SessionInsights,session-insights.yaml,/sessions,POST,createSession,x,non-idempotent,notifies,info.description,,"Session creation ""implicitly establishes a notification subscription"" and produces a new operator-assigned session resource on every call."
SessionInsights,session-insights.yaml,/sessions/{sessionId},GET,getSession,r,none,none,description,,"getSession here just retrieves ""the details of a specific session by its operator-assigned session ID."""
SessionInsights,session-insights.yaml,/sessions/{sessionId},DELETE,deleteSession,w,idempotent,none,description,,"Deleting the session merely ""stops all notifications and metric reporting for the session,"" an ordinary teardown of the caller's own monitoring resource with no live network reconfiguration described."
SessionInsights,session-insights.yaml,/retrieve-sessions,POST,retrieveSessionsByDevice,r,none,none,description,,"This lookup ""retrieves all Session Insights sessions for a given device"" and returns an empty array if none are found."
SessionInsights,session-insights.yaml,/sessions/{sessionId}/metrics,POST,sendSessionMetrics,x,non-idempotent,notifies,description,,"Each submission feeds new application-observed metrics into the provider's ongoing quality evaluation and ""delivers a session quality notification asynchronously,"" so repeated submissions are not interchangeable with a single one."
SimSwap,sim-swap-subscriptions.yaml,/subscriptions,POST,createSimSwapSubscription,x,non-idempotent,notifies,description,,"This creates a new sim-swap event subscription resource, and the API-functionality text confirms the endpoint ""allows to ... create new event subscriptions."""
SimSwap,sim-swap-subscriptions.yaml,/subscriptions,GET,retrieveSubscriptionList,r,none,none,description,,"retrieveSubscriptionList only returns ""the list of sim swap event subscription(s)"" with no state change."
SimSwap,sim-swap-subscriptions.yaml,/subscriptions/{subscriptionId},GET,retrieveSubscription,r,none,none,description,,"retrieveSubscription simply retrieves ""event subscription information for a given subscription."""
SimSwap,sim-swap-subscriptions.yaml,/subscriptions/{subscriptionId},DELETE,deleteSubscription,w,idempotent,none,description,,"deleteSubscription just deletes ""a given event subscription,"" the caller's own notification subscription, matching ordinary resource deletion."
SimSwap,sim-swap.yaml,/retrieve-date,POST,retrieveSimSwapDate,r,none,none,description,,"retrieve-date only ""provides timestamp of latest SIM swap, if any, for a given phone number"" with no state modified."
SimSwap,sim-swap.yaml,/check,POST,checkSimSwap,r,none,none,description,,"check only reports ""whether a SIM swap has been performed during a past period"" as a boolean, with no side effects."
SimSwap,sim-swap.yaml,/retrieve-age-band,POST,retrieveSimSwapAgeBand,r,none,none,description,,"retrieve-age-band ""returns a standardized simSwapAgeBand value"" as a computed read, explicitly noted to not return or alter any state."
SimpleEdgeDiscovery,simple-edge-discovery.yaml,/retrieve-closest-edge-cloud-zone,POST,readClosestEdgeCloudZone,r,none,none,description,,"The operation only returns ""the name of the Edge Cloud Zone with the shortest network path to the end user device,"" a computed lookup with no resource created."
SponsoredData,sponsored_data.yaml,/sponsorship,POST,startSponsorship,x,non-idempotent,third-party,description,,"startSponsorship creates a brand-new sponsorship session with an assigned sessionId each call and ""requests the sponsorship for a subscriber,"" making sponsored data actually free for that subscriber's ongoing use."
SponsoredData,sponsored_data.yaml,/sponsorship/{sponsorId}/{campaignId}/{sessionId}/session-status,GET,getSessionStatus,r,none,none,description,,"getSessionStatus only ""queries detailed information about a sponsorship session"" without changing anything."
SponsoredData,sponsored_data.yaml,/sponsorship/{sponsorId}/{campaignId}/{sessionId}/revoke,DELETE,revokeSponsorship,x,non-idempotent,third-party,description,,"revokeSponsorship ""revokes an active sponsorship, preventing further use of sponsored data for the subscriber,"" cutting off a real end user's active benefit rather than the sponsor caller's own resource."
SponsoredData,sponsored_data.yaml,/campaign/{sponsorId}/{campaignId}/campaign-status,GET,getCampaignStatus,r,none,none,description,,"getCampaignStatus ""retrieves the current status of a specific sponsorship campaign"" with no modification."
SponsoredData,sponsored_data.yaml,/campaign/{sponsorId}/{campaignId}/active-sponsorships,GET,getActiveSponsorships,r,none,none,description,,"getActiveSponsorships ""returns the list of users currently benefiting from sponsored data,"" a pure reporting query."
SponsoredData,sponsored_data.yaml,/campaign/{sponsorId}/{campaignId}/alert-subscription,POST,configureAlerts,x,idempotent,notifies,description,,"configureAlerts registers a webhook and callbackToken so the sponsor ""subscribe[s] to receive notifications related to campaigns,"" matching the subscription-creation criterion for consequential actions."
SponsoredData,sponsored_data.yaml,/campaign/management,POST,manageCampaign,w,idempotent,none,description,,"manageCampaign only toggles the campaign between ""PAUSE to temporarily halt new sponsorships"" and ""RESUME to reactivate the campaign,"" a status-set operation with the same end state however often it is applied."
SubscriptionStatus,subscription-status.yaml,/retrieve-subscription-status,POST,retrieveSubscriptionStatus,r,none,none,description,,"This obtains ""the business subscription status of the provided phone number"" as a pure read with no request-body side effects."
Tenure,kyc-tenure.yaml,/check-tenure,POST,checkTenure,r,none,none,description,,"checkTenure only verifies ""a specified length of tenure ... to establish a level of trust,"" returning a boolean with nothing created or changed."
TrafficInfluence,traffic-influence.yaml,/traffic-influences,GET,getAllTrafficInfluences,r,none,none,description,,"getAllTrafficInfluences ""reads all of the active TrafficInfluence resources owned by the same API Consumer."""
TrafficInfluence,traffic-influence.yaml,/traffic-influences,POST,postTrafficInfluence,x,non-idempotent,third-party,info.description,,"Creating a TrafficInfluence resource ""configures the Mobile Network accordingly to get the fastest routing"" for real traffic, and a new resource with a new trafficInfluenceID is generated on every call."
TrafficInfluence,traffic-influence.yaml,/traffic-influence-devices,POST,postTrafficInfluenceDevice,x,non-idempotent,third-party,description,,"This creates a new TrafficInfluence resource ""influencing the traffic toward local instances of the Application for a specific user,"" again reconfiguring live network routing and generating a new trafficInfluenceID each call."
TrafficInfluence,traffic-influence.yaml,/traffic-influences/{trafficInfluenceID},GET,getTrafficInfluenceById,r,none,none,description,,"getTrafficInfluenceById just ""reads a specific TrafficInfluence resource"" and returns it, with no side effects."
TrafficInfluence,traffic-influence.yaml,/traffic-influences/{trafficInfluenceID},PATCH,patchTrafficInfluence,x,non-idempotent,third-party,info.description,,"Modifying the intent still has the platform ""configuring the Mobile Network for the optimal routing,"" actively re-steering a device's live traffic path each time it is applied."
TrafficInfluence,traffic-influence.yaml,/traffic-influences/{trafficInfluenceID},DELETE,deleteTrafficInfluence,x,non-idempotent,third-party,description,,"deleteTrafficInfluence is ""invoked ... to stop influencing the traffic,"" reversing an active network routing configuration for the device's live traffic rather than merely discarding inert data."
VerifiedCaller,brand-registration.yaml,/registrations,POST,createRegistration,x,non-idempotent,third-party,description,,"createRegistration ""creates a new registration and returns a registration identifier,"" establishing branding that will be displayed to real callees on future calls."
VerifiedCaller,brand-registration.yaml,/registrations,GET,readRegistrations,r,none,none,description,,"readRegistrations only ""read[s] existing brand registrations from the service platform,"" optionally filtered, with no state change."
VerifiedCaller,brand-registration.yaml,/registrations/{registrationId},GET,readRegistration,r,none,none,description,,"readRegistration ""reads an existing brand registration"" by ID with no side effects."
VerifiedCaller,brand-registration.yaml,/registrations/{registrationId},DELETE,deleteRegistration,w,idempotent,none,description,,"deleteRegistration ""deletes an existing brand registration from the service platform,"" the caller's own record, matching ordinary resource deletion."
VerifiedCaller,brand-registration.yaml,/registrations/{registrationId},PUT,updateRegistration,w,idempotent,none,description,,"updateRegistration replaces a ""Request object to create or update (replace) a brand registration,"" a create-or-replace write with the same end state regardless of repetition."
VerifiedCaller,verified-caller.yaml,/pre-announce,POST,createPreAnnouncement,x,non-idempotent,third-party,description,,"createPreAnnouncement can trigger ""a short message ... sent to the callee to verify authenticity of the caller"" (SMS strategy) or a brand display shown to the called party, a consequential action reaching a third party on each call."
WebRTC,webrtc-call-handling.yaml,/sessions,POST,createSession,x,non-idempotent,third-party,info.description,,"The use-case text says creating a session ""grants ability to reach any phone number on the public network using your telco provider rights,"" and each successful call returns a fresh mediaSessionId, so it both reaches a third party and creates a new resource each time."
WebRTC,webrtc-call-handling.yaml,/sessions/{mediaSessionId},GET,getSessionDetailsById,r,none,none,description,,"The operation only retrieves ""the media Session description based on mediaSessionId"" with no state change described."
WebRTC,webrtc-call-handling.yaml,/sessions/{mediaSessionId},DELETE,deleteSessionById,x,idempotent,third-party,description,,"The description states this DELETE will ""Terminate a 1-1 an ongoing media session"" and ""trigger all necessary action on the network side to properly hangup and drop the call,"" ending a live call the other party is on."
WebRTC,webrtc-call-handling.yaml,/sessions/{mediaSessionId}/status,PUT,updateSessionStatus,x,idempotent,third-party,description,,"The walkthrough for picking up a call uses this PUT to send the SDP ""answer"" and ""include the information about the responding device,"" so it drives live IMS call signaling that reaches the other party."
WebRTC,webrtc-events-subscriptions.yaml,/subscriptions,POST,createNotificationChannelSubscription,x,non-idempotent,notifies,callbacks,,"Each POST creates a new subscription resource and registers a callback ""sink"" that the server calls for future events, matching both the new-resource-per-call and notification-channel criteria for x."
WebRTC,webrtc-events-subscriptions.yaml,/subscriptions,GET,retrieveNotificationChannelSubscriptionList,r,none,none,description,,"Retrieves ""a list"" of existing subscriptions with configuration data and status, with no mutation of state."
WebRTC,webrtc-events-subscriptions.yaml,/subscriptions/{subscriptionId},GET,retrieveNotificationChannelSubscription,r,none,none,description,,"Retrieves ""webrtc-events subscription detailed information for a given subscription"" without altering it."
WebRTC,webrtc-events-subscriptions.yaml,/subscriptions/{subscriptionId},PUT,updateNotificationChannelSubscription,w,idempotent,none,description,,"The spec states explicitly ""This operation is idempotent. Repeating the same update request results in the same final subscription state,"" changing only sinkCredential or expiry with no notification side-effect described."
WebRTC,webrtc-events-subscriptions.yaml,/subscriptions/{subscriptionId},DELETE,deleteNotificationChannelSubscription,x,idempotent,notifies,info.description,,"The API description lists ""the subscription was deleted by the requester"" as one of the triggers for the subscription-ended CloudEvent sent to the sink, so deleting the subscription causes a notification to be delivered."
WebRTC,webrtc-registration.yaml,/sessions,GET,getRegistrationsByDeviceId,r,none,none,description,,"The GET ""retrieve[s] the active registrations associated with a given deviceId"" that are authorized for the token, with no state change."
WebRTC,webrtc-registration.yaml,/sessions,POST,createRegistration,x,non-idempotent,none,description,,"Each successful call causes the server to return ""a server-allocated registrationId,"" and a duplicate (deviceId, phoneNumber) pair is rejected with 409 rather than reused, so repeating the call does not have the same effect as doing it once."
WebRTC,webrtc-registration.yaml,/sessions/{registrationId},GET,getRegistrationById,r,none,none,description,,"Retrieves ""an existing registration by its registrationId"" and returns 404 if it does not exist or has expired, with no state change."
WebRTC,webrtc-registration.yaml,/sessions/{registrationId},PUT,updateRegistrationById,w,idempotent,none,description,,"The refresh logic recomputes and persists ""newExpire"" from the operator's TTL policy using the request receipt time each call, a set-style update to the caller's own registration expiry with no third-party effect described."
WebRTC,webrtc-registration.yaml,/sessions/{registrationId},DELETE,deleteRegistrationById,w,idempotent,none,description,,"Deleting ""frees any resource and invalidates future actions that involves this registration"" — an idempotent removal of the caller's own registration resource with no external effect stated for this operation."
eSimRemoteManagement,esim-remote-management.yaml,/profile/result/query,POST,profileResultQuery,r,none,none,description,,"The POST body only carries a taskId to look up (""Query the result of an asynchronous profile operation ... using the task ID"") and the response is a status value with no resource created or modified."
eSimRemoteManagement,esim-remote-management.yaml,/profile/oper,POST,profileOperation,x,idempotent,third-party,description,,"This operation performs ""lifecycle operations on an eSIM profile including enable, disable, or delete,"" a live action executed on the physical device's eUICC, i.e. it reaches and changes a device."
eSimRemoteManagement,esim-remote-management.yaml,/profile/downloaded-list,POST,profileList,r,none,none,description,,"The POST body is only a query filter (eId) and the response is ""a list of all eSIM profiles currently downloaded on the device,"" with no state change."
eSimRemoteManagement,esim-remote-management.yaml,/profile/download,POST,profileDownload,x,non-idempotent,third-party,description,,"The operation ""Download[s] and optionally install[s] a new eSIM profile to the device,"" an asynchronous live device action that provisions a new profile on the physical eUICC on each successful call."
