repo,file,version,sha,path,method,operationId,default_class,judged_class,reason
ApplicationEndpointDiscovery,application-endpoint-discovery.yaml,wip,1414b03a945968fc0eabf38fb235fdaa30411a0f,/retrieve-optimal-app-endpoints,POST,getOptimalAppEndpoints,x,x,non-idempotent operation; treated as consequential by default (create/verify/send/trigger)
ApplicationEndpointRegistration,application-endpoint-registration.yaml,wip,75371105daabef680073bb2ccc53273273a15e6f,/application-endpoint-lists,POST,registerApplicationEndpoints,x,x,non-idempotent operation; treated as consequential by default (create/verify/send/trigger)
ApplicationEndpointRegistration,application-endpoint-registration.yaml,wip,75371105daabef680073bb2ccc53273273a15e6f,/application-endpoint-lists,GET,getAllRegisteredApplicationEndpoints,r,r,pure read of existing resource/state; no external side-effect observed in summary/description
ApplicationEndpointRegistration,application-endpoint-registration.yaml,wip,75371105daabef680073bb2ccc53273273a15e6f,/application-endpoint-lists/{applicationEndpointListId},GET,getApplicationEndpointsById,r,r,pure read of existing resource/state; no external side-effect observed in summary/description
ApplicationEndpointRegistration,application-endpoint-registration.yaml,wip,75371105daabef680073bb2ccc53273273a15e6f,/application-endpoint-lists/{applicationEndpointListId},PUT,updateApplicationEndpoint,w,w,idempotent state write/removal of a resource owned by the caller; no external notification/money/live-session effect beyond ending what the caller itself created
ApplicationEndpointRegistration,application-endpoint-registration.yaml,wip,75371105daabef680073bb2ccc53273273a15e6f,/application-endpoint-lists/{applicationEndpointListId},DELETE,deregisterApplicationEndpoint,w,w,idempotent state write/removal of a resource owned by the caller; no external notification/money/live-session effect beyond ending what the caller itself created
ApplicationProfiles,application-profiles.yaml,wip,4f151b02cd1378c526c829f06951513b8079c9d2,/application-profiles,POST,createApplicationProfile,x,x,non-idempotent operation; treated as consequential by default (create/verify/send/trigger)
ApplicationProfiles,application-profiles.yaml,wip,4f151b02cd1378c526c829f06951513b8079c9d2,/application-profiles/{applicationProfileId},PATCH,updateApplicationProfile,x,x,non-idempotent operation; treated as consequential by default (create/verify/send/trigger)
ApplicationProfiles,application-profiles.yaml,wip,4f151b02cd1378c526c829f06951513b8079c9d2,/application-profiles/{applicationProfileId},GET,readApplicationProfile,r,r,pure read of existing resource/state; no external side-effect observed in summary/description
ApplicationProfiles,application-profiles.yaml,wip,4f151b02cd1378c526c829f06951513b8079c9d2,/application-profiles/{applicationProfileId},DELETE,deleteApplicationProfile,w,w,idempotent state write/removal of a resource owned by the caller; no external notification/money/live-session effect beyond ending what the caller itself created
BlockchainPublicAddress,blockchain-public-address-validation.yaml,wip,80047ebce94687f159ed8912a2876321d1564c6a,/nonce,POST,createBlockchainPublicAddressValidationNonce,x,x,non-idempotent operation; treated as consequential by default (create/verify/send/trigger)
BlockchainPublicAddress,blockchain-public-address.yaml,wip,80047ebce94687f159ed8912a2876321d1564c6a,/blockchain-public-addresses/retrieve-blockchains,POST,retrieveBlockchainPublicAddress,x,x,non-idempotent operation; treated as consequential by default (create/verify/send/trigger)
BlockchainPublicAddress,blockchain-public-address.yaml,wip,80047ebce94687f159ed8912a2876321d1564c6a,/blockchain-public-addresses,POST,bindBlockchainPublicAddress,x,x,non-idempotent operation; treated as consequential by default (create/verify/send/trigger)
BlockchainPublicAddress,blockchain-public-address.yaml,wip,80047ebce94687f159ed8912a2876321d1564c6a,/blockchain-public-addresses/{id},DELETE,deleteBlockchainPublicAddress,w,w,idempotent state write/removal of a resource owned by the caller; no external notification/money/live-session effect beyond ending what the caller itself created
CallForwardingSignal,call-forwarding-signal.yaml,wip,a0dd21d76645d663d1cb7c0138dc8aed77530dc0,/unconditional-call-forwardings,POST,retrieveUnconditionalCallForwarding,x,x,non-idempotent operation; treated as consequential by default (create/verify/send/trigger)
CallForwardingSignal,call-forwarding-signal.yaml,wip,a0dd21d76645d663d1cb7c0138dc8aed77530dc0,/call-forwardings,POST,retrieveCallForwarding,x,x,non-idempotent operation; treated as consequential by default (create/verify/send/trigger)
CapabilitiesAndRuntimeRestrictions,capabilities-and-restrictions.yaml,wip,9f8aa9b5d31a7689a8ae4ea850df7d3d7a0cba64,/retrieve,POST,postServiceCapability,x,x,non-idempotent operation; treated as consequential by default (create/verify/send/trigger)
CarrierBillingCheckOut,carrier-billing-refund.yaml,wip,3e1213fedab1e55d5278fd105a1d6202d5fabe0e,/payments/{paymentId}/refunds,POST,createRefund,x,x,non-idempotent operation; treated as consequential by default (create/verify/send/trigger)
CarrierBillingCheckOut,carrier-billing-refund.yaml,wip,3e1213fedab1e55d5278fd105a1d6202d5fabe0e,/payments/{paymentId}/refunds,GET,retrieveRefunds,r,r,pure read of existing resource/state; no external side-effect observed in summary/description
CarrierBillingCheckOut,carrier-billing-refund.yaml,wip,3e1213fedab1e55d5278fd105a1d6202d5fabe0e,/payments/{paymentId}/refunds/{refundId},GET,retrieveRefund,r,r,pure read of existing resource/state; no external side-effect observed in summary/description
CarrierBillingCheckOut,carrier-billing-refund.yaml,wip,3e1213fedab1e55d5278fd105a1d6202d5fabe0e,/payments/{paymentId}/refunds/remaining-amount,GET,retrievePaymentRemainingAmount,r,r,pure read of existing resource/state; no external side-effect observed in summary/description
CarrierBillingCheckOut,carrier-billing.yaml,wip,3e1213fedab1e55d5278fd105a1d6202d5fabe0e,/payments,POST,createPayment,x,x,non-idempotent operation; treated as consequential by default (create/verify/send/trigger)
CarrierBillingCheckOut,carrier-billing.yaml,wip,3e1213fedab1e55d5278fd105a1d6202d5fabe0e,/payments,GET,retrievePayments,r,r,pure read of existing resource/state; no external side-effect observed in summary/description
CarrierBillingCheckOut,carrier-billing.yaml,wip,3e1213fedab1e55d5278fd105a1d6202d5fabe0e,/payments/{paymentId},GET,retrievePayment,r,r,pure read of existing resource/state; no external side-effect observed in summary/description
CarrierBillingCheckOut,carrier-billing.yaml,wip,3e1213fedab1e55d5278fd105a1d6202d5fabe0e,/payments/prepare,POST,preparePayment,x,x,non-idempotent operation; treated as consequential by default (create/verify/send/trigger)
CarrierBillingCheckOut,carrier-billing.yaml,wip,3e1213fedab1e55d5278fd105a1d6202d5fabe0e,/payments/{paymentId}/validate,POST,validatePayment,x,x,non-idempotent operation; treated as consequential by default (create/verify/send/trigger)
CarrierBillingCheckOut,carrier-billing.yaml,wip,3e1213fedab1e55d5278fd105a1d6202d5fabe0e,/payments/{paymentId}/confirm,POST,confirmPayment,x,x,non-idempotent operation; treated as consequential by default (create/verify/send/trigger)
CarrierBillingCheckOut,carrier-billing.yaml,wip,3e1213fedab1e55d5278fd105a1d6202d5fabe0e,/payments/{paymentId}/cancel,POST,cancelPayment,x,x,non-idempotent operation; treated as consequential by default (create/verify/send/trigger)
ClickToDial,click-to-dial.yaml,wip,39f6bf61a871ee8fa10c901eca7fe37a945d6b3f,/calls,POST,createCall,x,x,non-idempotent operation; treated as consequential by default (create/verify/send/trigger)
ClickToDial,click-to-dial.yaml,wip,39f6bf61a871ee8fa10c901eca7fe37a945d6b3f,/calls/{callId},GET,getCall,r,r,pure read of existing resource/state; no external side-effect observed in summary/description
ClickToDial,click-to-dial.yaml,wip,39f6bf61a871ee8fa10c901eca7fe37a945d6b3f,/calls/{callId},DELETE,terminateCall,w,x,"DELETE ends an ACTIVE, live telephony call session in real time for another party (the callee) — consequential and hard-to-reverse (a hung-up call cannot be un-hung-up); default per method is w (idempotent), but the true effect is an x-class live network/telephony action, not mere resource bookkeeping."
ClickToDial,click-to-dial.yaml,wip,39f6bf61a871ee8fa10c901eca7fe37a945d6b3f,/calls/{callId}/recording,GET,getRecording,r,r,pure read of existing resource/state; no external side-effect observed in summary/description
ConnectedNetworkType,connected-network-type-subscriptions.yaml,wip,a60d6ad12f71232ff04fa0dd00f7035fc8b4723a,/subscriptions,POST,createConnectedNetworkTypeSubscription,x,x,non-idempotent operation; treated as consequential by default (create/verify/send/trigger)
ConnectedNetworkType,connected-network-type-subscriptions.yaml,wip,a60d6ad12f71232ff04fa0dd00f7035fc8b4723a,/subscriptions,GET,retrieveConnectedNetworkTypeSubscriptionList,r,r,pure read of existing resource/state; no external side-effect observed in summary/description
ConnectedNetworkType,connected-network-type-subscriptions.yaml,wip,a60d6ad12f71232ff04fa0dd00f7035fc8b4723a,/subscriptions/{subscriptionId},GET,retrieveConnectedNetworkTypeSubscription,r,r,pure read of existing resource/state; no external side-effect observed in summary/description
ConnectedNetworkType,connected-network-type-subscriptions.yaml,wip,a60d6ad12f71232ff04fa0dd00f7035fc8b4723a,/subscriptions/{subscriptionId},DELETE,deleteConnectedNetworkTypeSubscription,w,w,idempotent state write/removal of a resource owned by the caller; no external notification/money/live-session effect beyond ending what the caller itself created
ConnectedNetworkType,connected-network-type.yaml,wip,a60d6ad12f71232ff04fa0dd00f7035fc8b4723a,/retrieve,POST,getConnectedNetworkType,x,x,non-idempotent operation; treated as consequential by default (create/verify/send/trigger)
ConnectivityInsights,connectivity-insights-subscriptions.yaml,wip,fe98a77b9b46aa27e2b736b353216e36b10b813a,/subscriptions,POST,createSubscription,x,x,non-idempotent operation; treated as consequential by default (create/verify/send/trigger)
ConnectivityInsights,connectivity-insights-subscriptions.yaml,wip,fe98a77b9b46aa27e2b736b353216e36b10b813a,/subscriptions,GET,getSubscriptionList,r,r,pure read of existing resource/state; no external side-effect observed in summary/description
ConnectivityInsights,connectivity-insights-subscriptions.yaml,wip,fe98a77b9b46aa27e2b736b353216e36b10b813a,/subscriptions/{subscriptionId},GET,getSubscription,r,r,pure read of existing resource/state; no external side-effect observed in summary/description
ConnectivityInsights,connectivity-insights-subscriptions.yaml,wip,fe98a77b9b46aa27e2b736b353216e36b10b813a,/subscriptions/{subscriptionId},DELETE,deleteSubscription,w,w,idempotent state write/removal of a resource owned by the caller; no external notification/money/live-session effect beyond ending what the caller itself created
ConnectivityInsights,connectivity-insights.yaml,wip,fe98a77b9b46aa27e2b736b353216e36b10b813a,/check-network-quality,POST,checkNetworkQuality,x,x,non-idempotent operation; treated as consequential by default (create/verify/send/trigger)
ConsentInfo,consent-info.yaml,wip,44e4977abc6959b5270c19f8cbdfa3fb9516dbb4,/retrieve,POST,retrieveStatus,x,x,non-idempotent operation; treated as consequential by default (create/verify/send/trigger)
ConsentManagement,consent-management.yaml,wip,a6c00c843d78d053dc935eb94330094dede9c49c,/consents,POST,createConsent,x,x,non-idempotent operation; treated as consequential by default (create/verify/send/trigger)
ConsentManagement,consent-management.yaml,wip,a6c00c843d78d053dc935eb94330094dede9c49c,/consents/{consentId},PATCH,updateConsent,x,x,non-idempotent operation; treated as consequential by default (create/verify/send/trigger)
ConsentManagement,consent-management.yaml,wip,a6c00c843d78d053dc935eb94330094dede9c49c,/consents/retrieve-info,POST,retrieveConsentInfo,x,x,non-idempotent operation; treated as consequential by default (create/verify/send/trigger)
CustomerInsights,customer-insights.yaml,wip,8844b2467caf919c8f342fc1cf5caeb7e4ae8998,/scoring/retrieve,POST,retrieveScoring,x,x,non-idempotent operation; treated as consequential by default (create/verify/send/trigger)
DedicatedNetworks,dedicated-network-accesses.yaml,wip,6771f7fef973ba2cb7de8e54c0c6ad81fb08564f,/accesses,GET,listAccesses,r,r,pure read of existing resource/state; no external side-effect observed in summary/description
DedicatedNetworks,dedicated-network-accesses.yaml,wip,6771f7fef973ba2cb7de8e54c0c6ad81fb08564f,/accesses,POST,createAccess,x,x,non-idempotent operation; treated as consequential by default (create/verify/send/trigger)
DedicatedNetworks,dedicated-network-accesses.yaml,wip,6771f7fef973ba2cb7de8e54c0c6ad81fb08564f,/accesses/{accessId},GET,readAccess,r,r,pure read of existing resource/state; no external side-effect observed in summary/description
DedicatedNetworks,dedicated-network-accesses.yaml,wip,6771f7fef973ba2cb7de8e54c0c6ad81fb08564f,/accesses/{accessId},DELETE,deleteAccess,w,w,idempotent state write/removal of a resource owned by the caller; no external notification/money/live-session effect beyond ending what the caller itself created
DedicatedNetworks,dedicated-network-accesses.yaml,wip,6771f7fef973ba2cb7de8e54c0c6ad81fb08564f,/accesses/{accessId}/devices,GET,listDevices,r,r,pure read of existing resource/state; no external side-effect observed in summary/description
DedicatedNetworks,dedicated-network-accesses.yaml,wip,6771f7fef973ba2cb7de8e54c0c6ad81fb08564f,/accesses/{accessId}/devices/add,POST,addDevicesToAccess,x,x,non-idempotent operation; treated as consequential by default (create/verify/send/trigger)
DedicatedNetworks,dedicated-network-accesses.yaml,wip,6771f7fef973ba2cb7de8e54c0c6ad81fb08564f,/accesses/{accessId}/devices/remove,POST,removeDevicesFromAccess,x,x,non-idempotent operation; treated as consequential by default (create/verify/send/trigger)
DedicatedNetworks,dedicated-network-areas.yaml,wip,6771f7fef973ba2cb7de8e54c0c6ad81fb08564f,/retrieve-service-areas,POST,retrieveNetworkServiceAreas,x,x,non-idempotent operation; treated as consequential by default (create/verify/send/trigger)
DedicatedNetworks,dedicated-network-areas.yaml,wip,6771f7fef973ba2cb7de8e54c0c6ad81fb08564f,/areas/{areaId},GET,readNetworkServiceArea,r,r,pure read of existing resource/state; no external side-effect observed in summary/description
DedicatedNetworks,dedicated-network-profiles.yaml,wip,6771f7fef973ba2cb7de8e54c0c6ad81fb08564f,/profiles,GET,readNetworkProfiles,r,r,pure read of existing resource/state; no external side-effect observed in summary/description
DedicatedNetworks,dedicated-network-profiles.yaml,wip,6771f7fef973ba2cb7de8e54c0c6ad81fb08564f,/profiles/{profileId},GET,readNetworkProfile,r,r,pure read of existing resource/state; no external side-effect observed in summary/description
DedicatedNetworks,dedicated-network.yaml,wip,6771f7fef973ba2cb7de8e54c0c6ad81fb08564f,/networks,GET,listNetworks,r,r,pure read of existing resource/state; no external side-effect observed in summary/description
DedicatedNetworks,dedicated-network.yaml,wip,6771f7fef973ba2cb7de8e54c0c6ad81fb08564f,/networks,POST,createNetwork,x,x,non-idempotent operation; treated as consequential by default (create/verify/send/trigger)
DedicatedNetworks,dedicated-network.yaml,wip,6771f7fef973ba2cb7de8e54c0c6ad81fb08564f,/networks/{networkId},GET,readNetwork,r,r,pure read of existing resource/state; no external side-effect observed in summary/description
DedicatedNetworks,dedicated-network.yaml,wip,6771f7fef973ba2cb7de8e54c0c6ad81fb08564f,/networks/{networkId},DELETE,deleteNetwork,w,w,idempotent state write/removal of a resource owned by the caller; no external notification/money/live-session effect beyond ending what the caller itself created
DeviceAuthenticity,device-authenticity.yaml,wip,55dec08855452361c9730c4b234246ebfa473d28,/check-status,POST,checkImeiStatus,x,x,non-idempotent operation; treated as consequential by default (create/verify/send/trigger)
DeviceDataVolume,device-data-volume-subscriptions.yaml,wip,71bfba2e8168fb5f6460bce5fc176de9b4c8f3de,/subscriptions,POST,createDeviceDataVolumeSubscription,x,x,non-idempotent operation; treated as consequential by default (create/verify/send/trigger)
DeviceDataVolume,device-data-volume-subscriptions.yaml,wip,71bfba2e8168fb5f6460bce5fc176de9b4c8f3de,/subscriptions,GET,retrieveDeviceDataVolumeSubscriptionList,r,r,pure read of existing resource/state; no external side-effect observed in summary/description
DeviceDataVolume,device-data-volume-subscriptions.yaml,wip,71bfba2e8168fb5f6460bce5fc176de9b4c8f3de,/subscriptions/{subscriptionId},GET,retrieveDeviceDataVolumeSubscription,r,r,pure read of existing resource/state; no external side-effect observed in summary/description
DeviceDataVolume,device-data-volume-subscriptions.yaml,wip,71bfba2e8168fb5f6460bce5fc176de9b4c8f3de,/subscriptions/{subscriptionId},DELETE,deleteDeviceDataVolumeSubscription,w,w,idempotent state write/removal of a resource owned by the caller; no external notification/money/live-session effect beyond ending what the caller itself created
DeviceDataVolume,device-data-volume.yaml,wip,71bfba2e8168fb5f6460bce5fc176de9b4c8f3de,/retrieve,POST,retrieveDataVolume,x,x,non-idempotent operation; treated as consequential by default (create/verify/send/trigger)
DeviceDataVolume,device-data-volume.yaml,wip,71bfba2e8168fb5f6460bce5fc176de9b4c8f3de,/check,POST,checkDataVolume,x,x,non-idempotent operation; treated as consequential by default (create/verify/send/trigger)
DeviceIdentifier,device-identifier.yaml,wip,5dcccd77e4b47b20aaf42b7e54affbf860f40c46,/retrieve-identifier,POST,retrieveIdentifier,x,x,non-idempotent operation; treated as consequential by default (create/verify/send/trigger)
DeviceIdentifier,device-identifier.yaml,wip,5dcccd77e4b47b20aaf42b7e54affbf860f40c46,/retrieve-type,POST,retrieveType,x,x,non-idempotent operation; treated as consequential by default (create/verify/send/trigger)
DeviceIdentifier,device-identifier.yaml,wip,5dcccd77e4b47b20aaf42b7e54affbf860f40c46,/retrieve-ppid,POST,retrievePpid,x,x,non-idempotent operation; treated as consequential by default (create/verify/send/trigger)
DeviceIdentifier,device-identifier.yaml,wip,5dcccd77e4b47b20aaf42b7e54affbf860f40c46,/match-identifier,POST,matchIdentifier,x,x,non-idempotent operation; treated as consequential by default (create/verify/send/trigger)
DeviceLocation,geofencing-subscriptions.yaml,wip,baf86c823cb723e866c7348459999aea83f999ce,/subscriptions,POST,createGeofencingSubscription,x,x,non-idempotent operation; treated as consequential by default (create/verify/send/trigger)
DeviceLocation,geofencing-subscriptions.yaml,wip,baf86c823cb723e866c7348459999aea83f999ce,/subscriptions,GET,retrieveGeofencingSubscriptionList,r,r,pure read of existing resource/state; no external side-effect observed in summary/description
DeviceLocation,geofencing-subscriptions.yaml,wip,baf86c823cb723e866c7348459999aea83f999ce,/subscriptions/{subscriptionId},GET,retrieveGeofencingSubscription,r,r,pure read of existing resource/state; no external side-effect observed in summary/description
DeviceLocation,geofencing-subscriptions.yaml,wip,baf86c823cb723e866c7348459999aea83f999ce,/subscriptions/{subscriptionId},DELETE,deleteGeofencingSubscription,w,w,idempotent state write/removal of a resource owned by the caller; no external notification/money/live-session effect beyond ending what the caller itself created
DeviceLocation,location-retrieval.yaml,wip,baf86c823cb723e866c7348459999aea83f999ce,/retrieve,POST,retrieveLocation,x,x,non-idempotent operation; treated as consequential by default (create/verify/send/trigger)
DeviceLocation,location-verification.yaml,wip,baf86c823cb723e866c7348459999aea83f999ce,/verify,POST,verifyLocation,x,x,non-idempotent operation; treated as consequential by default (create/verify/send/trigger)
DeviceMediaStreamingRate,media-streaming-rate.yaml,wip,2750190dd69dc65d059e04b0e97807f07e5d78d3,/retrieve-maximum-downstream-media-rate,POST,retrieveMaximumDownstreamMediaRate,x,x,non-idempotent operation; treated as consequential by default (create/verify/send/trigger)
DeviceReachabilityStatus,device-reachability-status-subscriptions.yaml,wip,6074c3e6d63744dfef74a7c31f7a50b5276f0d73,/subscriptions,POST,createDeviceReachabilityStatusSubscription,x,x,non-idempotent operation; treated as consequential by default (create/verify/send/trigger)
DeviceReachabilityStatus,device-reachability-status-subscriptions.yaml,wip,6074c3e6d63744dfef74a7c31f7a50b5276f0d73,/subscriptions,GET,retrieveDeviceReachabilityStatusSubscriptionList,r,r,pure read of existing resource/state; no external side-effect observed in summary/description
DeviceReachabilityStatus,device-reachability-status-subscriptions.yaml,wip,6074c3e6d63744dfef74a7c31f7a50b5276f0d73,/subscriptions/{subscriptionId},GET,retrieveDeviceReachabilityStatusSubscription,r,r,pure read of existing resource/state; no external side-effect observed in summary/description
DeviceReachabilityStatus,device-reachability-status-subscriptions.yaml,wip,6074c3e6d63744dfef74a7c31f7a50b5276f0d73,/subscriptions/{subscriptionId},DELETE,deleteDeviceReachabilityStatusSubscription,w,w,idempotent state write/removal of a resource owned by the caller; no external notification/money/live-session effect beyond ending what the caller itself created
DeviceReachabilityStatus,device-reachability-status.yaml,wip,6074c3e6d63744dfef74a7c31f7a50b5276f0d73,/retrieve,POST,getReachabilityStatus,x,x,non-idempotent operation; treated as consequential by default (create/verify/send/trigger)
DeviceRoamingStatus,device-roaming-status-subscriptions.yaml,wip,d8d5aa6c8b383f2af066f4d5ce3be407d665123f,/subscriptions,POST,createDeviceRoamingStatusSubscription,x,x,non-idempotent operation; treated as consequential by default (create/verify/send/trigger)
DeviceRoamingStatus,device-roaming-status-subscriptions.yaml,wip,d8d5aa6c8b383f2af066f4d5ce3be407d665123f,/subscriptions,GET,retrieveDeviceRoamingStatusSubscriptionList,r,r,pure read of existing resource/state; no external side-effect observed in summary/description
DeviceRoamingStatus,device-roaming-status-subscriptions.yaml,wip,d8d5aa6c8b383f2af066f4d5ce3be407d665123f,/subscriptions/{subscriptionId},GET,retrieveDeviceRoamingStatusSubscription,r,r,pure read of existing resource/state; no external side-effect observed in summary/description
DeviceRoamingStatus,device-roaming-status-subscriptions.yaml,wip,d8d5aa6c8b383f2af066f4d5ce3be407d665123f,/subscriptions/{subscriptionId},DELETE,deleteDeviceRoamingStatusSubscription,w,w,idempotent state write/removal of a resource owned by the caller; no external notification/money/live-session effect beyond ending what the caller itself created
DeviceRoamingStatus,device-roaming-status.yaml,wip,d8d5aa6c8b383f2af066f4d5ce3be407d665123f,/retrieve,POST,getRoamingStatus,x,x,non-idempotent operation; treated as consequential by default (create/verify/send/trigger)
DeviceStatus,connected-network-type-subscriptions.yaml,0.1.0,a628ed797be4915dab20288e4f11a5c60327ee03,/subscriptions,POST,createConnectedNetworkTypeSubscription,x,x,non-idempotent operation; treated as consequential by default (create/verify/send/trigger)
DeviceStatus,connected-network-type-subscriptions.yaml,0.1.0,a628ed797be4915dab20288e4f11a5c60327ee03,/subscriptions,GET,retrieveConnectedNetworkTypeSubscriptionList,r,r,pure read of existing resource/state; no external side-effect observed in summary/description
DeviceStatus,connected-network-type-subscriptions.yaml,0.1.0,a628ed797be4915dab20288e4f11a5c60327ee03,/subscriptions/{subscriptionId},GET,retrieveConnectedNetworkTypeSubscription,r,r,pure read of existing resource/state; no external side-effect observed in summary/description
DeviceStatus,connected-network-type-subscriptions.yaml,0.1.0,a628ed797be4915dab20288e4f11a5c60327ee03,/subscriptions/{subscriptionId},DELETE,deleteConnectedNetworkTypeSubscription,w,w,idempotent state write/removal of a resource owned by the caller; no external notification/money/live-session effect beyond ending what the caller itself created
DeviceStatus,connected-network-type.yaml,0.1.0,a628ed797be4915dab20288e4f11a5c60327ee03,/retrieve,POST,getConnectedNetworkType,x,x,non-idempotent operation; treated as consequential by default (create/verify/send/trigger)
DeviceStatus,device-reachability-status-subscriptions.yaml,0.7.0,a628ed797be4915dab20288e4f11a5c60327ee03,/subscriptions,POST,createDeviceReachabilityStatusSubscription,x,x,non-idempotent operation; treated as consequential by default (create/verify/send/trigger)
DeviceStatus,device-reachability-status-subscriptions.yaml,0.7.0,a628ed797be4915dab20288e4f11a5c60327ee03,/subscriptions,GET,retrieveDeviceReachabilityStatusSubscriptionList,r,r,pure read of existing resource/state; no external side-effect observed in summary/description
DeviceStatus,device-reachability-status-subscriptions.yaml,0.7.0,a628ed797be4915dab20288e4f11a5c60327ee03,/subscriptions/{subscriptionId},GET,retrieveDeviceReachabilityStatusSubscription,r,r,pure read of existing resource/state; no external side-effect observed in summary/description
DeviceStatus,device-reachability-status-subscriptions.yaml,0.7.0,a628ed797be4915dab20288e4f11a5c60327ee03,/subscriptions/{subscriptionId},DELETE,deleteDeviceReachabilityStatusSubscription,w,w,idempotent state write/removal of a resource owned by the caller; no external notification/money/live-session effect beyond ending what the caller itself created
DeviceStatus,device-reachability-status.yaml,1.0.0,a628ed797be4915dab20288e4f11a5c60327ee03,/retrieve,POST,getReachabilityStatus,x,x,non-idempotent operation; treated as consequential by default (create/verify/send/trigger)
DeviceStatus,device-roaming-status-subscriptions.yaml,0.7.0,a628ed797be4915dab20288e4f11a5c60327ee03,/subscriptions,POST,createDeviceRoamingStatusSubscription,x,x,non-idempotent operation; treated as consequential by default (create/verify/send/trigger)
DeviceStatus,device-roaming-status-subscriptions.yaml,0.7.0,a628ed797be4915dab20288e4f11a5c60327ee03,/subscriptions,GET,retrieveDeviceRoamingStatusSubscriptionList,r,r,pure read of existing resource/state; no external side-effect observed in summary/description
DeviceStatus,device-roaming-status-subscriptions.yaml,0.7.0,a628ed797be4915dab20288e4f11a5c60327ee03,/subscriptions/{subscriptionId},GET,retrieveDeviceRoamingStatusSubscription,r,r,pure read of existing resource/state; no external side-effect observed in summary/description
DeviceStatus,device-roaming-status-subscriptions.yaml,0.7.0,a628ed797be4915dab20288e4f11a5c60327ee03,/subscriptions/{subscriptionId},DELETE,deleteDeviceRoamingStatusSubscription,w,w,idempotent state write/removal of a resource owned by the caller; no external notification/money/live-session effect beyond ending what the caller itself created
DeviceStatus,device-roaming-status.yaml,1.0.0,a628ed797be4915dab20288e4f11a5c60327ee03,/retrieve,POST,getRoamingStatus,x,x,non-idempotent operation; treated as consequential by default (create/verify/send/trigger)
DeviceSwap,device-swap.yaml,wip,2e87bc03d0c809b0d9c3091f257dcb96b1704ffd,/retrieve-date,POST,retrieveDeviceSwapDate,x,x,non-idempotent operation; treated as consequential by default (create/verify/send/trigger)
DeviceSwap,device-swap.yaml,wip,2e87bc03d0c809b0d9c3091f257dcb96b1704ffd,/check,POST,checkDeviceSwap,x,x,non-idempotent operation; treated as consequential by default (create/verify/send/trigger)
DeviceVisitLocation,device-visit-location.yaml,wip,bdcf95f99deb9ebb44d3cc519efc7e6b4ff4be13,/retrieve,POST,retrieveDeviceVisitLocation,x,x,non-idempotent operation; treated as consequential by default (create/verify/send/trigger)
EdgeApplicationManagement,edge-application-management.yaml,wip,037ca2d5f6573a57cd14c012fba5332f3a83b10a,/apps,POST,submitApp,x,x,non-idempotent operation; treated as consequential by default (create/verify/send/trigger)
EdgeApplicationManagement,edge-application-management.yaml,wip,037ca2d5f6573a57cd14c012fba5332f3a83b10a,/apps,GET,getApps,r,r,pure read of existing resource/state; no external side-effect observed in summary/description
EdgeApplicationManagement,edge-application-management.yaml,wip,037ca2d5f6573a57cd14c012fba5332f3a83b10a,/apps/{appId},GET,getApp,r,r,pure read of existing resource/state; no external side-effect observed in summary/description
EdgeApplicationManagement,edge-application-management.yaml,wip,037ca2d5f6573a57cd14c012fba5332f3a83b10a,/apps/{appId},DELETE,deleteApp,w,w,idempotent state write/removal of a resource owned by the caller; no external notification/money/live-session effect beyond ending what the caller itself created
EdgeApplicationManagement,edge-application-management.yaml,wip,037ca2d5f6573a57cd14c012fba5332f3a83b10a,/app-instances,POST,createAppInstance,x,x,non-idempotent operation; treated as consequential by default (create/verify/send/trigger)
EdgeApplicationManagement,edge-application-management.yaml,wip,037ca2d5f6573a57cd14c012fba5332f3a83b10a,/app-instances,GET,getAppInstances,r,r,pure read of existing resource/state; no external side-effect observed in summary/description
EdgeApplicationManagement,edge-application-management.yaml,wip,037ca2d5f6573a57cd14c012fba5332f3a83b10a,/app-instances/{appInstanceId},GET,getAppInstance,r,r,pure read of existing resource/state; no external side-effect observed in summary/description
EdgeApplicationManagement,edge-application-management.yaml,wip,037ca2d5f6573a57cd14c012fba5332f3a83b10a,/app-instances/{appInstanceId},DELETE,deleteAppInstance,w,w,idempotent state write/removal of a resource owned by the caller; no external notification/money/live-session effect beyond ending what the caller itself created
EdgeApplicationManagement,edge-application-management.yaml,wip,037ca2d5f6573a57cd14c012fba5332f3a83b10a,/deployments,POST,createAppDeployment,x,x,non-idempotent operation; treated as consequential by default (create/verify/send/trigger)
EdgeApplicationManagement,edge-application-management.yaml,wip,037ca2d5f6573a57cd14c012fba5332f3a83b10a,/deployments,GET,getAppDeployments,r,r,pure read of existing resource/state; no external side-effect observed in summary/description
EdgeApplicationManagement,edge-application-management.yaml,wip,037ca2d5f6573a57cd14c012fba5332f3a83b10a,/deployments/{appDeploymentId},GET,getAppDeployment,r,r,pure read of existing resource/state; no external side-effect observed in summary/description
EdgeApplicationManagement,edge-application-management.yaml,wip,037ca2d5f6573a57cd14c012fba5332f3a83b10a,/deployments/{appDeploymentId},DELETE,deleteAppDeployment,w,w,idempotent state write/removal of a resource owned by the caller; no external notification/money/live-session effect beyond ending what the caller itself created
EdgeApplicationManagement,edge-application-management.yaml,wip,037ca2d5f6573a57cd14c012fba5332f3a83b10a,/deployments/{appDeploymentId},PATCH,updateAppDeployment,x,x,non-idempotent operation; treated as consequential by default (create/verify/send/trigger)
EdgeApplicationManagement,edge-application-management.yaml,wip,037ca2d5f6573a57cd14c012fba5332f3a83b10a,/edge-cloud-zones,GET,getEdgeCloudZones,r,r,pure read of existing resource/state; no external side-effect observed in summary/description
EnergyFootprintNotification,energy-footprint-notification.yaml,wip,79703caf9a4fd67f7781e38fdf10c35213d417dd,/calculate-energy-consumption,POST,calculateEnergyConsumption,x,x,non-idempotent operation; treated as consequential by default (create/verify/send/trigger)
EnergyFootprintNotification,energy-footprint-notification.yaml,wip,79703caf9a4fd67f7781e38fdf10c35213d417dd,/calculate-carbon-footprint,POST,calculateCarbonFootprint,x,x,non-idempotent operation; treated as consequential by default (create/verify/send/trigger)
HighThroughputElasticNetworks,high_throughput_elastic_networks.yaml,wip,14a7feff85d9a337ceee0a8ac18e814c779acb6d,/high-throughput-elastic-network/transmission/schedule,POST,scheduleTransmission,x,x,non-idempotent operation; treated as consequential by default (create/verify/send/trigger)
InHomeDeviceManagement,InHomeDeviceManagement.yaml,1.0.0,ba7b293fa8388ee9186a578dfb3f18817272e76a,/v1/devices,GET,listDevices,r,r,pure read of existing resource/state; no external side-effect observed in summary/description
InHomeDeviceManagement,InHomeDeviceManagement.yaml,1.0.0,ba7b293fa8388ee9186a578dfb3f18817272e76a,/v1/devices/{deviceId},GET,getDevice,r,r,pure read of existing resource/state; no external side-effect observed in summary/description
InHomeDeviceManagement,InHomeDeviceManagement.yaml,1.0.0,ba7b293fa8388ee9186a578dfb3f18817272e76a,/v1/devices/{deviceId},PATCH,updateDevice,x,x,non-idempotent operation; treated as consequential by default (create/verify/send/trigger)
InHomeDeviceManagement,InHomeDeviceManagement.yaml,1.0.0,ba7b293fa8388ee9186a578dfb3f18817272e76a,/v1/devices/{deviceId},DELETE,deleteDevice,w,w,idempotent state write/removal of a resource owned by the caller; no external notification/money/live-session effect beyond ending what the caller itself created
InHomeDeviceManagement,InHomeDeviceManagement.yaml,1.0.0,ba7b293fa8388ee9186a578dfb3f18817272e76a,/v1/devices/{deviceId}/actions/{actionId},POST,performDeviceAction,x,x,non-idempotent operation; treated as consequential by default (create/verify/send/trigger)
InHomeDeviceManagement,InHomeDeviceManagement.yaml,1.0.0,ba7b293fa8388ee9186a578dfb3f18817272e76a,/v1/devices/{deviceId}/network-health,GET,getDeviceNetworkHealth,r,r,pure read of existing resource/state; no external side-effect observed in summary/description
IoTDeviceManagement,esim-profile-management.yaml,wip,f0a4780c0688e73f311d11ee8835884561c2203c,/download,POST,downloadEsimProfile,x,x,non-idempotent operation; treated as consequential by default (create/verify/send/trigger)
IoTDeviceManagement,esim-profile-management.yaml,wip,f0a4780c0688e73f311d11ee8835884561c2203c,/enable,POST,enableEsimProfile,x,x,non-idempotent operation; treated as consequential by default (create/verify/send/trigger)
IoTDeviceManagement,esim-profile-management.yaml,wip,f0a4780c0688e73f311d11ee8835884561c2203c,/disable,POST,disableEsimProfile,x,x,non-idempotent operation; treated as consequential by default (create/verify/send/trigger)
IoTDeviceManagement,esim-profile-management.yaml,wip,f0a4780c0688e73f311d11ee8835884561c2203c,/delete,POST,deleteEsimProfile,x,x,non-idempotent operation; treated as consequential by default (create/verify/send/trigger)
IoTDeviceManagement,esim-profile-management.yaml,wip,f0a4780c0688e73f311d11ee8835884561c2203c,/set-fallback,POST,setFallbackEsimProfile,x,x,non-idempotent operation; treated as consequential by default (create/verify/send/trigger)
IoTDeviceManagement,esim-profile-management.yaml,wip,f0a4780c0688e73f311d11ee8835884561c2203c,/retrieve-status,POST,getEsimProfileStatus,x,x,non-idempotent operation; treated as consequential by default (create/verify/send/trigger)
IoTDeviceManagement,esim-profile-management.yaml,wip,f0a4780c0688e73f311d11ee8835884561c2203c,/operations/{operationId},GET,retrieveOperation,r,r,pure read of existing resource/state; no external side-effect observed in summary/description
IoTNetworkOptimization,iot-network-optimization.yaml,wip,2f51d3f21dc7496a761ef98ef8c873456a67b78a,/features/power-saving,POST,activatePowerSaving,x,x,non-idempotent operation; treated as consequential by default (create/verify/send/trigger)
IoTNetworkOptimization,iot-network-optimization.yaml,wip,2f51d3f21dc7496a761ef98ef8c873456a67b78a,/features/power-saving/transactions/{transactionId},GET,getPowerSaving,r,r,pure read of existing resource/state; no external side-effect observed in summary/description
IoTSIMFraudPrevention,iot-sim-fraud-prevention-subscriptions.yaml,wip,da4a67d5518aae15d175fcceeda35712a648e088,/subscriptions,POST,subscribeFraudPrevention,x,x,non-idempotent operation; treated as consequential by default (create/verify/send/trigger)
IoTSIMFraudPrevention,iot-sim-fraud-prevention-subscriptions.yaml,wip,da4a67d5518aae15d175fcceeda35712a648e088,/subscriptions,GET,listSubscriptions,r,r,pure read of existing resource/state; no external side-effect observed in summary/description
IoTSIMFraudPrevention,iot-sim-fraud-prevention-subscriptions.yaml,wip,da4a67d5518aae15d175fcceeda35712a648e088,/subscriptions/{subscriptionId},GET,getSubscription,r,r,pure read of existing resource/state; no external side-effect observed in summary/description
IoTSIMFraudPrevention,iot-sim-fraud-prevention-subscriptions.yaml,wip,da4a67d5518aae15d175fcceeda35712a648e088,/subscriptions/{subscriptionId},DELETE,deleteSubscription,w,w,idempotent state write/removal of a resource owned by the caller; no external notification/money/live-session effect beyond ending what the caller itself created
IoTSIMFraudPrevention,iot-sim-fraud-prevention.yaml,wip,da4a67d5518aae15d175fcceeda35712a648e088,/bind,POST,bindDeviceImei,x,x,non-idempotent operation; treated as consequential by default (create/verify/send/trigger)
IoTSIMFraudPrevention,iot-sim-fraud-prevention.yaml,wip,da4a67d5518aae15d175fcceeda35712a648e088,/unbind,POST,unBindDeviceImei,x,x,non-idempotent operation; treated as consequential by default (create/verify/send/trigger)
IoTSIMFraudPrevention,iot-sim-fraud-prevention.yaml,wip,da4a67d5518aae15d175fcceeda35712a648e088,/query,POST,query,x,x,non-idempotent operation; treated as consequential by default (create/verify/send/trigger)
KnowYourCustomer,kyc-age-verification.yaml,0.1.0,9ee657d2a579699674f52df73fa1dc1e39896170,/verify,POST,verifyAge,x,x,non-idempotent operation; treated as consequential by default (create/verify/send/trigger)
KnowYourCustomer,kyc-fill-in.yaml,0.3.0,9ee657d2a579699674f52df73fa1dc1e39896170,/fill-in,POST,KYC_Fill-in,x,x,non-idempotent operation; treated as consequential by default (create/verify/send/trigger)
KnowYourCustomer,kyc-match.yaml,0.3.0,9ee657d2a579699674f52df73fa1dc1e39896170,/match,POST,KYC_Match,x,x,non-idempotent operation; treated as consequential by default (create/verify/send/trigger)
KnowYourCustomerAgeVerification,kyc-age-verification.yaml,wip,f1d12f34fb16543390b072409aebe06af27a972a,/verify,POST,verifyAge,x,x,non-idempotent operation; treated as consequential by default (create/verify/send/trigger)
KnowYourCustomerFill-in,kyc-fill-in.yaml,wip,9579a5e809d8b1fe1547a3e03ad45837eb2c19d3,/fill-in,POST,kycFillin,x,x,non-idempotent operation; treated as consequential by default (create/verify/send/trigger)
KnowYourCustomerMatch,kyc-match.yaml,wip,6e7c2418dbec252740a5ab0ccaf404b8f6d26024,/match,POST,kycMatch,x,x,non-idempotent operation; treated as consequential by default (create/verify/send/trigger)
ModelAsAService,knowledge-base.yaml,wip,e96577907d55790f58af235df2c317f26b2d0bb4,/knowledge-bases,POST,createKnowledgeBase,x,x,non-idempotent operation; treated as consequential by default (create/verify/send/trigger)
ModelAsAService,knowledge-base.yaml,wip,e96577907d55790f58af235df2c317f26b2d0bb4,/knowledge-bases,GET,listKnowledgeBases,r,r,pure read of existing resource/state; no external side-effect observed in summary/description
ModelAsAService,knowledge-base.yaml,wip,e96577907d55790f58af235df2c317f26b2d0bb4,/knowledge-bases/{knowledgeBaseId},GET,getKnowledgeBase,r,r,pure read of existing resource/state; no external side-effect observed in summary/description
ModelAsAService,knowledge-base.yaml,wip,e96577907d55790f58af235df2c317f26b2d0bb4,/knowledge-bases/{knowledgeBaseId},PUT,updateKnowledgeBase,w,w,idempotent state write/removal of a resource owned by the caller; no external notification/money/live-session effect beyond ending what the caller itself created
ModelAsAService,knowledge-base.yaml,wip,e96577907d55790f58af235df2c317f26b2d0bb4,/knowledge-bases/{knowledgeBaseId},DELETE,deleteKnowledgeBase,w,w,idempotent state write/removal of a resource owned by the caller; no external notification/money/live-session effect beyond ending what the caller itself created
ModelAsAService,knowledge-base.yaml,wip,e96577907d55790f58af235df2c317f26b2d0bb4,/knowledge-bases/{knowledgeBaseId}/documents,POST,uploadDocument,x,x,non-idempotent operation; treated as consequential by default (create/verify/send/trigger)
ModelAsAService,knowledge-base.yaml,wip,e96577907d55790f58af235df2c317f26b2d0bb4,/knowledge-bases/{knowledgeBaseId}/documents/{documentId},GET,getDocument,r,r,pure read of existing resource/state; no external side-effect observed in summary/description
ModelAsAService,knowledge-base.yaml,wip,e96577907d55790f58af235df2c317f26b2d0bb4,/knowledge-bases/{knowledgeBaseId}/documents/{documentId},DELETE,deleteDocument,w,w,idempotent state write/removal of a resource owned by the caller; no external notification/money/live-session effect beyond ending what the caller itself created
ModelAsAService,knowledge-base.yaml,wip,e96577907d55790f58af235df2c317f26b2d0bb4,/knowledge-bases/{knowledgeBaseId}/tools,POST,createTool,x,x,non-idempotent operation; treated as consequential by default (create/verify/send/trigger)
ModelAsAService,knowledge-base.yaml,wip,e96577907d55790f58af235df2c317f26b2d0bb4,/knowledge-bases/{knowledgeBaseId}/tools,GET,listTools,r,r,pure read of existing resource/state; no external side-effect observed in summary/description
ModelAsAService,knowledge-base.yaml,wip,e96577907d55790f58af235df2c317f26b2d0bb4,/knowledge-bases/{knowledgeBaseId}/tools/{toolId},GET,getTool,r,r,pure read of existing resource/state; no external side-effect observed in summary/description
ModelAsAService,knowledge-base.yaml,wip,e96577907d55790f58af235df2c317f26b2d0bb4,/knowledge-bases/{knowledgeBaseId}/tools/{toolId},PUT,updateTool,w,w,idempotent state write/removal of a resource owned by the caller; no external notification/money/live-session effect beyond ending what the caller itself created
ModelAsAService,knowledge-base.yaml,wip,e96577907d55790f58af235df2c317f26b2d0bb4,/knowledge-bases/{knowledgeBaseId}/tools/{toolId},DELETE,deleteTool,w,w,idempotent state write/removal of a resource owned by the caller; no external notification/money/live-session effect beyond ending what the caller itself created
ModelAsAService,knowledge-base.yaml,wip,e96577907d55790f58af235df2c317f26b2d0bb4,/knowledge-bases/{knowledgeBaseId}/tools/{toolId}/call,POST,callTool,x,x,non-idempotent operation; treated as consequential by default (create/verify/send/trigger)
ModelAsAService,qa-assistant-manage.yaml,wip,e96577907d55790f58af235df2c317f26b2d0bb4,/assistants,POST,createAssistant,x,x,non-idempotent operation; treated as consequential by default (create/verify/send/trigger)
ModelAsAService,qa-assistant-manage.yaml,wip,e96577907d55790f58af235df2c317f26b2d0bb4,/assistants,GET,listAssistants,r,r,pure read of existing resource/state; no external side-effect observed in summary/description
ModelAsAService,qa-assistant-manage.yaml,wip,e96577907d55790f58af235df2c317f26b2d0bb4,/assistants/{assistantId},GET,getAssistant,r,r,pure read of existing resource/state; no external side-effect observed in summary/description
ModelAsAService,qa-assistant-manage.yaml,wip,e96577907d55790f58af235df2c317f26b2d0bb4,/assistants/{assistantId},PUT,updateAssistant,w,w,idempotent state write/removal of a resource owned by the caller; no external notification/money/live-session effect beyond ending what the caller itself created
ModelAsAService,qa-assistant-manage.yaml,wip,e96577907d55790f58af235df2c317f26b2d0bb4,/assistants/{assistantId},DELETE,deleteAssistant,w,w,idempotent state write/removal of a resource owned by the caller; no external notification/money/live-session effect beyond ending what the caller itself created
ModelAsAService,qa-assistant-service.yaml,wip,e96577907d55790f58af235df2c317f26b2d0bb4,/answer,POST,queryAssistant,x,x,non-idempotent operation; treated as consequential by default (create/verify/send/trigger)
MostFrequentLocation,most-frequent-location.yaml,wip,935010325a3a38e4b91347f1f343311154bbd375,/verify,POST,verifyFrequentLocation,x,x,non-idempotent operation; treated as consequential by default (create/verify/send/trigger)
MultiPointVPN,multi-point-vpn.yaml,wip,d274cfd4df4c5e8165c3308bc95d07d3d4fdbde2,/networks,POST,createNetwork,x,x,non-idempotent operation; treated as consequential by default (create/verify/send/trigger)
MultiPointVPN,multi-point-vpn.yaml,wip,d274cfd4df4c5e8165c3308bc95d07d3d4fdbde2,/networks/{serviceId},PATCH,updateNetwork,x,x,non-idempotent operation; treated as consequential by default (create/verify/send/trigger)
MultiPointVPN,multi-point-vpn.yaml,wip,d274cfd4df4c5e8165c3308bc95d07d3d4fdbde2,/networks/{serviceId},GET,getNetwork,r,r,pure read of existing resource/state; no external side-effect observed in summary/description
MultiPointVPN,multi-point-vpn.yaml,wip,d274cfd4df4c5e8165c3308bc95d07d3d4fdbde2,/networks/{serviceId},DELETE,deleteNetwork,w,w,idempotent state write/removal of a resource owned by the caller; no external notification/money/live-session effect beyond ending what the caller itself created
MultiPointVPN,multi-point-vpn.yaml,wip,d274cfd4df4c5e8165c3308bc95d07d3d4fdbde2,/assessment,POST,assessConnectionFeasibility,x,x,non-idempotent operation; treated as consequential by default (create/verify/send/trigger)
NetworkAccessManagement,network-access-devices.yaml,wip,b58be1a13eefe31ca69124f1c2cb9ff9c7d7e147,/network-access-devices,GET,getNetworkAccessDevices,r,r,pure read of existing resource/state; no external side-effect observed in summary/description
NetworkAccessManagement,network-access-devices.yaml,wip,b58be1a13eefe31ca69124f1c2cb9ff9c7d7e147,/network-access-devices/{networkAccessDeviceId},GET,getNetworkAccessDevice,r,r,pure read of existing resource/state; no external side-effect observed in summary/description
NetworkAccessManagement,network-access-devices.yaml,wip,b58be1a13eefe31ca69124f1c2cb9ff9c7d7e147,/reboot-requests,POST,createRebootRequest,x,x,non-idempotent operation; treated as consequential by default (create/verify/send/trigger)
NetworkAccessManagement,network-access-devices.yaml,wip,b58be1a13eefe31ca69124f1c2cb9ff9c7d7e147,/reboot-requests,GET,getRebootRequests,r,r,pure read of existing resource/state; no external side-effect observed in summary/description
NetworkAccessManagement,network-access-devices.yaml,wip,b58be1a13eefe31ca69124f1c2cb9ff9c7d7e147,/reboot-requests/{rebootRequestId},GET,getRebootRequest,r,r,pure read of existing resource/state; no external side-effect observed in summary/description
NetworkAccessManagement,network-access-devices.yaml,wip,b58be1a13eefe31ca69124f1c2cb9ff9c7d7e147,/reboot-requests/{rebootRequestId},PATCH,updateRebootRequest,x,x,non-idempotent operation; treated as consequential by default (create/verify/send/trigger)
NetworkAccessManagement,network-access-devices.yaml,wip,b58be1a13eefe31ca69124f1c2cb9ff9c7d7e147,/reboot-requests/{rebootRequestId},DELETE,deleteRebootRequest,w,w,idempotent state write/removal of a resource owned by the caller; no external notification/money/live-session effect beyond ending what the caller itself created
NetworkAccessManagement,network-access-domains.yaml,wip,b58be1a13eefe31ca69124f1c2cb9ff9c7d7e147,/services,GET,getServices,r,r,pure read of existing resource/state; no external side-effect observed in summary/description
NetworkAccessManagement,network-access-domains.yaml,wip,b58be1a13eefe31ca69124f1c2cb9ff9c7d7e147,/services/{serviceId},GET,getService,r,r,pure read of existing resource/state; no external side-effect observed in summary/description
NetworkAccessManagement,network-access-domains.yaml,wip,b58be1a13eefe31ca69124f1c2cb9ff9c7d7e147,/trust-domains/capabilities,GET,getTrustDomainCapabilities,r,r,pure read of existing resource/state; no external side-effect observed in summary/description
NetworkAccessManagement,network-access-domains.yaml,wip,b58be1a13eefe31ca69124f1c2cb9ff9c7d7e147,/trust-domains,POST,createTrustDomain,x,x,non-idempotent operation; treated as consequential by default (create/verify/send/trigger)
NetworkAccessManagement,network-access-domains.yaml,wip,b58be1a13eefe31ca69124f1c2cb9ff9c7d7e147,/trust-domains,GET,getTrustDomains,r,r,pure read of existing resource/state; no external side-effect observed in summary/description
NetworkAccessManagement,network-access-domains.yaml,wip,b58be1a13eefe31ca69124f1c2cb9ff9c7d7e147,/trust-domains/{trustDomainId},GET,getTrustDomain,r,r,pure read of existing resource/state; no external side-effect observed in summary/description
NetworkAccessManagement,network-access-domains.yaml,wip,b58be1a13eefe31ca69124f1c2cb9ff9c7d7e147,/trust-domains/{trustDomainId},PATCH,updateTrustDomain,x,x,non-idempotent operation; treated as consequential by default (create/verify/send/trigger)
NetworkAccessManagement,network-access-domains.yaml,wip,b58be1a13eefe31ca69124f1c2cb9ff9c7d7e147,/trust-domains/{trustDomainId},DELETE,deleteTrustDomain,w,w,idempotent state write/removal of a resource owned by the caller; no external notification/money/live-session effect beyond ending what the caller itself created
NetworkAccessManagement,network-access-domains.yaml,wip,b58be1a13eefe31ca69124f1c2cb9ff9c7d7e147,/trust-domains/{trustDomainId}/devices,POST,createTrustDomainDevice,x,x,non-idempotent operation; treated as consequential by default (create/verify/send/trigger)
NetworkAccessManagement,network-access-domains.yaml,wip,b58be1a13eefe31ca69124f1c2cb9ff9c7d7e147,/trust-domains/{trustDomainId}/devices,GET,getTrustDomainDevices,r,r,pure read of existing resource/state; no external side-effect observed in summary/description
NetworkAccessManagement,network-access-domains.yaml,wip,b58be1a13eefe31ca69124f1c2cb9ff9c7d7e147,/trust-domains/{trustDomainId}/devices/{deviceId},GET,getTrustDomainDevice,r,r,pure read of existing resource/state; no external side-effect observed in summary/description
NetworkAccessManagement,network-access-domains.yaml,wip,b58be1a13eefe31ca69124f1c2cb9ff9c7d7e147,/trust-domains/{trustDomainId}/devices/{deviceId},PATCH,updateTrustDomainDevice,x,x,non-idempotent operation; treated as consequential by default (create/verify/send/trigger)
NetworkAccessManagement,network-access-domains.yaml,wip,b58be1a13eefe31ca69124f1c2cb9ff9c7d7e147,/trust-domains/{trustDomainId}/devices/{deviceId},DELETE,deleteTrustDomainDevice,w,w,idempotent state write/removal of a resource owned by the caller; no external notification/money/live-session effect beyond ending what the caller itself created
NetworkInsights,network-health-assessment.yaml,wip,3e8a3378609b8828e88f92ebbb4e74ff7f6fc177,/health-scores,GET,getHealthScores,r,r,pure read of existing resource/state; no external side-effect observed in summary/description
NetworkInsights,network-traffic-analysis.yaml,wip,3e8a3378609b8828e88f92ebbb4e74ff7f6fc177,/traffic-analysis,GET,getTrafficAnalysis,r,r,pure read of existing resource/state; no external side-effect observed in summary/description
NetworkSliceBooking,network-slice-assignment.yaml,wip,a91a28b87020e9548e92d7ed14a0b6f449709052,/slices/{sliceId}/devices,POST,assignDevice,x,x,non-idempotent operation; treated as consequential by default (create/verify/send/trigger)
NetworkSliceBooking,network-slice-assignment.yaml,wip,a91a28b87020e9548e92d7ed14a0b6f449709052,/slices/{sliceId}/devices,GET,getDevices,r,r,pure read of existing resource/state; no external side-effect observed in summary/description
NetworkSliceBooking,network-slice-assignment.yaml,wip,a91a28b87020e9548e92d7ed14a0b6f449709052,/slices/{sliceId}/release,POST,releaseDevice,x,x,non-idempotent operation; treated as consequential by default (create/verify/send/trigger)
NetworkSliceBooking,network-slice-assignment.yaml,wip,a91a28b87020e9548e92d7ed14a0b6f449709052,/retrieve-slices,POST,retrieveSlicesByDevice,x,x,non-idempotent operation; treated as consequential by default (create/verify/send/trigger)
NetworkSliceBooking,network-slice-booking.yaml,wip,a91a28b87020e9548e92d7ed14a0b6f449709052,/slices,POST,createSlice,x,x,non-idempotent operation; treated as consequential by default (create/verify/send/trigger)
NetworkSliceBooking,network-slice-booking.yaml,wip,a91a28b87020e9548e92d7ed14a0b6f449709052,/slices/{sliceId},DELETE,deleteSlice,w,w,idempotent state write/removal of a resource owned by the caller; no external notification/money/live-session effect beyond ending what the caller itself created
NetworkSliceBooking,network-slice-booking.yaml,wip,a91a28b87020e9548e92d7ed14a0b6f449709052,/slices/{sliceId},GET,getSlice,r,r,pure read of existing resource/state; no external side-effect observed in summary/description
NumberRecycling,number-recycling.yaml,wip,4d69523a875a718c0bad51293e2cfdf6b71588a0,/check,POST,checkNumberRecycling,x,x,non-idempotent operation; treated as consequential by default (create/verify/send/trigger)
NumberVerification,number-verification.yaml,wip,bb0c74837e3e5772b675628f60206f51946108b9,/verify,POST,phoneNumberVerify,x,x,non-idempotent operation; treated as consequential by default (create/verify/send/trigger)
NumberVerification,number-verification.yaml,wip,bb0c74837e3e5772b675628f60206f51946108b9,/device-phone-number,GET,phoneNumberShare,r,r,pure read of existing resource/state; no external side-effect observed in summary/description
OTPValidation,one-time-password-sms.yaml,wip,5d1f42c06fda34e5ea35180a2642e3d1fe24d16e,/send-code,POST,sendCode,x,x,non-idempotent operation; treated as consequential by default (create/verify/send/trigger)
OTPValidation,one-time-password-sms.yaml,wip,5d1f42c06fda34e5ea35180a2642e3d1fe24d16e,/validate-code,POST,validateCode,x,x,non-idempotent operation; treated as consequential by default (create/verify/send/trigger)
OptimalEdgeDiscovery,optimal-edge-discovery.yaml,wip,df47291e3ef8b0671f16ae5824d906a1ec0680a5,/regions,GET,getRegions,r,r,pure read of existing resource/state; no external side-effect observed in summary/description
OptimalEdgeDiscovery,optimal-edge-discovery.yaml,wip,df47291e3ef8b0671f16ae5824d906a1ec0680a5,/retrieve-optimal-edge-cloud-zones,POST,discoverOptimalEdge,x,x,non-idempotent operation; treated as consequential by default (create/verify/send/trigger)
PopulationDensityData,population-density-data.yaml,wip,c99b93d2ceb4c511ebc4a47625bd0d52c94581c0,/retrieve,POST,retrievePopulationDensity,x,x,non-idempotent operation; treated as consequential by default (create/verify/send/trigger)
PredictiveConnectivityData,predictive-connectivity-data.yaml,wip,10a2566fa260fbdfa1693232d4f6bd3e291ecaeb,/retrieve,POST,retrieveConnectivity,x,x,non-idempotent operation; treated as consequential by default (create/verify/send/trigger)
QoSBooking,qos-booking-and-assignment.yaml,wip,c60335beceb0dae021bc8dfc803fdb6c15318b95,/qos-bookings,POST,createBooking,x,x,non-idempotent operation; treated as consequential by default (create/verify/send/trigger)
QoSBooking,qos-booking-and-assignment.yaml,wip,c60335beceb0dae021bc8dfc803fdb6c15318b95,/qos-bookings/{bookingId},GET,getBookingById,r,r,pure read of existing resource/state; no external side-effect observed in summary/description
QoSBooking,qos-booking-and-assignment.yaml,wip,c60335beceb0dae021bc8dfc803fdb6c15318b95,/qos-bookings/{bookingId},DELETE,deleteBooking,w,w,idempotent state write/removal of a resource owned by the caller; no external notification/money/live-session effect beyond ending what the caller itself created
QoSBooking,qos-booking-and-assignment.yaml,wip,c60335beceb0dae021bc8dfc803fdb6c15318b95,/qos-bookings/{bookingId}/devices/assign,POST,assignDevices,x,x,non-idempotent operation; treated as consequential by default (create/verify/send/trigger)
QoSBooking,qos-booking-and-assignment.yaml,wip,c60335beceb0dae021bc8dfc803fdb6c15318b95,/qos-bookings/{bookingId}/devices,GET,getDevicesByBookingId,r,r,pure read of existing resource/state; no external side-effect observed in summary/description
QoSBooking,qos-booking-and-assignment.yaml,wip,c60335beceb0dae021bc8dfc803fdb6c15318b95,/qos-bookings/{bookingId}/devices/release,POST,releaseDevices,x,x,non-idempotent operation; treated as consequential by default (create/verify/send/trigger)
QoSBooking,qos-booking-and-assignment.yaml,wip,c60335beceb0dae021bc8dfc803fdb6c15318b95,/qos-bookings/retrieve,POST,retrieveBookingByDevice,x,x,non-idempotent operation; treated as consequential by default (create/verify/send/trigger)
QoSBooking,qos-booking.yaml,wip,c60335beceb0dae021bc8dfc803fdb6c15318b95,/device-qos-bookings,POST,createBooking,x,x,non-idempotent operation; treated as consequential by default (create/verify/send/trigger)
QoSBooking,qos-booking.yaml,wip,c60335beceb0dae021bc8dfc803fdb6c15318b95,/device-qos-bookings/{bookingId},GET,getBookingById,r,r,pure read of existing resource/state; no external side-effect observed in summary/description
QoSBooking,qos-booking.yaml,wip,c60335beceb0dae021bc8dfc803fdb6c15318b95,/device-qos-bookings/{bookingId},DELETE,deleteBooking,w,w,idempotent state write/removal of a resource owned by the caller; no external notification/money/live-session effect beyond ending what the caller itself created
QoSBooking,qos-booking.yaml,wip,c60335beceb0dae021bc8dfc803fdb6c15318b95,/retrieve-device-qos-bookings,POST,retrieveBookingByDevice,x,x,non-idempotent operation; treated as consequential by default (create/verify/send/trigger)
QualityOnDemand,qos-profiles.yaml,wip,e29b052a99f215eabd8558656baa2bbf402fe03e,/retrieve-qos-profiles,POST,retrieveQosProfiles,x,x,non-idempotent operation; treated as consequential by default (create/verify/send/trigger)
QualityOnDemand,qos-profiles.yaml,wip,e29b052a99f215eabd8558656baa2bbf402fe03e,/qos-profiles/{name},GET,getQosProfile,r,r,pure read of existing resource/state; no external side-effect observed in summary/description
QualityOnDemand,qos-provisioning.yaml,wip,e29b052a99f215eabd8558656baa2bbf402fe03e,/qos-assignments,POST,createQosAssignment,x,x,non-idempotent operation; treated as consequential by default (create/verify/send/trigger)
QualityOnDemand,qos-provisioning.yaml,wip,e29b052a99f215eabd8558656baa2bbf402fe03e,/qos-assignments/{assignmentId},GET,getQosAssignmentById,r,r,pure read of existing resource/state; no external side-effect observed in summary/description
QualityOnDemand,qos-provisioning.yaml,wip,e29b052a99f215eabd8558656baa2bbf402fe03e,/qos-assignments/{assignmentId},DELETE,revokeQosAssignment,w,w,idempotent state write/removal of a resource owned by the caller; no external notification/money/live-session effect beyond ending what the caller itself created
QualityOnDemand,qos-provisioning.yaml,wip,e29b052a99f215eabd8558656baa2bbf402fe03e,/retrieve-qos-assignment,POST,getQosAssignmentByDevice,x,x,non-idempotent operation; treated as consequential by default (create/verify/send/trigger)
QualityOnDemand,quality-on-demand.yaml,wip,e29b052a99f215eabd8558656baa2bbf402fe03e,/sessions,POST,createSession,x,x,non-idempotent operation; treated as consequential by default (create/verify/send/trigger)
QualityOnDemand,quality-on-demand.yaml,wip,e29b052a99f215eabd8558656baa2bbf402fe03e,/sessions/{sessionId},GET,getSession,r,r,pure read of existing resource/state; no external side-effect observed in summary/description
QualityOnDemand,quality-on-demand.yaml,wip,e29b052a99f215eabd8558656baa2bbf402fe03e,/sessions/{sessionId},DELETE,deleteSession,w,w,idempotent state write/removal of a resource owned by the caller; no external notification/money/live-session effect beyond ending what the caller itself created
QualityOnDemand,quality-on-demand.yaml,wip,e29b052a99f215eabd8558656baa2bbf402fe03e,/sessions/{sessionId}/extend,POST,extendQosSessionDuration,x,x,non-idempotent operation; treated as consequential by default (create/verify/send/trigger)
QualityOnDemand,quality-on-demand.yaml,wip,e29b052a99f215eabd8558656baa2bbf402fe03e,/retrieve-sessions,POST,retrieveSessionsByDevice,x,x,non-idempotent operation; treated as consequential by default (create/verify/send/trigger)
RegionDeviceCount,region-device-count.yaml,wip,70ca5cbd1e781948f3826813187ead8622a5fa04,/count,POST,count,x,x,non-idempotent operation; treated as consequential by default (create/verify/send/trigger)
SessionInsights,session-insights.yaml,wip,55f5c9c77d868bd294306158a01a75e2e1ea9c55,/sessions,POST,createSession,x,x,non-idempotent operation; treated as consequential by default (create/verify/send/trigger)
SessionInsights,session-insights.yaml,wip,55f5c9c77d868bd294306158a01a75e2e1ea9c55,/sessions/{sessionId},GET,getSession,r,r,pure read of existing resource/state; no external side-effect observed in summary/description
SessionInsights,session-insights.yaml,wip,55f5c9c77d868bd294306158a01a75e2e1ea9c55,/sessions/{sessionId},DELETE,deleteSession,w,w,idempotent state write/removal of a resource owned by the caller; no external notification/money/live-session effect beyond ending what the caller itself created
SessionInsights,session-insights.yaml,wip,55f5c9c77d868bd294306158a01a75e2e1ea9c55,/retrieve-sessions,POST,retrieveSessionsByDevice,x,x,non-idempotent operation; treated as consequential by default (create/verify/send/trigger)
SessionInsights,session-insights.yaml,wip,55f5c9c77d868bd294306158a01a75e2e1ea9c55,/sessions/{sessionId}/metrics,POST,sendSessionMetrics,x,x,non-idempotent operation; treated as consequential by default (create/verify/send/trigger)
SimSwap,sim-swap-subscriptions.yaml,wip,e90aa224225d6e40533d824818b022c87162e2a8,/subscriptions,POST,createSimSwapSubscription,x,x,non-idempotent operation; treated as consequential by default (create/verify/send/trigger)
SimSwap,sim-swap-subscriptions.yaml,wip,e90aa224225d6e40533d824818b022c87162e2a8,/subscriptions,GET,retrieveSubscriptionList,r,r,pure read of existing resource/state; no external side-effect observed in summary/description
SimSwap,sim-swap-subscriptions.yaml,wip,e90aa224225d6e40533d824818b022c87162e2a8,/subscriptions/{subscriptionId},GET,retrieveSubscription,r,r,pure read of existing resource/state; no external side-effect observed in summary/description
SimSwap,sim-swap-subscriptions.yaml,wip,e90aa224225d6e40533d824818b022c87162e2a8,/subscriptions/{subscriptionId},DELETE,deleteSubscription,w,w,idempotent state write/removal of a resource owned by the caller; no external notification/money/live-session effect beyond ending what the caller itself created
SimSwap,sim-swap.yaml,wip,e90aa224225d6e40533d824818b022c87162e2a8,/retrieve-date,POST,retrieveSimSwapDate,x,x,non-idempotent operation; treated as consequential by default (create/verify/send/trigger)
SimSwap,sim-swap.yaml,wip,e90aa224225d6e40533d824818b022c87162e2a8,/check,POST,checkSimSwap,x,x,non-idempotent operation; treated as consequential by default (create/verify/send/trigger)
SimSwap,sim-swap.yaml,wip,e90aa224225d6e40533d824818b022c87162e2a8,/retrieve-age-band,POST,retrieveSimSwapAgeBand,x,x,non-idempotent operation; treated as consequential by default (create/verify/send/trigger)
SimpleEdgeDiscovery,simple-edge-discovery.yaml,wip,5cc97ff19a7ffc0b8073cf63e4b69d21515ab564,/retrieve-closest-edge-cloud-zone,POST,readClosestEdgeCloudZone,x,x,non-idempotent operation; treated as consequential by default (create/verify/send/trigger)
SponsoredData,sponsored_data.yaml,wip,d8f5c614b60fad89b5f7e309b58ed12448fccd6d,/sponsorship,POST,startSponsorship,x,x,non-idempotent operation; treated as consequential by default (create/verify/send/trigger)
SponsoredData,sponsored_data.yaml,wip,d8f5c614b60fad89b5f7e309b58ed12448fccd6d,/sponsorship/{sponsorId}/{campaignId}/{sessionId}/session-status,GET,getSessionStatus,r,r,pure read of existing resource/state; no external side-effect observed in summary/description
SponsoredData,sponsored_data.yaml,wip,d8f5c614b60fad89b5f7e309b58ed12448fccd6d,/sponsorship/{sponsorId}/{campaignId}/{sessionId}/revoke,DELETE,revokeSponsorship,w,w,idempotent state write/removal of a resource owned by the caller; no external notification/money/live-session effect beyond ending what the caller itself created
SponsoredData,sponsored_data.yaml,wip,d8f5c614b60fad89b5f7e309b58ed12448fccd6d,/campaign/{sponsorId}/{campaignId}/campaign-status,GET,getCampaignStatus,r,r,pure read of existing resource/state; no external side-effect observed in summary/description
SponsoredData,sponsored_data.yaml,wip,d8f5c614b60fad89b5f7e309b58ed12448fccd6d,/campaign/{sponsorId}/{campaignId}/active-sponsorships,GET,getActiveSponsorships,r,r,pure read of existing resource/state; no external side-effect observed in summary/description
SponsoredData,sponsored_data.yaml,wip,d8f5c614b60fad89b5f7e309b58ed12448fccd6d,/campaign/{sponsorId}/{campaignId}/alert-subscription,POST,configureAlerts,x,x,non-idempotent operation; treated as consequential by default (create/verify/send/trigger)
SponsoredData,sponsored_data.yaml,wip,d8f5c614b60fad89b5f7e309b58ed12448fccd6d,/campaign/management,POST,manageCampaign,x,x,non-idempotent operation; treated as consequential by default (create/verify/send/trigger)
SubscriptionStatus,subscription-status.yaml,wip,9adaaa9a815eb8ce3b58c5281a013361b4da2ad9,/retrieve-subscription-status,POST,retrieveSubscriptionStatus,x,x,non-idempotent operation; treated as consequential by default (create/verify/send/trigger)
Tenure,kyc-tenure.yaml,wip,81c5522a6191882f85c30ab7f09d81927dcbf11b,/check-tenure,POST,checkTenure,x,x,non-idempotent operation; treated as consequential by default (create/verify/send/trigger)
TrafficInfluence,traffic-influence.yaml,wip,fbb45cb276a435237f73c42de6d7e8307cee5cfe,/traffic-influences,GET,getAllTrafficInfluences,r,r,pure read of existing resource/state; no external side-effect observed in summary/description
TrafficInfluence,traffic-influence.yaml,wip,fbb45cb276a435237f73c42de6d7e8307cee5cfe,/traffic-influences,POST,postTrafficInfluence,x,x,non-idempotent operation; treated as consequential by default (create/verify/send/trigger)
TrafficInfluence,traffic-influence.yaml,wip,fbb45cb276a435237f73c42de6d7e8307cee5cfe,/traffic-influence-devices,POST,postTrafficInfluenceDevice,x,x,non-idempotent operation; treated as consequential by default (create/verify/send/trigger)
TrafficInfluence,traffic-influence.yaml,wip,fbb45cb276a435237f73c42de6d7e8307cee5cfe,/traffic-influences/{trafficInfluenceID},GET,getTrafficInfluenceById,r,r,pure read of existing resource/state; no external side-effect observed in summary/description
TrafficInfluence,traffic-influence.yaml,wip,fbb45cb276a435237f73c42de6d7e8307cee5cfe,/traffic-influences/{trafficInfluenceID},PATCH,patchTrafficInfluence,x,x,non-idempotent operation; treated as consequential by default (create/verify/send/trigger)
TrafficInfluence,traffic-influence.yaml,wip,fbb45cb276a435237f73c42de6d7e8307cee5cfe,/traffic-influences/{trafficInfluenceID},DELETE,deleteTrafficInfluence,w,w,idempotent state write/removal of a resource owned by the caller; no external notification/money/live-session effect beyond ending what the caller itself created
VerifiedCaller,brand-registration.yaml,wip,a6ae039a677c1a0499ef018ed8da06983324c786,/registrations,POST,createRegistration,x,x,non-idempotent operation; treated as consequential by default (create/verify/send/trigger)
VerifiedCaller,brand-registration.yaml,wip,a6ae039a677c1a0499ef018ed8da06983324c786,/registrations,GET,readRegistrations,r,r,pure read of existing resource/state; no external side-effect observed in summary/description
VerifiedCaller,brand-registration.yaml,wip,a6ae039a677c1a0499ef018ed8da06983324c786,/registrations/{registrationId},GET,readRegistration,r,r,pure read of existing resource/state; no external side-effect observed in summary/description
VerifiedCaller,brand-registration.yaml,wip,a6ae039a677c1a0499ef018ed8da06983324c786,/registrations/{registrationId},DELETE,deleteRegistration,w,w,idempotent state write/removal of a resource owned by the caller; no external notification/money/live-session effect beyond ending what the caller itself created
VerifiedCaller,brand-registration.yaml,wip,a6ae039a677c1a0499ef018ed8da06983324c786,/registrations/{registrationId},PUT,updateRegistration,w,w,idempotent state write/removal of a resource owned by the caller; no external notification/money/live-session effect beyond ending what the caller itself created
VerifiedCaller,verified-caller.yaml,wip,a6ae039a677c1a0499ef018ed8da06983324c786,/pre-announce,POST,createPreAnnouncement,x,x,non-idempotent operation; treated as consequential by default (create/verify/send/trigger)
WebRTC,webrtc-call-handling.yaml,wip,debdf4e9de51bcf6b24790675c720210049cf0ae,/sessions,POST,createSession,x,x,non-idempotent operation; treated as consequential by default (create/verify/send/trigger)
WebRTC,webrtc-call-handling.yaml,wip,debdf4e9de51bcf6b24790675c720210049cf0ae,/sessions/{mediaSessionId},GET,getSessionDetailsById,r,r,pure read of existing resource/state; no external side-effect observed in summary/description
WebRTC,webrtc-call-handling.yaml,wip,debdf4e9de51bcf6b24790675c720210049cf0ae,/sessions/{mediaSessionId},DELETE,deleteSessionById,w,w,idempotent state write/removal of a resource owned by the caller; no external notification/money/live-session effect beyond ending what the caller itself created
WebRTC,webrtc-call-handling.yaml,wip,debdf4e9de51bcf6b24790675c720210049cf0ae,/sessions/{mediaSessionId}/status,PUT,updateSessionStatus,w,x,"PUT accepts a MediaSessionStatusChange whose enumerated statuses include Connected/Ringing/Hold/Resume — i.e. this endpoint performs live call control (answer, hold, resume, and per examples can carry SDP/location) on an active session touching another party in real time. Default per method is w (idempotent state write); true effect is an x-class real-time network action."
WebRTC,webrtc-events-subscriptions.yaml,wip,debdf4e9de51bcf6b24790675c720210049cf0ae,/subscriptions,POST,createNotificationChannelSubscription,x,x,non-idempotent operation; treated as consequential by default (create/verify/send/trigger)
WebRTC,webrtc-events-subscriptions.yaml,wip,debdf4e9de51bcf6b24790675c720210049cf0ae,/subscriptions,GET,retrieveNotificationChannelSubscriptionList,r,r,pure read of existing resource/state; no external side-effect observed in summary/description
WebRTC,webrtc-events-subscriptions.yaml,wip,debdf4e9de51bcf6b24790675c720210049cf0ae,/subscriptions/{subscriptionId},GET,retrieveNotificationChannelSubscription,r,r,pure read of existing resource/state; no external side-effect observed in summary/description
WebRTC,webrtc-events-subscriptions.yaml,wip,debdf4e9de51bcf6b24790675c720210049cf0ae,/subscriptions/{subscriptionId},PUT,updateNotificationChannelSubscription,w,w,idempotent state write/removal of a resource owned by the caller; no external notification/money/live-session effect beyond ending what the caller itself created
WebRTC,webrtc-events-subscriptions.yaml,wip,debdf4e9de51bcf6b24790675c720210049cf0ae,/subscriptions/{subscriptionId},DELETE,deleteNotificationChannelSubscription,w,w,idempotent state write/removal of a resource owned by the caller; no external notification/money/live-session effect beyond ending what the caller itself created
WebRTC,webrtc-registration.yaml,wip,debdf4e9de51bcf6b24790675c720210049cf0ae,/sessions,GET,getRegistrationsByDeviceId,r,r,pure read of existing resource/state; no external side-effect observed in summary/description
WebRTC,webrtc-registration.yaml,wip,debdf4e9de51bcf6b24790675c720210049cf0ae,/sessions,POST,createRegistration,x,x,non-idempotent operation; treated as consequential by default (create/verify/send/trigger)
WebRTC,webrtc-registration.yaml,wip,debdf4e9de51bcf6b24790675c720210049cf0ae,/sessions/{registrationId},GET,getRegistrationById,r,r,pure read of existing resource/state; no external side-effect observed in summary/description
WebRTC,webrtc-registration.yaml,wip,debdf4e9de51bcf6b24790675c720210049cf0ae,/sessions/{registrationId},PUT,updateRegistrationById,w,w,idempotent state write/removal of a resource owned by the caller; no external notification/money/live-session effect beyond ending what the caller itself created
WebRTC,webrtc-registration.yaml,wip,debdf4e9de51bcf6b24790675c720210049cf0ae,/sessions/{registrationId},DELETE,deleteRegistrationById,w,w,idempotent state write/removal of a resource owned by the caller; no external notification/money/live-session effect beyond ending what the caller itself created
eSimRemoteManagement,esim-remote-management.yaml,wip,a9cbb8a4f9738718aeb5cca72231df86cf4d1867,/profile/result/query,POST,profileResultQuery,x,x,non-idempotent operation; treated as consequential by default (create/verify/send/trigger)
eSimRemoteManagement,esim-remote-management.yaml,wip,a9cbb8a4f9738718aeb5cca72231df86cf4d1867,/profile/oper,POST,profileOperation,x,x,non-idempotent operation; treated as consequential by default (create/verify/send/trigger)
eSimRemoteManagement,esim-remote-management.yaml,wip,a9cbb8a4f9738718aeb5cca72231df86cf4d1867,/profile/downloaded-list,POST,profileList,x,x,non-idempotent operation; treated as consequential by default (create/verify/send/trigger)
eSimRemoteManagement,esim-remote-management.yaml,wip,a9cbb8a4f9738718aeb5cca72231df86cf4d1867,/profile/download,POST,profileDownload,x,x,non-idempotent operation; treated as consequential by default (create/verify/send/trigger)
