set,repo,method,operationId,summary,tool_class,gt_class,confidence,destructive,d_rule
camara,ApplicationEndpointDiscovery,POST,getOptimalAppEndpoints,Returns the Endpoint(s) of the optimal Application Instance(s) to the user device identified in the request.,x,r,low,false,D3-not-destructive
camara,ApplicationProfiles,PATCH,updateApplicationProfile,Update an Application Profile,x,w,high,false,D3-not-destructive
camara,CallForwardingSignal,POST,retrieveCallForwarding,Retrieve the information about the type of call forwarding service active on a phone number (PhoneNumber),x,r,low,false,D3-not-destructive
camara,CarrierBillingCheckOut,POST,cancelPayment,Cancel a payment,x,w,high,true,D2-verb-destructive
camara,ConnectedNetworkType,DELETE,deleteConnectedNetworkTypeSubscription,Delete connected network type event subscription for a device,x,w,high,true,D1-method-delete
camara,ConsentInfo,POST,retrieveStatus,Create a request to retrieve the validity status of the data processing,x,r,high,false,D3-not-destructive
camara,DeviceAuthenticity,POST,checkImeiStatus,Check the register status of a device using its IMEI,x,r,low,false,D3-not-destructive
camara,DeviceIdentifier,POST,retrieveType,Get details about the type of device being used by a given mobile subscriber,x,r,low,false,D3-not-destructive
camara,DeviceIdentifier,POST,retrievePpid,Get a pseudonymous identifier for device being used by a given mobile subscriber,x,r,low,false,D3-not-destructive
camara,DeviceRoamingStatus,DELETE,deleteDeviceRoamingStatusSubscription,Delete a device-roaming-status event subscription for a device,x,w,low,true,D1-method-delete
camara,EdgeApplicationManagement,DELETE,deleteApp,Delete an Application from an Edge Cloud Provider,x,w,low,true,D1-method-delete
camara,EdgeApplicationManagement,DELETE,deleteAppInstance,Terminate an Application Instance,x,w,high,true,D1-method-delete
camara,EdgeApplicationManagement,DELETE,deleteAppDeployment,Terminate an Application Deployment,x,w,high,true,D1-method-delete
camara,EdgeApplicationManagement,PATCH,updateAppDeployment,Update an Application Deployment,x,w,high,false,D3-not-destructive
camara,IoTSIMFraudPrevention,DELETE,deleteSubscription,Delete subscription,x,w,low,true,D1-method-delete
camara,IoTSIMFraudPrevention,POST,query,IoT SIM Fraud Prevention Query,x,r,method-only,false,D3-not-destructive
camara,KnowYourCustomerAgeVerification,POST,verifyAge,Verify Age Threshold,x,r,method-only,false,D3-not-destructive
camara,KnowYourCustomerMatch,POST,kycMatch,Matching a customer identity by checking a set of attributes related against the account data bound to their phone number.,x,r,method-only,false,D3-not-destructive
camara,MostFrequentLocation,POST,verifyFrequentLocation,Verify the most frequent location of a device,x,r,high,false,D3-not-destructive
camara,NetworkAccessManagement,DELETE,deleteRebootRequest,Delete an existing Reboot Request,x,w,low,true,D1-method-delete
camara,NetworkAccessManagement,POST,createTrustDomain,Create a new Trust Domain,x,w,high,false,D3-not-destructive
camara,NetworkAccessManagement,PATCH,updateTrustDomain,Update a specific Trust Domain,x,w,high,false,D3-not-destructive
camara,NetworkAccessManagement,DELETE,deleteTrustDomain,Delete a specific Trust Domain,x,w,low,true,D1-method-delete
camara,NetworkAccessManagement,PATCH,updateTrustDomainDevice,Update a device in a Trust Domain,x,w,high,false,D3-not-destructive
camara,NetworkAccessManagement,DELETE,deleteTrustDomainDevice,Remove a device from a Trust Domain,x,w,low,true,D1-method-delete
camara,NetworkSliceBooking,POST,retrieveSlicesByDevice,Retrieve all network slices by device,x,r,low,false,D3-not-destructive
camara,NetworkSliceBooking,DELETE,deleteSlice,Delete a network slice,x,w,high,true,D1-method-delete
camara,NumberVerification,POST,phoneNumberVerify,Verifies if the received hashed/plain text phone number matches the phone number associated with the access token,x,r,high,false,D3-not-destructive
camara,OptimalEdgeDiscovery,POST,discoverOptimalEdge,Discover optimal edge cloud zones for deployed applications,x,r,method-only,false,D3-not-destructive
camara,PredictiveConnectivityData,POST,retrieveConnectivity,Obtain connectivity information in the specified area,x,r,high,false,D3-not-destructive
camara,QualityOnDemand,POST,retrieveQosProfiles,Retrieve QoS profiles,x,r,low,false,D3-not-destructive
camara,QualityOnDemand,DELETE,revokeQosAssignment,Revokes a QoS profile assignment identified by an assignment record ID,x,w,high,true,D1-method-delete
camara,QualityOnDemand,POST,getQosAssignmentByDevice,Returns the assignment record details of the QoS profile assignment for a device,x,r,high,false,D3-not-destructive
camara,QualityOnDemand,DELETE,deleteSession,Delete a QoS session,x,w,high,true,D1-method-delete
camara,QualityOnDemand,POST,retrieveSessionsByDevice,Get QoS session information for a device,x,r,high,false,D3-not-destructive
camara,SessionInsights,DELETE,deleteSession,Delete session,x,w,high,true,D1-method-delete
camara,SessionInsights,POST,retrieveSessionsByDevice,Retrieve Session Insights sessions by device,x,r,low,false,D3-not-destructive
camara,SimpleEdgeDiscovery,POST,readClosestEdgeCloudZone,Returns the name of the Edge Cloud Zone closest to user device identified in the request.,x,r,low,false,D3-not-destructive
camara,SubscriptionStatus,POST,retrieveSubscriptionStatus,Retrieve subscription status of a phone number,x,r,low,false,D3-not-destructive
camara,WebRTC,DELETE,deleteNotificationChannelSubscription,Delete a webrtc-events event subscription,x,w,low,true,D1-method-delete
camara,WebRTC,PUT,updateRegistrationById,Refresh network registration.,x,w,low,false,D3-not-destructive
camara,WebRTC,DELETE,deleteRegistrationById,Delete Registration Session.,x,w,high,true,D1-method-delete
camara,BlockchainPublicAddress,POST,retrieveBlockchainPublicAddress,Retrieves Blockchain Public Address associated with a mobile phone number.,x,r,low,false,D3-not-destructive
camara,BlockchainPublicAddress,DELETE,deleteBlockchainPublicAddress,Unbinds Blockchain Public Address association to a mobile phone number,x,w,low,true,D1-method-delete
camara,ConsentManagement,PATCH,updateConsent,Update User Consent,x,w,high,false,D3-not-destructive
camara,DeviceDataVolume,DELETE,deleteDeviceDataVolumeSubscription,Delete a device data volume event subscription,x,w,low,true,D1-method-delete
camara,DeviceDataVolume,POST,retrieveDataVolume,Execute device data volume retrieval for a user device,x,r,high,false,D3-not-destructive
camara,DeviceLocation,POST,retrieveLocation,Execute location retrieval for a user device,x,r,high,false,D3-not-destructive
camara,DeviceLocation,POST,verifyLocation,Verify the location of a device,x,r,high,false,D3-not-destructive
camara,DeviceReachabilityStatus,DELETE,deleteDeviceReachabilityStatusSubscription,Delete a device reachability status event subscription for a device,x,w,low,true,D1-method-delete
camara,DeviceStatus,DELETE,deleteConnectedNetworkTypeSubscription,Delete connected network type event subscription for a device,x,w,high,true,D1-method-delete
camara,DeviceStatus,DELETE,deleteDeviceReachabilityStatusSubscription,Delete a device reachability status event subscription for a device,x,w,low,true,D1-method-delete
camara,DeviceStatus,DELETE,deleteDeviceRoamingStatusSubscription,Delete a device-roaming-status event subscription for a device,x,w,low,true,D1-method-delete
camara,KnowYourCustomer,POST,verifyAge,Verify Age Threshold,x,r,method-only,false,D3-not-destructive
camara,KnowYourCustomer,POST,KYC_Fill-in,Providing information related to a customer identity stored the account data bound to the customer's phone number.,x,r,high,false,D3-not-destructive
camara,KnowYourCustomer,POST,KYC_Match,Matching a customer identity by checking a set of attributes related against the account data bound to their phone number.,x,r,method-only,false,D3-not-destructive
camara,KnowYourCustomerFill-in,POST,kycFillin,Providing information related to a customer identity stored the account data bound to the customer's phone number.,x,r,high,false,D3-not-destructive
camara,ModelAsAService,PUT,updateAssistant,Update a QA assistant,x,w,low,false,D3-not-destructive
camara,ModelAsAService,DELETE,deleteAssistant,Delete a QA assistant,x,w,high,true,D1-method-delete
camara,MultiPointVPN,PATCH,updateNetwork,To update a multipoint virtual private network,x,w,high,false,D3-not-destructive
camara,MultiPointVPN,DELETE,deleteNetwork,Delete multipoint virtual private network,x,w,high,true,D1-method-delete
camara,MultiPointVPN,POST,assessConnectionFeasibility,Assess Multipoint VPN connection feasibility,x,r,method-only,false,D3-not-destructive
camara,NumberRecycling,POST,checkNumberRecycling,Check whether the subscriber of the phone number has changed.,x,r,low,false,D3-not-destructive
camara,OTPValidation,POST,validateCode,Verifies the OTP received as input,x,w,method-only,false,D3-not-destructive
camara,PopulationDensityData,POST,retrievePopulationDensity,Retrieves population density information in a specified area,x,r,high,false,D3-not-destructive
camara,QoSBooking,DELETE,deleteBooking,This operation cancels an existing QoS Booking and release the associated resources.,x,w,low,true,D1-method-delete
camara,QoSBooking,POST,retrieveBookingByDevice,Retrieves all the bookings that corresponds to a device,x,r,high,false,D3-not-destructive
camara,QoSBooking,DELETE,deleteBooking,Deletes a QoS Booking,x,w,low,true,D1-method-delete
camara,QoSBooking,POST,retrieveBookingByDevice,Gets the QoS Booking for a device,x,r,high,false,D3-not-destructive
camara,RegionDeviceCount,POST,count,API operation to get the device count in the specified area during a certain time interval.,x,r,high,false,D3-not-destructive
camara,SimSwap,POST,retrieveSimSwapAgeBand,Retrieve SIM swap age band,x,r,low,false,D3-not-destructive
camara,SponsoredData,POST,manageCampaign,Campaign Management,x,w,high,false,D3-not-destructive
camara,Tenure,POST,checkTenure,The KYC Tenure service API,x,r,high,false,D3-not-destructive
camara,VerifiedCaller,PUT,updateRegistration,Update an existing brand registration in the service platform,x,w,high,false,D3-not-destructive
holdout1,twilio,POST,UpdateAccount,Modify the properties of a given Account,x,w,high,false,D3-not-destructive
holdout1,twilio,POST,UpdateAddress,,x,w,high,false,D3-not-destructive
holdout1,twilio,POST,UpdateApplication,Updates the application's properties,x,w,high,false,D3-not-destructive
holdout1,twilio,DELETE,DeleteApplication,Delete the application by the specified application sid,x,w,low,true,D1-method-delete
holdout1,twilio,DELETE,DeleteCall,"Delete a Call record from your account. Once the record is deleted, it will no longer appear in the API and Account Portal logs.",x,w,low,true,D1-method-delete
holdout1,twilio,DELETE,DeleteCallRecording,Delete a recording from your account,x,w,low,true,D1-method-delete
holdout1,twilio,DELETE,DeleteConferenceRecording,Delete a recording from your account,x,w,low,true,D1-method-delete
holdout1,twilio,POST,UpdateConnectApp,Update a connect-app with the specified parameters,x,w,high,false,D3-not-destructive
holdout1,twilio,POST,UpdateIncomingPhoneNumber,Update an incoming-phone-number instance.,x,w,high,false,D3-not-destructive
holdout1,twilio,DELETE,DeleteIncomingPhoneNumber,Delete a phone-numbers belonging to the account used to make the request.,x,w,low,true,D1-method-delete
holdout1,twilio,DELETE,DeleteIncomingPhoneNumberAssignedAddOn,Remove the assignment of an Add-on installation from the Number specified.,x,w,high,true,D1-method-delete
holdout1,twilio,POST,UpdateKey,,x,w,high,false,D3-not-destructive
holdout1,twilio,DELETE,DeleteMedia,Delete the Media resource.,x,w,low,true,D1-method-delete
holdout1,twilio,POST,UpdateMessage,Update a Message resource (used to redact Message `body` text and to cancel not-yet-sent messages),x,w,high,false,D3-not-destructive
holdout1,twilio,DELETE,DeleteMessage,Deletes a Message resource from your account,x,w,low,true,D1-method-delete
holdout1,twilio,POST,CreateMessageFeedback,Create Message Feedback to confirm a tracked user action was performed by the recipient of the associated Message,x,w,high,false,D3-not-destructive
holdout1,twilio,POST,UpdateOutgoingCallerId,Updates the caller-id,x,w,high,false,D3-not-destructive
holdout1,twilio,DELETE,DeleteOutgoingCallerId,Delete the caller-id specified from the account,x,w,high,true,D1-method-delete
holdout1,twilio,POST,UpdateQueue,Update the queue with the new parameters,x,w,high,false,D3-not-destructive
holdout1,twilio,DELETE,DeleteRecordingAddOnResult,Delete a result and purge all associated Payloads,x,w,low,true,D1-method-delete
holdout1,twilio,DELETE,DeleteRecordingAddOnResultPayload,Delete a payload from the result along with all associated Data,x,w,low,true,D1-method-delete
holdout1,twilio,POST,UpdateShortCode,Update a short code with the following parameters,x,w,high,false,D3-not-destructive
holdout1,twilio,POST,UpdateSigningKey,,x,w,high,false,D3-not-destructive
holdout1,twilio,DELETE,DeleteSipAuthCallsCredentialListMapping,Delete a credential list mapping from the requested domain,x,w,low,true,D1-method-delete
holdout1,twilio,DELETE,DeleteSipAuthCallsIpAccessControlListMapping,Delete an IP Access Control List mapping from the requested domain,x,w,low,true,D1-method-delete
holdout1,twilio,POST,UpdateSipCredential,Update a credential resource.,x,w,high,false,D3-not-destructive
holdout1,twilio,POST,UpdateSipCredentialList,Update a Credential List,x,w,high,false,D3-not-destructive
holdout1,twilio,DELETE,DeleteSipCredentialListMapping,Delete a CredentialListMapping resource from an account.,x,w,low,true,D1-method-delete
holdout1,twilio,POST,UpdateSipDomain,Update the attributes of a domain,x,w,high,false,D3-not-destructive
holdout1,twilio,POST,UpdateSipIpAccessControlList,Rename an IpAccessControlList,x,w,high,false,D3-not-destructive
holdout1,twilio,POST,UpdateSipIpAddress,Update an IpAddress resource.,x,w,high,false,D3-not-destructive
holdout1,twilio,POST,UpdateSiprec,Stop a Siprec using either the SID of the Siprec resource or the `name` used when creating the resource,x,w,high,false,D3-not-destructive
holdout1,twilio,DELETE,DeleteTranscription,Delete a transcription from the account used to make the request,x,w,low,true,D1-method-delete
holdout1,twilio,POST,UpdateUsageTrigger,Update an instance of a usage trigger,x,w,high,false,D3-not-destructive
holdout1,twilio,DELETE,DeleteUsageTrigger,,x,w,low,true,D1-method-delete
holdout1,twilio,DELETE,DeleteUserDefinedMessageSubscription,Delete a specific User Defined Message Subscription.,x,w,low,true,D1-method-delete
holdout1,stripe,DELETE,DeleteAccountsAccountBankAccountsId,Delete an external account,x,w,low,true,D1-method-delete
holdout1,stripe,DELETE,DeleteAccountsAccountExternalAccountsId,Delete an external account,x,w,low,true,D1-method-delete
holdout1,stripe,DELETE,DeleteAccountsAccountPeoplePerson,Delete a person,x,w,low,true,D1-method-delete
holdout1,stripe,DELETE,DeleteAccountsAccountPersonsPerson,Delete a person,x,w,low,true,D1-method-delete
holdout1,stripe,DELETE,DeleteApplePayDomainsDomain,,x,w,low,true,D1-method-delete
holdout1,stripe,DELETE,DeleteSubscriptionItemsItem,Delete a subscription item,x,w,low,true,D1-method-delete
holdout1,github,DELETE,code-security/delete-configuration-for-enterprise,Delete a code security configuration for an enterprise,x,w,low,true,D1-method-delete
holdout1,github,PUT,dependabot/set-repository-access-default-level-for-enterprise,Set the default repository access level for Dependabot in an enterprise,x,w,low,false,D3-not-destructive
holdout1,github,DELETE,activity/mark-thread-as-done,Mark a thread as done,x,w,low,true,D1-method-delete
holdout1,github,PUT,actions/set-actions-cache-storage-limit-for-organization,Set GitHub Actions cache storage limit for an organization,x,w,high,false,D3-not-destructive
holdout1,github,DELETE,actions/delete-custom-image-version-from-org,Delete an image version of custom image from the organization,x,w,high,true,D1-method-delete
holdout1,github,PUT,actions/set-github-actions-permissions-organization,Set GitHub Actions permissions for an organization,x,w,high,false,D3-not-destructive
holdout1,github,PUT,actions/set-selected-repositories-enabled-github-actions-organization,Set selected repositories enabled for GitHub Actions in an organization,x,w,low,false,D3-not-destructive
holdout1,github,PUT,actions/set-self-hosted-runners-permissions-organization,Set self-hosted runners settings for an organization,x,w,high,false,D3-not-destructive
holdout1,github,PUT,actions/set-github-actions-default-workflow-permissions-organization,Set default workflow permissions for an organization,x,w,high,false,D3-not-destructive
holdout1,github,PUT,actions/add-repo-access-to-self-hosted-runner-group-in-org,Add repository access to a self-hosted runner group in an organization,x,w,high,false,D3-not-destructive
holdout1,github,DELETE,actions/delete-self-hosted-runner-from-org,Delete a self-hosted runner from an organization,x,w,high,true,D1-method-delete
holdout1,github,DELETE,actions/delete-org-secret,Delete an organization secret,x,w,low,true,D1-method-delete
holdout1,github,PUT,actions/add-selected-repo-to-org-secret,Add selected repository to an organization secret,x,w,high,false,D3-not-destructive
holdout1,github,PUT,actions/add-selected-repo-to-org-variable,Add selected repository to an organization variable,x,w,high,false,D3-not-destructive
holdout1,github,DELETE,agents/remove-selected-repo-from-org-secret,Remove selected repository from an organization secret,x,w,high,true,D1-method-delete
holdout1,github,DELETE,agents/remove-selected-repo-from-org-variable,Remove selected repository from an organization variable,x,w,high,true,D1-method-delete
holdout1,github,DELETE,orgs/unblock-user,Unblock a user from an organization,x,w,high,true,D1-method-delete
holdout1,github,DELETE,code-security/delete-configuration,Delete a code security configuration,x,w,low,true,D1-method-delete
holdout1,github,DELETE,codespaces/delete-org-secret,Delete an organization secret,x,w,low,true,D1-method-delete
holdout1,github,PUT,codespaces/add-selected-repo-to-org-secret,Add selected repository to an organization secret,x,w,high,false,D3-not-destructive
holdout1,github,PUT,copilot/enable-copilot-coding-agent-for-repository-in-organization,Enable a repository for Copilot cloud agent in an organization,x,w,high,false,D3-not-destructive
holdout1,github,PUT,dependabot/create-or-update-org-secret,Create or update an organization secret,x,w,high,false,D3-not-destructive
holdout1,github,DELETE,orgs/delete-webhook,Delete an organization webhook,x,w,low,true,D1-method-delete
holdout1,github,DELETE,orgs/delete-issue-field,Delete issue field for an organization,x,w,high,true,D1-method-delete
holdout1,github,DELETE,migrations/unlock-repo-for-org,Unlock an organization repository,x,w,low,true,D1-method-delete
holdout1,github,DELETE,projects/delete-item-for-org,Delete project item for organization,x,w,low,true,D1-method-delete
holdout1,github,PUT,orgs/set-public-membership-for-authenticated-user,Set public organization membership for the authenticated user,x,w,low,false,D3-not-destructive
holdout1,github,DELETE,orgs/disable-selected-repository-immutable-releases-organization,Disable a selected repository for immutable releases in an organization,x,w,high,true,D1-method-delete
holdout1,github,DELETE,actions/delete-actions-cache-by-key,Delete GitHub Actions caches for a repository (using a cache key),x,w,high,true,D1-method-delete
holdout1,github,PUT,actions/set-workflow-access-to-repository,Set the level of access for workflows outside of the repository,x,w,high,false,D3-not-destructive
holdout1,github,PUT,actions/set-allowed-actions-repository,Set allowed actions and reusable workflows for a repository,x,w,high,false,D3-not-destructive
holdout1,github,PUT,actions/set-custom-labels-for-self-hosted-runner-for-repo,Set custom labels for a self-hosted runner for a repository,x,w,high,false,D3-not-destructive
holdout1,github,DELETE,actions/delete-repo-secret,Delete a repository secret,x,w,low,true,D1-method-delete
holdout1,github,PUT,actions/enable-workflow,Enable a workflow,x,w,low,false,D3-not-destructive
holdout1,github,DELETE,repos/delete-autolink,Delete an autolink reference from a repository,x,w,low,true,D1-method-delete
holdout1,github,PUT,repos/update-branch-protection,Update branch protection,x,w,low,false,D3-not-destructive
holdout1,github,DELETE,repos/remove-status-check-protection,Remove status check protection,x,w,low,true,D1-method-delete
holdout1,github,DELETE,codespaces/delete-repo-secret,Delete a repository secret,x,w,low,true,D1-method-delete
holdout1,github,DELETE,dependabot/delete-repo-secret,Delete a repository secret,x,w,low,true,D1-method-delete
holdout1,github,PUT,repos/create-or-update-environment,Create or update an environment,x,w,high,false,D3-not-destructive
holdout1,github,DELETE,actions/delete-environment-secret,Delete an environment secret,x,w,low,true,D1-method-delete
holdout1,github,DELETE,repos/delete-webhook,Delete a repository webhook,x,w,low,true,D1-method-delete
holdout1,github,PUT,interactions/set-pull-request-bypass-list-for-repo,Add users to the pull request creation cap bypass list for a repository,x,w,high,false,D3-not-destructive
holdout1,github,PUT,issues/pin-comment,Pin an issue comment,x,w,low,false,D3-not-destructive
holdout1,github,PUT,activity/mark-repo-notifications-as-read,Mark repository notifications as read,x,w,low,false,D3-not-destructive
holdout1,github,PUT,repos/enable-private-vulnerability-reporting,Enable private vulnerability reporting for a repository,x,w,high,false,D3-not-destructive
holdout1,github,PUT,pulls/dismiss-review,Dismiss a review for a pull request,x,w,low,false,D3-not-destructive
holdout1,github,DELETE,reactions/delete-for-release,Delete a release reaction,x,w,low,true,D1-method-delete
holdout1,github,DELETE,activity/delete-repo-subscription,Delete a repository subscription,x,w,low,true,D1-method-delete
holdout1,github,PUT,repos/enable-vulnerability-alerts,Enable vulnerability alerts,x,w,low,false,D3-not-destructive
holdout1,github,DELETE,users/unblock,Unblock a user,x,w,high,true,D1-method-delete
holdout1,github,PUT,codespaces/set-repositories-for-secret-for-authenticated-user,Set selected repositories for a user secret,x,w,high,false,D3-not-destructive
holdout1,github,DELETE,users/delete-email-for-authenticated-user,Delete an email address for the authenticated user,x,w,low,true,D1-method-delete
holdout1,github,DELETE,users/delete-public-ssh-key-for-authenticated-user,Delete a public SSH key for the authenticated user,x,w,low,true,D1-method-delete
holdout1,github,DELETE,packages/delete-package-version-for-authenticated-user,Delete a package version for the authenticated user,x,w,low,true,D1-method-delete
holdout1,github,DELETE,activity/unstar-repo-for-authenticated-user,Unstar a repository for the authenticated user,x,w,low,true,D1-method-delete
holdout1,github,DELETE,copilot-spaces/delete-for-user,Delete a Copilot Space for a user,x,w,high,true,D1-method-delete
holdout1,github,DELETE,copilot-spaces/delete-resource-for-user,Delete a resource from a Copilot Space for a user,x,w,high,true,D1-method-delete
holdout1,github,DELETE,projects/delete-item-for-user,Delete project item for user,x,w,low,true,D1-method-delete
clean,box,POST,post_ai_ask,Ask question,x,r,high,false,D3-not-destructive
clean,box,POST,post_ai_text_gen,Generate text,x,r,high,false,D3-not-destructive
clean,box,PUT,put_ai_agents_id,Update AI agent,x,w,low,false,D3-not-destructive
clean,box,PUT,put_comments_id,Update comment,x,w,low,false,D3-not-destructive
clean,box,DELETE,delete_files_upload_sessions_id,Remove upload session,x,w,high,true,D1-method-delete
clean,box,DELETE,delete_files_id_metadata_enterprise_securityClassification-6VMVochwUWo,Remove classification from file,x,w,low,true,D1-method-delete
clean,box,POST,post_files_id_metadata_global_boxSkillsCards,Create Box Skill cards on file,x,w,high,false,D3-not-destructive
clean,box,POST,post_folders_id_metadata_enterprise_securityClassification-6VMVochwUWo,Add classification to folder,x,w,high,false,D3-not-destructive
clean,box,POST,post_metadata_cascade_policies_id_apply,Force-apply metadata cascade policy to folder,x,w,method-only,false,D3-not-destructive
clean,box,PATCH,patch_metadata_taxonomies_id_id,Update metadata taxonomy,x,w,high,false,D3-not-destructive
clean,box,PATCH,patch_metadata_taxonomies_id_id_nodes_id,Update metadata taxonomy node,x,w,high,false,D3-not-destructive
clean,box,DELETE,delete_storage_policy_assignments_id,Unassign storage policy,x,w,low,true,D1-method-delete
clean,box,PUT,put_web_links_id#add_shared_link,Add shared link to web link,x,w,low,false,D3-not-destructive
clean,pagerduty,POST,createAutomationActionTeamAssociation,Associate an Automation Action with a team,x,w,method-only,false,D3-not-destructive
clean,pagerduty,PUT,updateEventEnrichment,Update an Event Enrichment,x,w,low,false,D3-not-destructive
clean,pagerduty,PUT,updateEventEnrichmentRules,Update Event Enrichment rules,x,w,low,false,D3-not-destructive
clean,pagerduty,DELETE,deleteServiceNowTable,Remove a CMDB table,x,w,low,true,D1-method-delete
clean,pagerduty,POST,migrateOrchestrationIntegration,Migrate an Integration from one Event Orchestration to another,x,w,high,false,D3-not-destructive
clean,pagerduty,PUT,updateOrchPathRouter,Update the Router for an Event Orchestration,x,w,low,false,D3-not-destructive
clean,pagerduty,POST,enableExtension,Enable an extension,x,w,high,false,D3-not-destructive
clean,pagerduty,POST,associateServiceToIncidentWorkflowTrigger,Associate a Trigger and Service,x,w,high,false,D3-not-destructive
clean,pagerduty,POST,dismissRecommendedRule,Dismiss a recommended rule,x,w,method-only,false,D3-not-destructive
clean,pagerduty,DELETE,deleteScheduleOverride,Delete an override,x,w,low,true,D1-method-delete
clean,pagerduty,PUT,updateTeamUser,Add a user to a team,x,w,low,false,D3-not-destructive
clean,pagerduty,PUT,updateUserNotificationRule,Update a user's notification rule,x,w,low,false,D3-not-destructive
clean,pagerduty,PUT,updateUserHandoffNotification,Update a User's Handoff Notification Rule,x,w,low,false,D3-not-destructive
clean,pagerduty,PUT,updateUserStatusUpdateNotificationRule,Update a user's status update notification rule,x,w,low,false,D3-not-destructive
clean,adyen,POST,post-originKeys,Create originKey values for domains,x,r,high,false,D3-not-destructive
clean,adyen,PATCH,patch-paymentLinks-linkId,Update the status of a payment link,x,w,high,false,D3-not-destructive
clean,adyen,POST,post-paymentMethods,Get a list of available payment methods,x,r,low,false,D3-not-destructive
clean,adyen,POST,post-paymentMethods-balance,Get the balance of a gift card,x,r,low,false,D3-not-destructive
clean,adyen,DELETE,delete-storedPaymentMethods-storedPaymentMethodId,Delete a token for stored payment details,x,w,high,true,D1-method-delete
clean,adyen,POST,post-validateShopperId,Validates shopper Id,x,r,method-only,false,D3-not-destructive
