set,repo,method,path,operationId,gt_class,pred,rule,evidence,summary
camara,ApplicationProfiles,PATCH,/application-profiles/{applicationProfileId},updateApplicationProfile,w,x,floor,,Update an Application Profile
camara,ConsentManagement,PATCH,/consents/{consentId},updateConsent,w,x,floor,,Update User Consent
camara,EdgeApplicationManagement,PATCH,/deployments/{appDeploymentId},updateAppDeployment,w,x,floor,,Update an Application Deployment
camara,KnowYourCustomer,POST,/fill-in,KYC_Fill-in,r,x,floor,,Providing information related to a customer identity stored the account data bound to the customer's phone number.
camara,KnowYourCustomer,POST,/match,KYC_Match,r,x,floor,,Matching a customer identity by checking a set of attributes related against the account data bound to their phone number.
camara,KnowYourCustomerFill-in,POST,/fill-in,kycFillin,r,x,floor,,Providing information related to a customer identity stored the account data bound to the customer's phone number.
camara,KnowYourCustomerMatch,POST,/match,kycMatch,r,x,floor,,Matching a customer identity by checking a set of attributes related against the account data bound to their phone number.
camara,NetworkAccessManagement,POST,/trust-domains,createTrustDomain,w,x,floor,,Create a new Trust Domain
camara,NetworkAccessManagement,PATCH,/trust-domains/{trustDomainId},updateTrustDomain,w,x,floor,,Update a specific Trust Domain
camara,NumberVerification,POST,/verify,phoneNumberVerify,r,x,floor,,Verifies if the received hashed/plain text phone number matches the phone number associated with the access token
camara,OTPValidation,POST,/validate-code,validateCode,w,x,floor,,Verifies the OTP received as input
camara,OptimalEdgeDiscovery,POST,/retrieve-optimal-edge-cloud-zones,discoverOptimalEdge,r,x,floor,,Discover optimal edge cloud zones for deployed applications
camara,SponsoredData,POST,/campaign/management,manageCampaign,w,x,floor,,Campaign Management
camara,eSimRemoteManagement,POST,/profile/result/query,profileResultQuery,r,x,floor,,Query profile operation result
camara,eSimRemoteManagement,POST,/profile/downloaded-list,profileList,r,x,floor,,Query downloaded profile list
camara,CarrierBillingCheckOut,POST,/payments/{paymentId}/cancel,cancelPayment,w,x,live-verb,opid:cancel,Cancel a payment
camara,DeviceDataVolume,POST,/retrieve,retrieveDataVolume,r,x,live-verb,summary:execute,Execute device data volume retrieval for a user device
camara,DeviceLocation,POST,/retrieve,retrieveLocation,r,x,live-verb,summary:execute,Execute location retrieval for a user device
camara,EdgeApplicationManagement,DELETE,/app-instances/{appInstanceId},deleteAppInstance,w,x,live-verb,summary:terminate,Terminate an Application Instance
camara,EdgeApplicationManagement,DELETE,/deployments/{appDeploymentId},deleteAppDeployment,w,x,live-verb,summary:terminate,Terminate an Application Deployment
camara,NetworkAccessManagement,DELETE,/reboot-requests/{rebootRequestId},deleteRebootRequest,w,x,live-verb,opid:reboot,Delete an existing Reboot Request
camara,QualityOnDemand,DELETE,/qos-assignments/{assignmentId},revokeQosAssignment,w,x,live-verb,opid:revoke,Revokes a QoS profile assignment identified by an assignment record ID
camara,MultiPointVPN,PATCH,/networks/{serviceId},updateNetwork,w,x,party-noun,summary:network,To update a multipoint virtual private network
camara,MultiPointVPN,DELETE,/networks/{serviceId},deleteNetwork,w,x,party-noun,summary:network,Delete multipoint virtual private network
camara,NetworkAccessManagement,PATCH,/trust-domains/{trustDomainId}/devices/{deviceId},updateTrustDomainDevice,w,x,party-noun,summary:device,Update a device in a Trust Domain
camara,NetworkAccessManagement,DELETE,/trust-domains/{trustDomainId}/devices/{deviceId},deleteTrustDomainDevice,w,x,party-noun,summary:device,Remove a device from a Trust Domain
camara,QualityOnDemand,DELETE,/sessions/{sessionId},deleteSession,w,x,party-noun,summary:session,Delete a QoS session
camara,SessionInsights,DELETE,/sessions/{sessionId},deleteSession,w,x,party-noun,summary:session,Delete session
camara,WebRTC,PUT,/subscriptions/{subscriptionId},updateNotificationChannelSubscription,w,x,party-noun,opid-token:channel,Update a webrtc-events event subscription
camara,WebRTC,DELETE,/subscriptions/{subscriptionId},deleteNotificationChannelSubscription,w,x,party-noun,opid-token:channel,Delete a webrtc-events event subscription
camara,WebRTC,DELETE,/sessions/{registrationId},deleteRegistrationById,w,x,party-noun,summary:session,Delete Registration Session.
holdout1,twilio,POST,/2010-04-01/Accounts/{Sid}.json,UpdateAccount,w,x,floor,,Modify the properties of a given Account
holdout1,twilio,POST,/2010-04-01/Accounts/{AccountSid}/Addresses/{Sid}.json,UpdateAddress,w,x,floor,,
holdout1,twilio,POST,/2010-04-01/Accounts/{AccountSid}/Applications/{Sid}.json,UpdateApplication,w,x,floor,,Updates the application's properties
holdout1,twilio,POST,/2010-04-01/Accounts/{AccountSid}/ConnectApps/{Sid}.json,UpdateConnectApp,w,x,floor,,Update a connect-app with the specified parameters
holdout1,twilio,POST,/2010-04-01/Accounts/{AccountSid}/IncomingPhoneNumbers/{Sid}.json,UpdateIncomingPhoneNumber,w,x,floor,,Update an incoming-phone-number instance.
holdout1,twilio,POST,/2010-04-01/Accounts/{AccountSid}/Keys/{Sid}.json,UpdateKey,w,x,floor,,
holdout1,twilio,POST,/2010-04-01/Accounts/{AccountSid}/Messages/{Sid}.json,UpdateMessage,w,x,floor,,Update a Message resource (used to redact Message `body` text and to cancel not-yet-sent messages)
holdout1,twilio,POST,/2010-04-01/Accounts/{AccountSid}/Messages/{MessageSid}/Feedback.json,CreateMessageFeedback,w,x,floor,,Create Message Feedback to confirm a tracked user action was performed by the recipient of the associated Message
holdout1,twilio,POST,/2010-04-01/Accounts/{AccountSid}/OutgoingCallerIds/{Sid}.json,UpdateOutgoingCallerId,w,x,floor,,Updates the caller-id
holdout1,twilio,POST,/2010-04-01/Accounts/{AccountSid}/Queues/{Sid}.json,UpdateQueue,w,x,floor,,Update the queue with the new parameters
holdout1,twilio,POST,/2010-04-01/Accounts/{AccountSid}/SMS/ShortCodes/{Sid}.json,UpdateShortCode,w,x,floor,,Update a short code with the following parameters
holdout1,twilio,POST,/2010-04-01/Accounts/{AccountSid}/SigningKeys/{Sid}.json,UpdateSigningKey,w,x,floor,,
holdout1,twilio,POST,/2010-04-01/Accounts/{AccountSid}/SIP/CredentialLists/{CredentialListSid}/Credentials/{Sid}.json,UpdateSipCredential,w,x,floor,,Update a credential resource.
holdout1,twilio,POST,/2010-04-01/Accounts/{AccountSid}/SIP/CredentialLists/{Sid}.json,UpdateSipCredentialList,w,x,floor,,Update a Credential List
holdout1,twilio,POST,/2010-04-01/Accounts/{AccountSid}/SIP/Domains/{Sid}.json,UpdateSipDomain,w,x,floor,,Update the attributes of a domain
holdout1,twilio,POST,/2010-04-01/Accounts/{AccountSid}/SIP/IpAccessControlLists/{Sid}.json,UpdateSipIpAccessControlList,w,x,floor,,Rename an IpAccessControlList
holdout1,twilio,POST,/2010-04-01/Accounts/{AccountSid}/SIP/IpAccessControlLists/{IpAccessControlListSid}/IpAddresses/{Sid}.json,UpdateSipIpAddress,w,x,floor,,Update an IpAddress resource.
holdout1,twilio,POST,/2010-04-01/Accounts/{AccountSid}/Calls/{CallSid}/Siprec/{Sid}.json,UpdateSiprec,w,x,floor,,Stop a Siprec using either the SID of the Siprec resource or the `name` used when creating the resource
holdout1,stripe,DELETE,/v1/apple_pay/domains/{domain},DeleteApplePayDomainsDomain,w,x,live-verb,opid:pay,
holdout1,twilio,POST,/2010-04-01/Accounts/{AccountSid}/Usage/Triggers/{Sid}.json,UpdateUsageTrigger,w,x,live-verb,opid:trigger,Update an instance of a usage trigger
holdout1,twilio,DELETE,/2010-04-01/Accounts/{AccountSid}/Usage/Triggers/{Sid}.json,DeleteUsageTrigger,w,x,live-verb,opid:trigger,
holdout1,twilio,DELETE,/2010-04-01/Accounts/{AccountSid}/Addresses/{Sid}.json,DeleteAddress,w,x,no-text,no-text,
holdout1,twilio,DELETE,/2010-04-01/Accounts/{AccountSid}/Keys/{Sid}.json,DeleteKey,w,x,no-text,no-text,
holdout1,twilio,DELETE,/2010-04-01/Accounts/{AccountSid}/Recordings/{RecordingSid}/Transcriptions/{Sid}.json,DeleteRecordingTranscription,w,x,no-text,no-text,
holdout1,twilio,DELETE,/2010-04-01/Accounts/{AccountSid}/SigningKeys/{Sid}.json,DeleteSigningKey,w,x,no-text,no-text,
holdout1,github,PUT,/organizations/{org}/actions/cache/storage-limit,actions/set-actions-cache-storage-limit-for-organization,w,x,party-noun,opid:organization,Set GitHub Actions cache storage limit for an organization
holdout1,github,PUT,/orgs/{org}/actions/permissions,actions/set-github-actions-permissions-organization,w,x,party-noun,summary:permission,Set GitHub Actions permissions for an organization
holdout1,github,PUT,/orgs/{org}/actions/permissions/repositories,actions/set-selected-repositories-enabled-github-actions-organization,w,x,party-noun,opid:organization,Set selected repositories enabled for GitHub Actions in an organization
holdout1,github,PUT,/orgs/{org}/actions/permissions/self-hosted-runners,actions/set-self-hosted-runners-permissions-organization,w,x,party-noun,opid:organization,Set self-hosted runners settings for an organization
holdout1,github,PUT,/orgs/{org}/actions/permissions/workflow,actions/set-github-actions-default-workflow-permissions-organization,w,x,party-noun,summary:permission,Set default workflow permissions for an organization
holdout1,github,PUT,/orgs/{org}/actions/runner-groups/{runner_group_id}/repositories/{repository_id},actions/add-repo-access-to-self-hosted-runner-group-in-org,w,x,party-noun,summary:access,Add repository access to a self-hosted runner group in an organization
holdout1,github,PUT,/orgs/{org}/actions/secrets/{secret_name}/repositories/{repository_id},actions/add-selected-repo-to-org-secret,w,x,party-noun,summary:repository,Add selected repository to an organization secret
holdout1,github,PUT,/orgs/{org}/actions/variables/{name}/repositories/{repository_id},actions/add-selected-repo-to-org-variable,w,x,party-noun,summary:repository,Add selected repository to an organization variable
holdout1,github,DELETE,/orgs/{org}/agents/secrets/{secret_name}/repositories/{repository_id},agents/remove-selected-repo-from-org-secret,w,x,party-noun,summary:repository,Remove selected repository from an organization secret
holdout1,github,DELETE,/orgs/{org}/agents/variables/{name}/repositories/{repository_id},agents/remove-selected-repo-from-org-variable,w,x,party-noun,summary:repository,Remove selected repository from an organization variable
holdout1,github,DELETE,/orgs/{org}/blocks/{username},orgs/unblock-user,w,x,party-noun,summary:user,Unblock a user from an organization
holdout1,github,PUT,/orgs/{org}/codespaces/secrets/{secret_name}/repositories/{repository_id},codespaces/add-selected-repo-to-org-secret,w,x,party-noun,summary:repository,Add selected repository to an organization secret
holdout1,github,PUT,/orgs/{org}/copilot/coding-agent/permissions/repositories/{repository_id},copilot/enable-copilot-coding-agent-for-repository-in-organization,w,x,party-noun,summary:repository,Enable a repository for Copilot cloud agent in an organization
holdout1,github,DELETE,/orgs/{org}/hooks/{hook_id},orgs/delete-webhook,w,x,party-noun,summary:webhook,Delete an organization webhook
holdout1,github,DELETE,/orgs/{org}/migrations/{migration_id}/repos/{repo_name}/lock,migrations/unlock-repo-for-org,w,x,party-noun,summary:repository,Unlock an organization repository
holdout1,github,DELETE,/orgs/{org}/settings/immutable-releases/repositories/{repository_id},orgs/disable-selected-repository-immutable-releases-organization,w,x,party-noun,summary:repository,Disable a selected repository for immutable releases in an organization
holdout1,github,PUT,/repos/{owner}/{repo}/actions/permissions/access,actions/set-workflow-access-to-repository,w,x,party-noun,opid:repository,Set the level of access for workflows outside of the repository
holdout1,github,PUT,/repos/{owner}/{repo}/actions/permissions/selected-actions,actions/set-allowed-actions-repository,w,x,party-noun,opid:repository,Set allowed actions and reusable workflows for a repository
holdout1,github,DELETE,/repos/{owner}/{repo}/hooks/{hook_id},repos/delete-webhook,w,x,party-noun,summary:webhook,Delete a repository webhook
holdout1,github,PUT,/repos/{owner}/{repo}/interaction-limits/pulls/bypass-list,interactions/set-pull-request-bypass-list-for-repo,w,x,party-noun,summary:user,Add users to the pull request creation cap bypass list for a repository
holdout1,github,DELETE,/repos/{owner}/{repo}/releases/{release_id}/reactions/{reaction_id},reactions/delete-for-release,w,x,party-noun,summary:reaction,Delete a release reaction
holdout1,github,DELETE,/user/blocks/{username},users/unblock,w,x,party-noun,summary:user,Unblock a user
holdout1,github,PUT,/user/codespaces/secrets/{secret_name}/repositories,codespaces/set-repositories-for-secret-for-authenticated-user,w,x,party-noun,opid:user,Set selected repositories for a user secret
holdout1,github,DELETE,/users/{username}/copilot-spaces/{space_number},copilot-spaces/delete-for-user,w,x,party-noun,opid:user,Delete a Copilot Space for a user
holdout1,github,DELETE,/users/{username}/copilot-spaces/{space_number}/resources/{space_resource_id},copilot-spaces/delete-resource-for-user,w,x,party-noun,opid:user,Delete a resource from a Copilot Space for a user
holdout1,github,DELETE,/users/{username}/projectsV2/{project_number}/items/{item_id},projects/delete-item-for-user,w,x,party-noun,opid:user,Delete project item for user
holdout1,stripe,DELETE,/v1/accounts/{account}/bank_accounts/{id},DeleteAccountsAccountBankAccountsId,w,x,party-noun,summary:account,Delete an external account
holdout1,stripe,DELETE,/v1/accounts/{account}/external_accounts/{id},DeleteAccountsAccountExternalAccountsId,w,x,party-noun,summary:account,Delete an external account
holdout1,stripe,DELETE,/v1/accounts/{account}/people/{person},DeleteAccountsAccountPeoplePerson,w,x,party-noun,summary:person,Delete a person
holdout1,stripe,DELETE,/v1/accounts/{account}/persons/{person},DeleteAccountsAccountPersonsPerson,w,x,party-noun,summary:person,Delete a person
holdout1,stripe,DELETE,/v1/customers/{customer}/bank_accounts/{id},DeleteCustomersCustomerBankAccountsId,w,x,party-noun,opid:account,Delete a customer source
holdout1,stripe,DELETE,/v1/webhook_endpoints/{webhook_endpoint},DeleteWebhookEndpointsWebhookEndpoint,w,x,party-noun,opid-token:webhook,Delete a webhook endpoint
holdout1,twilio,DELETE,/2010-04-01/Accounts/{AccountSid}/IncomingPhoneNumbers/{ResourceSid}/AssignedAddOns/{Sid}.json,DeleteIncomingPhoneNumberAssignedAddOn,w,x,party-noun,summary:assignment,Remove the assignment of an Add-on installation from the Number specified.
holdout1,twilio,DELETE,/2010-04-01/Accounts/{AccountSid}/Calls/{CallSid}/UserDefinedMessageSubscriptions/{Sid}.json,DeleteUserDefinedMessageSubscription,w,x,party-noun,opid-token:message,Delete a specific User Defined Message Subscription.
holdout2,adyen,POST,/cardDetails,post-cardDetails,r,x,floor,,Get the brands and other details of a card
holdout2,adyen,POST,/donationCampaigns,post-donationCampaigns,r,x,floor,,Get a list of donation campaigns.
holdout2,adyen,POST,/originKeys,post-originKeys,r,x,floor,,Create originKey values for domains
holdout2,adyen,PATCH,/paymentLinks/{linkId},patch-paymentLinks-linkId,w,x,floor,,Update the status of a payment link
holdout2,adyen,POST,/paymentMethods,post-paymentMethods,r,x,floor,,Get a list of available payment methods
holdout2,adyen,POST,/paymentMethods/balance,post-paymentMethods-balance,r,x,floor,,Get the balance of a gift card
holdout2,adyen,POST,/validateShopperId,post-validateShopperId,r,x,floor,,Validates shopper Id
holdout2,box,POST,/ai/ask,post_ai_ask,r,x,floor,,Ask question
holdout2,box,POST,/ai/text_gen,post_ai_text_gen,r,x,floor,,Generate text
holdout2,box,POST,/files/{file_id}/metadata/global/boxSkillsCards,post_files_id_metadata_global_boxSkillsCards,w,x,floor,,Create Box Skill cards on file
holdout2,box,POST,/folders/{folder_id}/metadata/enterprise/securityClassification-6VMVochwUWo,post_folders_id_metadata_enterprise_securityClassification-6VMVochwUWo,w,x,floor,,Add classification to folder
holdout2,box,POST,/metadata_cascade_policies/{metadata_cascade_policy_id}/apply,post_metadata_cascade_policies_id_apply,w,x,floor,,Force-apply metadata cascade policy to folder
holdout2,box,PATCH,/metadata_taxonomies/{namespace}/{taxonomy_key},patch_metadata_taxonomies_id_id,w,x,floor,,Update metadata taxonomy
holdout2,box,PATCH,/metadata_taxonomies/{namespace}/{taxonomy_key}/nodes/{node_id},patch_metadata_taxonomies_id_id_nodes_id,w,x,floor,,Update metadata taxonomy node
holdout2,pagerduty,POST,/automation_actions/actions/{id}/teams,createAutomationActionTeamAssociation,w,x,floor,,Associate an Automation Action with a team
holdout2,pagerduty,POST,/event_orchestrations/{id}/integrations/migration,migrateOrchestrationIntegration,w,x,floor,,Migrate an Integration from one Event Orchestration to another
holdout2,pagerduty,POST,/extensions/{id}/enable,enableExtension,w,x,floor,,Enable an extension
holdout2,pagerduty,POST,/recommendations/event_orchestrations/services/{service_id}/rules/{recommendation_id}/dismiss,dismissRecommendedRule,w,x,floor,,Dismiss a recommended rule
holdout2,pagerduty,POST,/incident_workflows/triggers/{id}/services,associateServiceToIncidentWorkflowTrigger,w,x,live-verb,opid:trigger,Associate a Trigger and Service
holdout2,adyen,DELETE,/storedPaymentMethods/{storedPaymentMethodId},delete-storedPaymentMethods-storedPaymentMethodId,w,x,party-noun,summary:token,Delete a token for stored payment details
holdout2,box,DELETE,/files/upload_sessions/{upload_session_id},delete_files_upload_sessions_id,w,x,party-noun,summary:session,Remove upload session
holdout2,box,PUT,/integration_mappings/teams/{integration_mapping_id},put_integration_mappings_teams_id,w,x,party-noun,opid:team,Update Teams integration mapping
holdout2,box,DELETE,/storage_policy_assignments/{storage_policy_assignment_id},delete_storage_policy_assignments_id,w,x,party-noun,opid:assignment,Unassign storage policy
holdout2,box,PUT,/task_assignments/{task_assignment_id},put_task_assignments_id,w,x,party-noun,summary:assignment,Update task assignment
holdout2,pagerduty,PUT,/teams/{id}/users/{user_id},updateTeamUser,w,x,party-noun,summary:user,Add a user to a team
holdout2,pagerduty,DELETE,/webhook_subscriptions/{id},deleteWebhookSubscription,w,x,party-noun,opid-token:webhook,Delete a webhook subscription
holdout3,discord,POST,/applications/{application_id}/entitlements/{entitlement_id}/consume,consume_entitlement,w,x,floor,,
holdout3,discord,POST,/partner-sdk/provisional-accounts/unmerge/bot,bot_partner_sdk_unmerge_provisional_account,w,x,floor,,
holdout3,sentry,POST,/api/0/organizations/{organization_id_or_slug}/releases/,createOrganizationRelease,w,x,floor,,Create a New Release for an Organization
holdout3,sentry,POST,/api/0/projects/{organization_id_or_slug}/{project_id_or_slug}/user-feedback/,Submit User Feedback,w,x,floor,,
holdout3,sentry,POST,/api/0/sentry-app-installations/{uuid}/external-issues/,Create or update an External Issue,w,x,floor,,
holdout3,vercel,POST,/speed-insights/toggle,createSpeedInsightsToggle,w,x,floor,,
holdout3,vercel,PATCH,/v1/deployments/{deploymentId}/checks/{checkId},updateCheck,w,x,floor,,Update a check
holdout3,vercel,PATCH,/v1/env,updateSharedEnvVariable,w,x,floor,,Updates one or more shared environment variables
holdout3,vercel,POST,/v1/global-config/{edgeConfigId}/backups/{edgeConfigBackupVersionId}/restore,restoreEdgeConfigBackup,w,x,floor,,Restore Global Config backup
holdout3,vercel,POST,/v1/global-config/{edgeConfigId}/schema,patchEdgeConfigSchema,w,x,floor,,Update Global Config schema
holdout3,vercel,PATCH,/v1/projects/{idOrName}/rolling-release/config,updateRollingReleaseConfig,w,x,floor,,Update the rolling release settings for the project
holdout3,vercel,POST,/v1/projects/{projectId}/routes/generate,generateRoute,r,x,floor,,Generate a routing rule from natural language
holdout3,vercel,PATCH,/v1/registrar/domains/{domain}/auto-renew,updateDomainAutoRenew,w,x,floor,,Update auto-renew for a domain
holdout3,vercel,PATCH,/v2/connect/connectors/{connector},updateConnector,w,x,floor,,Update a connector
holdout3,vercel,POST,/v8/artifacts,artifactQuery,r,x,floor,,Query information about an artifact
holdout3,vercel,PATCH,/v9/projects/{idOrName}/domains/{domain},updateProjectDomain,w,x,floor,,Update a project domain
holdout3,vercel,PATCH,/v2/deployments/{deploymentId}/check-runs/{checkRunId},updateDeploymentCheckRun,w,x,live-verb,opid:run,Update a check run
holdout3,discord,PATCH,/applications/{application_id},update_application,w,x,no-text,no-text,
holdout3,discord,DELETE,/applications/{application_id}/commands/{command_id},delete_application_command,w,x,no-text,no-text,
holdout3,discord,DELETE,/lobbies/{lobby_id}/members/@me,leave_lobby,w,x,no-text,no-text,
holdout3,discord,PUT,/users/@me/applications/{application_id}/role-connection,update_application_user_role_connection,w,x,no-text,no-text,
holdout3,discord,PUT,/applications/{application_id}/guilds/{guild_id}/commands,bulk_set_guild_application_commands,w,x,party-noun,opid-token:guild,
holdout3,discord,PUT,/channels/{channel_id}/voice-status,update_voice_channel_status,w,x,party-noun,opid:channel,
holdout3,discord,DELETE,/guilds/{guild_id}/scheduled-events/{guild_scheduled_event_id}/exceptions/{exception_id},delete_guild_scheduled_event_exception,w,x,party-noun,opid-token:guild,
holdout3,discord,PATCH,/guilds/{guild_id}/soundboard-sounds/{sound_id},update_guild_soundboard_sound,w,x,party-noun,opid-token:guild,
holdout3,discord,PATCH,/guilds/{guild_id}/templates/{code},update_guild_template,w,x,party-noun,opid-token:guild,
holdout3,discord,PATCH,/guilds/{guild_id}/widget,update_guild_widget_settings,w,x,party-noun,opid-token:guild,
holdout4,cloudflare,POST,/accounts/{account_id}/autorag/rags/{id}/search,autorag-config-search,r,x,floor,,Search
holdout4,cloudflare,POST,/accounts/{account_id}/cloudforce-one/events/{event_id},post_EventUpdate,w,x,floor,,Updates an event
holdout4,cloudflare,PATCH,/accounts/{account_id}/cloudforce-one/v2/collections/{collection_id}/columns/{column_id},patch_ColumnUpdate,w,x,floor,,Update column
holdout4,cloudflare,POST,/accounts/{account_id}/dlp/patterns/validate,dlp-pattern-validate,r,x,floor,,Validate a DLP regex pattern
holdout4,cloudflare,PATCH,/accounts/{account_id}/magic/advanced_tcp_protection/configs/prefixes/{prefix_id},updatePrefix,w,x,floor,,Update prefix.
holdout4,cloudflare,PUT,/accounts/{account_id}/slurper/source/connectivity-precheck,slurper-check-source-connectivity,r,w,floor,,Check source connectivity
holdout4,cloudflare,PATCH,/zones/{zone_id}/load_balancers/{load_balancer_id},load-balancers-patch-load-balancer,w,x,floor,,Patch Load Balancer
holdout4,cloudflare,PATCH,/zones/{zone_id}/settings/{setting_id},zone-settings-edit-single-setting,w,x,floor,,Edit zone setting
holdout4,linode,POST,/{apiVersion}/databases/mysql/instances/{instanceId}/resume,resume-databases-mysql-instance,w,x,floor,,Resume a MySQL Managed Database
holdout4,linode,POST,/{apiVersion}/databases/postgresql/instances/{instanceId}/resume,resume-databases-postgre-sql-instance,w,x,floor,,Resume a PostgreSQL Managed Database
holdout4,linode,POST,/{apiVersion}/linode/instances/{linodeId}/disks/{diskId}/resize,post-resize-disk,w,x,floor,,Resize a disk
holdout4,linode,POST,/{apiVersion}/support/tickets/{ticketId}/close,post-close-ticket,w,x,floor,,Close a support ticket
holdout4,x,POST,/2/media/metadata,createMediaMetadata,w,x,floor,,Create Media metadata
holdout4,x,POST,/2/media/upload/{id}/append,appendMediaUpload,w,x,floor,,Append Media Upload
holdout4,x,POST,/2/tweets/search/stream/rules,updateRules,w,x,floor,,Update stream rules
holdout4,x,POST,/2/users/{id}/bookmarks,createUsersBookmark,w,x,floor,,Create Bookmark
holdout4,x,POST,/2/users/{id}/dm/unblock,unblockUsersDms,w,x,floor,,Unblock Users Dms
holdout4,linode,POST,/{apiVersion}/linode/instances/{linodeId}/backups/cancel,post-cancel-backups,w,x,live-verb,opid:cancel,Cancel backups
holdout4,linode,POST,/{apiVersion}/object-storage/cancel,post-cancel-object-storage,w,x,live-verb,opid:cancel,Cancel Object Storage
holdout4,linode,DELETE,/{apiVersion}/object-storage/keys/{keyId},delete-object-storage-key,w,x,live-verb,summary:revoke,Revoke an Object Storage access key
holdout4,linode,DELETE,/{apiVersion}/profile/apps/{appId},delete-profile-app,w,x,live-verb,summary:revoke,Revoke app access
holdout4,x,DELETE,/2/connections,deleteConnectionsByUuids,w,x,live-verb,summary:terminate,Terminate multiple connections
holdout4,x,DELETE,/2/connections/{endpoint_id},deleteConnectionsByEndpoint,w,x,live-verb,summary:terminate,Terminate connections by endpoint
holdout4,cloudflare,DELETE,/accounts/{account_id}/teamnet/virtual_networks/{virtual_network_id},tunnel-virtual-network-delete,w,x,party-noun,summary:network,Delete a virtual network
holdout4,linode,DELETE,/{apiVersion}/managed/contacts/{contactId},delete-managed-contact,w,x,party-noun,summary:contact,Delete a managed contact
holdout4,linode,PUT,/{apiVersion}/placement/groups/{groupId},put-placement-group,w,x,party-noun,summary:group,Update a placement group
holdout4,x,DELETE,/2/tweets/search/webhooks/{webhook_id},deleteWebhooksStreamLink,w,x,party-noun,opid-token:webhook,Delete stream link
holdout4,x,DELETE,/2/users/{source_user_id}/following/{target_user_id},unfollowUser,w,x,party-noun,summary:user,Unfollow User
