set,repo,method,path,operationId,gt_class,pred_v1,rule_v1,evidence_v1,pred_V3a,pred_V3b,pred_V3c,pred_V4,pred_V5,pred_V6a,pred_V6b,pred_V7,pred_V8
camara,ApplicationEndpointDiscovery,POST,/retrieve-optimal-app-endpoints,getOptimalAppEndpoints,r,x,floor,,r,x,r,x,x,x,x,x,x
camara,ApplicationEndpointRegistration,POST,/application-endpoint-lists,registerApplicationEndpoints,x,x,floor,,x,x,x,x,x,x,x,x,x
camara,ApplicationEndpointRegistration,GET,/application-endpoint-lists,getAllRegisteredApplicationEndpoints,r,r,floor,,r,r,r,r,r,r,r,r,r
camara,ApplicationEndpointRegistration,GET,/application-endpoint-lists/{applicationEndpointListId},getApplicationEndpointsById,r,r,floor,,r,r,r,r,r,r,r,r,r
camara,ApplicationEndpointRegistration,PUT,/application-endpoint-lists/{applicationEndpointListId},updateApplicationEndpoint,w,w,floor,,w,w,w,w,w,w,w,w,w
camara,ApplicationEndpointRegistration,DELETE,/application-endpoint-lists/{applicationEndpointListId},deregisterApplicationEndpoint,w,w,floor,,w,w,w,w,w,w,w,w,w
camara,ApplicationProfiles,POST,/application-profiles,createApplicationProfile,x,x,floor,,x,x,x,x,x,x,x,x,w
camara,ApplicationProfiles,PATCH,/application-profiles/{applicationProfileId},updateApplicationProfile,w,x,floor,,x,x,x,x,x,x,x,w,x
camara,ApplicationProfiles,GET,/application-profiles/{applicationProfileId},readApplicationProfile,r,r,floor,,r,r,r,r,r,r,r,r,r
camara,ApplicationProfiles,DELETE,/application-profiles/{applicationProfileId},deleteApplicationProfile,w,w,floor,,w,w,w,w,w,w,w,w,w
camara,BlockchainPublicAddress,POST,/nonce,createBlockchainPublicAddressValidationNonce,x,x,floor,,x,x,x,x,x,x,x,x,w
camara,BlockchainPublicAddress,POST,/blockchain-public-addresses/retrieve-blockchains,retrieveBlockchainPublicAddress,r,r,read-verb,opid:retrieve,r,r,r,r,r,r,r,r,r
camara,BlockchainPublicAddress,POST,/blockchain-public-addresses,bindBlockchainPublicAddress,x,x,floor,,x,x,x,x,x,x,x,x,x
camara,BlockchainPublicAddress,DELETE,/blockchain-public-addresses/{id},deleteBlockchainPublicAddress,w,w,floor,,w,w,w,w,w,w,w,w,w
camara,CallForwardingSignal,POST,/unconditional-call-forwardings,retrieveUnconditionalCallForwarding,r,r,read-verb,opid:retrieve,r,r,r,r,r,r,r,r,r
camara,CallForwardingSignal,POST,/call-forwardings,retrieveCallForwarding,r,r,read-verb,opid:retrieve,r,r,r,r,r,r,r,r,r
camara,CapabilitiesAndRuntimeRestrictions,POST,/retrieve,postServiceCapability,x,x,floor,,x,r,r,x,x,x,x,x,x
camara,CarrierBillingCheckOut,POST,/payments/{paymentId}/refunds,createRefund,x,x,live-verb,opid:refund,x,x,x,x,x,x,x,x,x
camara,CarrierBillingCheckOut,GET,/payments/{paymentId}/refunds,retrieveRefunds,r,r,floor,,r,r,r,r,r,r,r,r,r
camara,CarrierBillingCheckOut,GET,/payments/{paymentId}/refunds/{refundId},retrieveRefund,r,r,floor,,r,r,r,r,r,r,r,r,r
camara,CarrierBillingCheckOut,GET,/payments/{paymentId}/refunds/remaining-amount,retrievePaymentRemainingAmount,r,r,floor,,r,r,r,r,r,r,r,r,r
camara,CarrierBillingCheckOut,POST,/payments,createPayment,x,x,floor,,x,x,x,x,x,x,x,x,w
camara,CarrierBillingCheckOut,GET,/payments,retrievePayments,r,r,floor,,r,r,r,r,r,r,r,r,r
camara,CarrierBillingCheckOut,GET,/payments/{paymentId},retrievePayment,r,r,floor,,r,r,r,r,r,r,r,r,r
camara,CarrierBillingCheckOut,POST,/payments/prepare,preparePayment,x,x,floor,,x,x,x,x,x,x,x,x,x
camara,CarrierBillingCheckOut,POST,/payments/{paymentId}/validate,validatePayment,x,x,floor,,x,x,x,x,x,x,x,x,x
camara,CarrierBillingCheckOut,POST,/payments/{paymentId}/confirm,confirmPayment,x,x,floor,,x,x,x,x,x,x,x,x,x
camara,CarrierBillingCheckOut,POST,/payments/{paymentId}/cancel,cancelPayment,w,x,live-verb,opid:cancel,x,x,x,x,x,x,x,x,x
camara,ClickToDial,POST,/calls,createCall,x,x,floor,,x,x,x,x,x,x,x,x,x
camara,ClickToDial,GET,/calls/{callId},getCall,r,r,floor,,r,r,r,r,r,r,r,r,r
camara,ClickToDial,DELETE,/calls/{callId},terminateCall,x,x,live-verb,opid:terminate,x,x,x,x,x,x,x,x,x
camara,ClickToDial,GET,/calls/{callId}/recording,getRecording,r,r,floor,,r,r,r,r,r,r,r,r,r
camara,ConnectedNetworkType,POST,/subscriptions,createConnectedNetworkTypeSubscription,x,x,floor,,x,x,x,x,x,x,x,x,w
camara,ConnectedNetworkType,GET,/subscriptions,retrieveConnectedNetworkTypeSubscriptionList,r,r,floor,,r,r,r,r,r,r,r,r,r
camara,ConnectedNetworkType,GET,/subscriptions/{subscriptionId},retrieveConnectedNetworkTypeSubscription,r,r,floor,,r,r,r,r,r,r,r,r,r
camara,ConnectedNetworkType,DELETE,/subscriptions/{subscriptionId},deleteConnectedNetworkTypeSubscription,w,w,floor,,w,w,w,w,x,w,w,w,w
camara,ConnectedNetworkType,POST,/retrieve,getConnectedNetworkType,r,x,floor,,r,x,r,x,x,x,x,x,x
camara,ConnectivityInsights,POST,/subscriptions,createSubscription,x,x,floor,,x,x,x,x,x,x,x,x,w
camara,ConnectivityInsights,GET,/subscriptions,getSubscriptionList,r,r,floor,,r,r,r,r,r,r,r,r,r
camara,ConnectivityInsights,GET,/subscriptions/{subscriptionId},getSubscription,r,r,floor,,r,r,r,r,r,r,r,r,r
camara,ConnectivityInsights,DELETE,/subscriptions/{subscriptionId},deleteSubscription,w,w,floor,,w,w,w,w,w,w,w,w,w
camara,ConnectivityInsights,POST,/check-network-quality,checkNetworkQuality,r,r,read-verb,opid:check,r,r,r,r,r,r,r,r,r
camara,ConsentInfo,POST,/retrieve,retrieveStatus,r,r,read-verb,opid:retrieve,r,r,r,r,r,r,r,r,r
camara,ConsentManagement,POST,/consents,createConsent,x,x,floor,,x,x,x,x,x,x,x,x,w
camara,ConsentManagement,PATCH,/consents/{consentId},updateConsent,w,x,floor,,x,x,x,x,x,x,x,w,x
camara,ConsentManagement,POST,/consents/retrieve-info,retrieveConsentInfo,r,r,read-verb,opid:retrieve,r,r,r,r,r,r,r,r,r
camara,CustomerInsights,POST,/scoring/retrieve,retrieveScoring,r,r,read-verb,opid:retrieve,r,r,r,r,r,r,r,r,r
camara,DedicatedNetworks,GET,/accesses,listAccesses,r,r,floor,,r,r,r,r,r,r,r,r,r
camara,DedicatedNetworks,POST,/accesses,createAccess,x,x,floor,,x,x,x,x,x,x,x,x,x
camara,DedicatedNetworks,GET,/accesses/{accessId},readAccess,r,r,floor,,r,r,r,r,r,r,r,r,r
camara,DedicatedNetworks,DELETE,/accesses/{accessId},deleteAccess,x,x,party-noun,summary:access,x,x,x,x,x,x,x,x,x
camara,DedicatedNetworks,GET,/accesses/{accessId}/devices,listDevices,r,r,floor,,r,r,r,r,r,r,r,r,r
camara,DedicatedNetworks,POST,/accesses/{accessId}/devices/add,addDevicesToAccess,x,x,floor,,x,x,x,x,x,x,x,x,x
camara,DedicatedNetworks,POST,/accesses/{accessId}/devices/remove,removeDevicesFromAccess,x,x,floor,,x,x,x,x,x,x,x,x,x
camara,DedicatedNetworks,POST,/retrieve-service-areas,retrieveNetworkServiceAreas,r,r,read-verb,opid:retrieve,r,r,r,r,r,r,r,r,r
camara,DedicatedNetworks,GET,/areas/{areaId},readNetworkServiceArea,r,r,floor,,r,r,r,r,r,r,r,r,r
camara,DedicatedNetworks,GET,/profiles,readNetworkProfiles,r,r,floor,,r,r,r,r,r,r,r,r,r
camara,DedicatedNetworks,GET,/profiles/{profileId},readNetworkProfile,r,r,floor,,r,r,r,r,r,r,r,r,r
camara,DedicatedNetworks,GET,/networks,listNetworks,r,r,floor,,r,r,r,r,r,r,r,r,r
camara,DedicatedNetworks,POST,/networks,createNetwork,x,x,floor,,x,x,x,x,x,x,x,x,x
camara,DedicatedNetworks,GET,/networks/{networkId},readNetwork,r,r,floor,,r,r,r,r,r,r,r,r,r
camara,DedicatedNetworks,DELETE,/networks/{networkId},deleteNetwork,x,x,party-noun,summary:network,x,x,x,x,x,x,x,x,x
camara,DeviceAuthenticity,POST,/check-status,checkImeiStatus,r,r,read-verb,opid:check,r,r,r,r,r,r,r,r,r
camara,DeviceDataVolume,POST,/subscriptions,createDeviceDataVolumeSubscription,x,x,floor,,x,x,x,x,x,x,x,x,w
camara,DeviceDataVolume,GET,/subscriptions,retrieveDeviceDataVolumeSubscriptionList,r,r,floor,,r,r,r,r,r,r,r,r,r
camara,DeviceDataVolume,GET,/subscriptions/{subscriptionId},retrieveDeviceDataVolumeSubscription,r,r,floor,,r,r,r,r,r,r,r,r,r
camara,DeviceDataVolume,DELETE,/subscriptions/{subscriptionId},deleteDeviceDataVolumeSubscription,w,w,floor,,w,w,w,w,x,w,w,w,w
camara,DeviceDataVolume,POST,/retrieve,retrieveDataVolume,r,x,live-verb,summary:execute,x,x,x,x,x,x,x,x,x
camara,DeviceDataVolume,POST,/check,checkDataVolume,r,r,read-verb,opid:check,r,r,r,r,r,r,r,r,r
camara,DeviceIdentifier,POST,/retrieve-identifier,retrieveIdentifier,r,r,read-verb,opid:retrieve,r,r,r,r,r,r,r,r,r
camara,DeviceIdentifier,POST,/retrieve-type,retrieveType,r,r,read-verb,opid:retrieve,r,r,r,r,r,r,r,r,r
camara,DeviceIdentifier,POST,/retrieve-ppid,retrievePpid,r,r,read-verb,opid:retrieve,r,r,r,r,r,r,r,r,r
camara,DeviceIdentifier,POST,/match-identifier,matchIdentifier,r,r,read-verb,opid:match,r,r,r,r,r,r,r,r,r
camara,DeviceLocation,POST,/subscriptions,createGeofencingSubscription,x,x,floor,,x,x,x,x,x,x,x,x,w
camara,DeviceLocation,GET,/subscriptions,retrieveGeofencingSubscriptionList,r,r,floor,,r,r,r,r,r,r,r,r,r
camara,DeviceLocation,GET,/subscriptions/{subscriptionId},retrieveGeofencingSubscription,r,r,floor,,r,r,r,r,r,r,r,r,r
camara,DeviceLocation,DELETE,/subscriptions/{subscriptionId},deleteGeofencingSubscription,w,w,floor,,w,w,w,w,w,w,w,w,w
camara,DeviceLocation,POST,/retrieve,retrieveLocation,r,x,live-verb,summary:execute,x,x,x,x,x,x,x,x,x
camara,DeviceLocation,POST,/verify,verifyLocation,r,r,read-verb,opid:verify,r,r,r,r,r,r,r,r,r
camara,DeviceMediaStreamingRate,POST,/retrieve-maximum-downstream-media-rate,retrieveMaximumDownstreamMediaRate,r,r,read-verb,opid:retrieve,r,r,r,r,r,r,r,r,r
camara,DeviceReachabilityStatus,POST,/subscriptions,createDeviceReachabilityStatusSubscription,x,x,floor,,x,x,x,x,x,x,x,x,w
camara,DeviceReachabilityStatus,GET,/subscriptions,retrieveDeviceReachabilityStatusSubscriptionList,r,r,floor,,r,r,r,r,r,r,r,r,r
camara,DeviceReachabilityStatus,GET,/subscriptions/{subscriptionId},retrieveDeviceReachabilityStatusSubscription,r,r,floor,,r,r,r,r,r,r,r,r,r
camara,DeviceReachabilityStatus,DELETE,/subscriptions/{subscriptionId},deleteDeviceReachabilityStatusSubscription,w,w,floor,,w,w,w,w,x,w,w,w,w
camara,DeviceReachabilityStatus,POST,/retrieve,getReachabilityStatus,r,x,floor,,r,x,r,x,x,x,x,x,x
camara,DeviceRoamingStatus,POST,/subscriptions,createDeviceRoamingStatusSubscription,x,x,floor,,x,x,x,x,x,x,x,x,w
camara,DeviceRoamingStatus,GET,/subscriptions,retrieveDeviceRoamingStatusSubscriptionList,r,r,floor,,r,r,r,r,r,r,r,r,r
camara,DeviceRoamingStatus,GET,/subscriptions/{subscriptionId},retrieveDeviceRoamingStatusSubscription,r,r,floor,,r,r,r,r,r,r,r,r,r
camara,DeviceRoamingStatus,DELETE,/subscriptions/{subscriptionId},deleteDeviceRoamingStatusSubscription,w,w,floor,,w,w,w,w,x,w,w,w,w
camara,DeviceRoamingStatus,POST,/retrieve,getRoamingStatus,r,x,floor,,r,x,r,x,x,x,x,x,x
camara,DeviceStatus,POST,/subscriptions,createConnectedNetworkTypeSubscription,x,x,floor,,x,x,x,x,x,x,x,x,w
camara,DeviceStatus,GET,/subscriptions,retrieveConnectedNetworkTypeSubscriptionList,r,r,floor,,r,r,r,r,r,r,r,r,r
camara,DeviceStatus,GET,/subscriptions/{subscriptionId},retrieveConnectedNetworkTypeSubscription,r,r,floor,,r,r,r,r,r,r,r,r,r
camara,DeviceStatus,DELETE,/subscriptions/{subscriptionId},deleteConnectedNetworkTypeSubscription,w,w,floor,,w,w,w,w,x,w,w,w,w
camara,DeviceStatus,POST,/retrieve,getConnectedNetworkType,r,x,floor,,r,x,r,x,x,x,x,x,x
camara,DeviceStatus,POST,/subscriptions,createDeviceReachabilityStatusSubscription,x,x,floor,,x,x,x,x,x,x,x,x,w
camara,DeviceStatus,GET,/subscriptions,retrieveDeviceReachabilityStatusSubscriptionList,r,r,floor,,r,r,r,r,r,r,r,r,r
camara,DeviceStatus,GET,/subscriptions/{subscriptionId},retrieveDeviceReachabilityStatusSubscription,r,r,floor,,r,r,r,r,r,r,r,r,r
camara,DeviceStatus,DELETE,/subscriptions/{subscriptionId},deleteDeviceReachabilityStatusSubscription,w,w,floor,,w,w,w,w,x,w,w,w,w
camara,DeviceStatus,POST,/retrieve,getReachabilityStatus,r,x,floor,,r,x,r,x,x,x,x,x,x
camara,DeviceStatus,POST,/subscriptions,createDeviceRoamingStatusSubscription,x,x,floor,,x,x,x,x,x,x,x,x,w
camara,DeviceStatus,GET,/subscriptions,retrieveDeviceRoamingStatusSubscriptionList,r,r,floor,,r,r,r,r,r,r,r,r,r
camara,DeviceStatus,GET,/subscriptions/{subscriptionId},retrieveDeviceRoamingStatusSubscription,r,r,floor,,r,r,r,r,r,r,r,r,r
camara,DeviceStatus,DELETE,/subscriptions/{subscriptionId},deleteDeviceRoamingStatusSubscription,w,w,floor,,w,w,w,w,x,w,w,w,w
camara,DeviceStatus,POST,/retrieve,getRoamingStatus,r,x,floor,,r,x,r,x,x,x,x,x,x
camara,DeviceSwap,POST,/retrieve-date,retrieveDeviceSwapDate,r,r,read-verb,opid:retrieve,r,r,r,r,r,r,r,r,r
camara,DeviceSwap,POST,/check,checkDeviceSwap,r,r,read-verb,opid:check,r,r,r,r,r,r,r,r,r
camara,DeviceVisitLocation,POST,/retrieve,retrieveDeviceVisitLocation,r,r,read-verb,opid:retrieve,r,r,r,r,r,r,r,r,r
camara,EdgeApplicationManagement,POST,/apps,submitApp,x,x,live-verb,opid:submit,x,x,x,x,x,x,x,x,x
camara,EdgeApplicationManagement,GET,/apps,getApps,r,r,floor,,r,r,r,r,r,r,r,r,r
camara,EdgeApplicationManagement,GET,/apps/{appId},getApp,r,r,floor,,r,r,r,r,r,r,r,r,r
camara,EdgeApplicationManagement,DELETE,/apps/{appId},deleteApp,w,w,floor,,w,w,w,w,w,w,w,w,w
camara,EdgeApplicationManagement,POST,/app-instances,createAppInstance,x,x,floor,,x,x,x,x,x,x,x,x,w
camara,EdgeApplicationManagement,GET,/app-instances,getAppInstances,r,r,floor,,r,r,r,r,r,r,r,r,r
camara,EdgeApplicationManagement,GET,/app-instances/{appInstanceId},getAppInstance,r,r,floor,,r,r,r,r,r,r,r,r,r
camara,EdgeApplicationManagement,DELETE,/app-instances/{appInstanceId},deleteAppInstance,w,x,live-verb,summary:terminate,x,x,x,x,x,x,x,x,x
camara,EdgeApplicationManagement,POST,/deployments,createAppDeployment,x,x,floor,,x,x,x,x,x,x,x,x,w
camara,EdgeApplicationManagement,GET,/deployments,getAppDeployments,r,r,floor,,r,r,r,r,r,r,r,r,r
camara,EdgeApplicationManagement,GET,/deployments/{appDeploymentId},getAppDeployment,r,r,floor,,r,r,r,r,r,r,r,r,r
camara,EdgeApplicationManagement,DELETE,/deployments/{appDeploymentId},deleteAppDeployment,w,x,live-verb,summary:terminate,x,x,x,x,x,x,x,x,x
camara,EdgeApplicationManagement,PATCH,/deployments/{appDeploymentId},updateAppDeployment,w,x,floor,,x,x,x,x,x,x,x,w,x
camara,EdgeApplicationManagement,GET,/edge-cloud-zones,getEdgeCloudZones,r,r,floor,,r,r,r,r,r,r,r,r,r
camara,EnergyFootprintNotification,POST,/calculate-energy-consumption,calculateEnergyConsumption,x,x,floor,,x,x,x,x,x,x,x,x,x
camara,EnergyFootprintNotification,POST,/calculate-carbon-footprint,calculateCarbonFootprint,x,x,floor,,x,x,x,x,x,x,x,x,x
camara,HighThroughputElasticNetworks,POST,/high-throughput-elastic-network/transmission/schedule,scheduleTransmission,x,x,live-verb,summary:submit,x,x,x,x,x,x,x,x,x
camara,InHomeDeviceManagement,GET,/v1/devices,listDevices,r,r,floor,,r,r,r,r,r,r,r,r,r
camara,InHomeDeviceManagement,GET,/v1/devices/{deviceId},getDevice,r,r,floor,,r,r,r,r,r,r,r,r,r
camara,InHomeDeviceManagement,PATCH,/v1/devices/{deviceId},updateDevice,x,x,party-noun,summary:device,x,x,x,x,x,x,x,x,x
camara,InHomeDeviceManagement,DELETE,/v1/devices/{deviceId},deleteDevice,x,x,party-noun,summary:device,x,x,x,x,x,x,x,x,x
camara,InHomeDeviceManagement,POST,/v1/devices/{deviceId}/actions/{actionId},performDeviceAction,x,x,floor,,x,x,x,x,x,x,x,x,x
camara,InHomeDeviceManagement,GET,/v1/devices/{deviceId}/network-health,getDeviceNetworkHealth,r,r,floor,,r,r,r,r,r,r,r,r,r
camara,IoTDeviceManagement,POST,/download,downloadEsimProfile,x,x,floor,,x,x,x,x,x,x,x,x,x
camara,IoTDeviceManagement,POST,/enable,enableEsimProfile,x,x,floor,,x,x,x,x,x,x,x,x,w
camara,IoTDeviceManagement,POST,/disable,disableEsimProfile,x,x,floor,,x,x,x,x,x,x,x,x,w
camara,IoTDeviceManagement,POST,/delete,deleteEsimProfile,x,x,floor,,x,x,x,x,x,x,x,x,w
camara,IoTDeviceManagement,POST,/set-fallback,setFallbackEsimProfile,x,x,floor,,x,x,x,x,x,x,x,x,w
camara,IoTDeviceManagement,POST,/retrieve-status,getEsimProfileStatus,r,x,floor,,r,r,r,x,x,x,x,x,x
camara,IoTDeviceManagement,GET,/operations/{operationId},retrieveOperation,r,r,floor,,r,r,r,r,r,r,r,r,r
camara,IoTNetworkOptimization,POST,/features/power-saving,activatePowerSaving,x,x,floor,,x,x,x,x,x,x,x,x,x
camara,IoTNetworkOptimization,GET,/features/power-saving/transactions/{transactionId},getPowerSaving,r,r,floor,,r,r,r,r,r,r,r,r,r
camara,IoTSIMFraudPrevention,POST,/subscriptions,subscribeFraudPrevention,x,x,floor,,x,x,x,x,x,x,x,x,x
camara,IoTSIMFraudPrevention,GET,/subscriptions,listSubscriptions,r,r,floor,,r,r,r,r,r,r,r,r,r
camara,IoTSIMFraudPrevention,GET,/subscriptions/{subscriptionId},getSubscription,r,r,floor,,r,r,r,r,r,r,r,r,r
camara,IoTSIMFraudPrevention,DELETE,/subscriptions/{subscriptionId},deleteSubscription,w,w,floor,,w,w,w,w,w,w,w,w,w
camara,IoTSIMFraudPrevention,POST,/bind,bindDeviceImei,x,x,floor,,x,x,x,x,x,x,x,x,x
camara,IoTSIMFraudPrevention,POST,/unbind,unBindDeviceImei,x,x,floor,,x,x,x,x,x,x,x,x,x
camara,IoTSIMFraudPrevention,POST,/query,query,r,r,read-verb,opid:query,r,r,r,r,r,r,r,r,r
camara,KnowYourCustomer,POST,/verify,verifyAge,r,r,read-verb,opid:verify,r,r,r,r,r,r,r,r,r
camara,KnowYourCustomer,POST,/fill-in,KYC_Fill-in,r,x,floor,,x,x,x,x,x,x,x,x,x
camara,KnowYourCustomer,POST,/match,KYC_Match,r,x,floor,,x,x,x,x,x,x,x,x,x
camara,KnowYourCustomerAgeVerification,POST,/verify,verifyAge,r,r,read-verb,opid:verify,r,r,r,r,r,r,r,r,r
camara,KnowYourCustomerFill-in,POST,/fill-in,kycFillin,r,x,floor,,x,x,x,x,x,x,x,x,x
camara,KnowYourCustomerMatch,POST,/match,kycMatch,r,x,floor,,x,x,x,x,x,x,x,x,x
camara,ModelAsAService,POST,/knowledge-bases,createKnowledgeBase,x,x,floor,,x,x,x,x,x,x,x,x,w
camara,ModelAsAService,GET,/knowledge-bases,listKnowledgeBases,r,r,floor,,r,r,r,r,r,r,r,r,r
camara,ModelAsAService,GET,/knowledge-bases/{knowledgeBaseId},getKnowledgeBase,r,r,floor,,r,r,r,r,r,r,r,r,r
camara,ModelAsAService,PUT,/knowledge-bases/{knowledgeBaseId},updateKnowledgeBase,w,w,floor,,w,w,w,w,w,w,w,w,w
camara,ModelAsAService,DELETE,/knowledge-bases/{knowledgeBaseId},deleteKnowledgeBase,w,w,floor,,w,w,w,w,w,w,w,w,w
camara,ModelAsAService,POST,/knowledge-bases/{knowledgeBaseId}/documents,uploadDocument,x,x,floor,,x,x,x,x,x,x,x,x,w
camara,ModelAsAService,GET,/knowledge-bases/{knowledgeBaseId}/documents/{documentId},getDocument,r,r,floor,,r,r,r,r,r,r,r,r,r
camara,ModelAsAService,DELETE,/knowledge-bases/{knowledgeBaseId}/documents/{documentId},deleteDocument,w,w,floor,,w,w,w,w,w,w,w,w,w
camara,ModelAsAService,POST,/knowledge-bases/{knowledgeBaseId}/tools,createTool,x,x,floor,,x,x,x,x,x,x,x,x,w
camara,ModelAsAService,GET,/knowledge-bases/{knowledgeBaseId}/tools,listTools,r,r,floor,,r,r,r,r,r,r,r,r,r
camara,ModelAsAService,GET,/knowledge-bases/{knowledgeBaseId}/tools/{toolId},getTool,r,r,floor,,r,r,r,r,r,r,r,r,r
camara,ModelAsAService,PUT,/knowledge-bases/{knowledgeBaseId}/tools/{toolId},updateTool,w,w,floor,,w,w,w,w,w,w,w,w,w
camara,ModelAsAService,DELETE,/knowledge-bases/{knowledgeBaseId}/tools/{toolId},deleteTool,w,w,floor,,w,w,w,w,w,w,w,w,w
camara,ModelAsAService,POST,/knowledge-bases/{knowledgeBaseId}/tools/{toolId}/call,callTool,x,x,floor,,x,x,x,x,x,x,x,x,x
camara,ModelAsAService,POST,/assistants,createAssistant,x,x,floor,,x,x,x,x,x,x,x,x,w
camara,ModelAsAService,GET,/assistants,listAssistants,r,r,floor,,r,r,r,r,r,r,r,r,r
camara,ModelAsAService,GET,/assistants/{assistantId},getAssistant,r,r,floor,,r,r,r,r,r,r,r,r,r
camara,ModelAsAService,PUT,/assistants/{assistantId},updateAssistant,w,w,floor,,w,w,w,w,w,w,w,w,w
camara,ModelAsAService,DELETE,/assistants/{assistantId},deleteAssistant,w,w,floor,,w,w,w,w,w,w,w,w,w
camara,ModelAsAService,POST,/answer,queryAssistant,r,r,read-verb,opid:query,r,r,r,r,r,r,r,r,r
camara,MostFrequentLocation,POST,/verify,verifyFrequentLocation,r,r,read-verb,opid:verify,r,r,r,r,r,r,r,r,r
camara,MultiPointVPN,POST,/networks,createNetwork,x,x,floor,,x,x,x,x,x,x,x,x,x
camara,MultiPointVPN,PATCH,/networks/{serviceId},updateNetwork,w,x,party-noun,summary:network,x,x,x,x,x,x,x,x,x
camara,MultiPointVPN,GET,/networks/{serviceId},getNetwork,r,r,floor,,r,r,r,r,r,r,r,r,r
camara,MultiPointVPN,DELETE,/networks/{serviceId},deleteNetwork,w,x,party-noun,summary:network,x,x,x,x,x,x,x,x,x
camara,MultiPointVPN,POST,/assessment,assessConnectionFeasibility,r,r,read-verb,opid:assess,r,r,r,r,r,r,r,r,r
camara,NetworkAccessManagement,GET,/network-access-devices,getNetworkAccessDevices,r,r,floor,,r,r,r,r,r,r,r,r,r
camara,NetworkAccessManagement,GET,/network-access-devices/{networkAccessDeviceId},getNetworkAccessDevice,r,r,floor,,r,r,r,r,r,r,r,r,r
camara,NetworkAccessManagement,POST,/reboot-requests,createRebootRequest,x,x,live-verb,opid:reboot,x,x,x,x,x,x,x,x,x
camara,NetworkAccessManagement,GET,/reboot-requests,getRebootRequests,r,r,floor,,r,r,r,r,r,r,r,r,r
camara,NetworkAccessManagement,GET,/reboot-requests/{rebootRequestId},getRebootRequest,r,r,floor,,r,r,r,r,r,r,r,r,r
camara,NetworkAccessManagement,PATCH,/reboot-requests/{rebootRequestId},updateRebootRequest,x,x,live-verb,opid:reboot,x,x,x,x,x,x,x,x,x
camara,NetworkAccessManagement,DELETE,/reboot-requests/{rebootRequestId},deleteRebootRequest,w,x,live-verb,opid:reboot,x,x,x,x,x,x,x,x,x
camara,NetworkAccessManagement,GET,/services,getServices,r,r,floor,,r,r,r,r,r,r,r,r,r
camara,NetworkAccessManagement,GET,/services/{serviceId},getService,r,r,floor,,r,r,r,r,r,r,r,r,r
camara,NetworkAccessManagement,GET,/trust-domains/capabilities,getTrustDomainCapabilities,r,r,floor,,r,r,r,r,r,r,r,r,r
camara,NetworkAccessManagement,POST,/trust-domains,createTrustDomain,w,x,floor,,x,x,x,x,x,x,x,x,w
camara,NetworkAccessManagement,GET,/trust-domains,getTrustDomains,r,r,floor,,r,r,r,r,r,r,r,r,r
camara,NetworkAccessManagement,GET,/trust-domains/{trustDomainId},getTrustDomain,r,r,floor,,r,r,r,r,r,r,r,r,r
camara,NetworkAccessManagement,PATCH,/trust-domains/{trustDomainId},updateTrustDomain,w,x,floor,,x,x,x,x,x,x,x,w,x
camara,NetworkAccessManagement,DELETE,/trust-domains/{trustDomainId},deleteTrustDomain,w,w,floor,,w,w,w,w,w,w,w,w,w
camara,NetworkAccessManagement,POST,/trust-domains/{trustDomainId}/devices,createTrustDomainDevice,x,x,floor,,x,x,x,x,x,x,x,x,x
camara,NetworkAccessManagement,GET,/trust-domains/{trustDomainId}/devices,getTrustDomainDevices,r,r,floor,,r,r,r,r,r,r,r,r,r
camara,NetworkAccessManagement,GET,/trust-domains/{trustDomainId}/devices/{deviceId},getTrustDomainDevice,r,r,floor,,r,r,r,r,r,r,r,r,r
camara,NetworkAccessManagement,PATCH,/trust-domains/{trustDomainId}/devices/{deviceId},updateTrustDomainDevice,w,x,party-noun,summary:device,x,x,x,x,x,x,x,x,x
camara,NetworkAccessManagement,DELETE,/trust-domains/{trustDomainId}/devices/{deviceId},deleteTrustDomainDevice,w,x,party-noun,summary:device,x,x,x,x,x,x,x,x,x
camara,NetworkInsights,GET,/health-scores,getHealthScores,r,r,floor,,r,r,r,r,r,r,r,r,r
camara,NetworkInsights,GET,/traffic-analysis,getTrafficAnalysis,r,r,floor,,r,r,r,r,r,r,r,r,r
camara,NetworkSliceBooking,POST,/slices/{sliceId}/devices,assignDevice,x,x,floor,,x,x,x,x,x,x,x,x,x
camara,NetworkSliceBooking,GET,/slices/{sliceId}/devices,getDevices,r,r,floor,,r,r,r,r,r,r,r,r,r
camara,NetworkSliceBooking,POST,/slices/{sliceId}/release,releaseDevice,x,x,floor,,x,x,x,x,x,x,x,x,x
camara,NetworkSliceBooking,POST,/retrieve-slices,retrieveSlicesByDevice,r,r,read-verb,opid:retrieve,r,r,r,r,r,r,r,r,r
camara,NetworkSliceBooking,POST,/slices,createSlice,x,x,floor,,x,x,x,x,x,x,x,x,w
camara,NetworkSliceBooking,DELETE,/slices/{sliceId},deleteSlice,w,w,floor,,w,w,w,w,w,w,w,w,w
camara,NetworkSliceBooking,GET,/slices/{sliceId},getSlice,r,r,floor,,r,r,r,r,r,r,r,r,r
camara,NumberRecycling,POST,/check,checkNumberRecycling,r,r,read-verb,opid:check,r,r,r,r,r,r,r,r,r
camara,NumberVerification,POST,/verify,phoneNumberVerify,r,x,floor,,x,x,x,x,x,x,x,x,x
camara,NumberVerification,GET,/device-phone-number,phoneNumberShare,r,r,floor,,r,r,r,r,r,r,r,r,r
camara,OTPValidation,POST,/send-code,sendCode,x,x,live-verb,opid:send,x,x,x,x,x,x,x,x,x
camara,OTPValidation,POST,/validate-code,validateCode,w,x,floor,,x,x,x,x,x,x,x,x,x
camara,OptimalEdgeDiscovery,GET,/regions,getRegions,r,r,floor,,r,r,r,r,r,r,r,r,r
camara,OptimalEdgeDiscovery,POST,/retrieve-optimal-edge-cloud-zones,discoverOptimalEdge,r,x,floor,,x,x,x,x,x,x,x,x,x
camara,PopulationDensityData,POST,/retrieve,retrievePopulationDensity,r,r,read-verb,opid:retrieve,r,r,r,r,r,r,r,r,r
camara,PredictiveConnectivityData,POST,/retrieve,retrieveConnectivity,r,r,read-verb,opid:retrieve,r,r,r,r,r,r,r,r,r
camara,QoSBooking,POST,/qos-bookings,createBooking,x,x,floor,,x,x,x,x,x,x,x,x,w
camara,QoSBooking,GET,/qos-bookings/{bookingId},getBookingById,r,r,floor,,r,r,r,r,r,r,r,r,r
camara,QoSBooking,DELETE,/qos-bookings/{bookingId},deleteBooking,w,w,floor,,w,w,w,w,w,w,w,w,w
camara,QoSBooking,POST,/qos-bookings/{bookingId}/devices/assign,assignDevices,x,x,floor,,x,x,x,x,x,x,x,x,w
camara,QoSBooking,GET,/qos-bookings/{bookingId}/devices,getDevicesByBookingId,r,r,floor,,r,r,r,r,r,r,r,r,r
camara,QoSBooking,POST,/qos-bookings/{bookingId}/devices/release,releaseDevices,x,x,floor,,x,x,x,x,x,x,x,x,x
camara,QoSBooking,POST,/qos-bookings/retrieve,retrieveBookingByDevice,r,r,read-verb,opid:retrieve,r,r,r,r,r,r,r,r,r
camara,QoSBooking,POST,/device-qos-bookings,createBooking,x,x,floor,,x,x,x,x,x,x,x,x,w
camara,QoSBooking,GET,/device-qos-bookings/{bookingId},getBookingById,r,r,floor,,r,r,r,r,r,r,r,r,r
camara,QoSBooking,DELETE,/device-qos-bookings/{bookingId},deleteBooking,w,w,floor,,w,w,w,w,w,w,w,w,w
camara,QoSBooking,POST,/retrieve-device-qos-bookings,retrieveBookingByDevice,r,r,read-verb,opid:retrieve,r,r,r,r,r,r,r,r,r
camara,QualityOnDemand,POST,/retrieve-qos-profiles,retrieveQosProfiles,r,r,read-verb,opid:retrieve,r,r,r,r,r,r,r,r,r
camara,QualityOnDemand,GET,/qos-profiles/{name},getQosProfile,r,r,floor,,r,r,r,r,r,r,r,r,r
camara,QualityOnDemand,POST,/qos-assignments,createQosAssignment,x,x,live-verb,summary:trigger,x,x,x,x,x,x,x,x,x
camara,QualityOnDemand,GET,/qos-assignments/{assignmentId},getQosAssignmentById,r,r,floor,,r,r,r,r,r,r,r,r,r
camara,QualityOnDemand,DELETE,/qos-assignments/{assignmentId},revokeQosAssignment,w,x,live-verb,opid:revoke,x,x,x,x,x,x,x,x,x
camara,QualityOnDemand,POST,/retrieve-qos-assignment,getQosAssignmentByDevice,r,x,floor,,r,x,r,x,x,x,x,x,x
camara,QualityOnDemand,POST,/sessions,createSession,x,x,floor,,x,x,x,x,x,x,x,x,x
camara,QualityOnDemand,GET,/sessions/{sessionId},getSession,r,r,floor,,r,r,r,r,r,r,r,r,r
camara,QualityOnDemand,DELETE,/sessions/{sessionId},deleteSession,w,x,party-noun,summary:session,x,x,x,x,x,x,x,x,x
camara,QualityOnDemand,POST,/sessions/{sessionId}/extend,extendQosSessionDuration,x,x,floor,,x,x,x,x,x,x,x,x,x
camara,QualityOnDemand,POST,/retrieve-sessions,retrieveSessionsByDevice,r,r,read-verb,opid:retrieve,r,r,r,r,r,r,r,r,r
camara,RegionDeviceCount,POST,/count,count,r,r,read-verb,opid:count,r,r,r,r,r,r,r,r,r
camara,SessionInsights,POST,/sessions,createSession,x,x,floor,,x,x,x,x,x,x,x,x,x
camara,SessionInsights,GET,/sessions/{sessionId},getSession,r,r,floor,,r,r,r,r,r,r,r,r,r
camara,SessionInsights,DELETE,/sessions/{sessionId},deleteSession,w,x,party-noun,summary:session,x,x,x,x,x,x,x,x,x
camara,SessionInsights,POST,/retrieve-sessions,retrieveSessionsByDevice,r,r,read-verb,opid:retrieve,r,r,r,r,r,r,r,r,r
camara,SessionInsights,POST,/sessions/{sessionId}/metrics,sendSessionMetrics,x,x,live-verb,opid:send,x,x,x,x,x,x,x,x,x
camara,SimSwap,POST,/subscriptions,createSimSwapSubscription,x,x,floor,,x,x,x,x,x,x,x,x,w
camara,SimSwap,GET,/subscriptions,retrieveSubscriptionList,r,r,floor,,r,r,r,r,r,r,r,r,r
camara,SimSwap,GET,/subscriptions/{subscriptionId},retrieveSubscription,r,r,floor,,r,r,r,r,r,r,r,r,r
camara,SimSwap,DELETE,/subscriptions/{subscriptionId},deleteSubscription,w,w,floor,,w,w,w,w,w,w,w,w,w
camara,SimSwap,POST,/retrieve-date,retrieveSimSwapDate,r,r,read-verb,opid:retrieve,r,r,r,r,r,r,r,r,r
camara,SimSwap,POST,/check,checkSimSwap,r,r,read-verb,opid:check,r,r,r,r,r,r,r,r,r
camara,SimSwap,POST,/retrieve-age-band,retrieveSimSwapAgeBand,r,r,read-verb,opid:retrieve,r,r,r,r,r,r,r,r,r
camara,SimpleEdgeDiscovery,POST,/retrieve-closest-edge-cloud-zone,readClosestEdgeCloudZone,r,r,read-verb,opid:read,r,r,r,r,r,r,r,r,r
camara,SponsoredData,POST,/sponsorship,startSponsorship,x,x,live-verb,opid:start,x,x,x,x,x,x,x,x,x
camara,SponsoredData,GET,/sponsorship/{sponsorId}/{campaignId}/{sessionId}/session-status,getSessionStatus,r,r,floor,,r,r,r,r,r,r,r,r,r
camara,SponsoredData,DELETE,/sponsorship/{sponsorId}/{campaignId}/{sessionId}/revoke,revokeSponsorship,x,x,live-verb,opid:revoke,x,x,x,x,x,x,x,x,x
camara,SponsoredData,GET,/campaign/{sponsorId}/{campaignId}/campaign-status,getCampaignStatus,r,r,floor,,r,r,r,r,r,r,r,r,r
camara,SponsoredData,GET,/campaign/{sponsorId}/{campaignId}/active-sponsorships,getActiveSponsorships,r,r,floor,,r,r,r,r,r,r,r,r,r
camara,SponsoredData,POST,/campaign/{sponsorId}/{campaignId}/alert-subscription,configureAlerts,x,x,floor,,x,x,x,x,x,x,x,x,x
camara,SponsoredData,POST,/campaign/management,manageCampaign,w,x,floor,,x,x,x,x,x,x,x,x,x
camara,SubscriptionStatus,POST,/retrieve-subscription-status,retrieveSubscriptionStatus,r,r,read-verb,opid:retrieve,r,r,r,r,r,r,r,r,r
camara,Tenure,POST,/check-tenure,checkTenure,r,r,read-verb,opid:check,r,r,r,r,r,r,r,r,r
camara,TrafficInfluence,GET,/traffic-influences,getAllTrafficInfluences,r,r,floor,,r,r,r,r,r,r,r,r,r
camara,TrafficInfluence,POST,/traffic-influences,postTrafficInfluence,x,x,floor,,x,x,x,x,x,x,x,x,x
camara,TrafficInfluence,POST,/traffic-influence-devices,postTrafficInfluenceDevice,x,x,floor,,x,x,x,x,x,x,x,x,x
camara,TrafficInfluence,GET,/traffic-influences/{trafficInfluenceID},getTrafficInfluenceById,r,r,floor,,r,r,r,r,r,r,r,r,r
camara,TrafficInfluence,PATCH,/traffic-influences/{trafficInfluenceID},patchTrafficInfluence,x,x,floor,,x,x,x,x,x,x,x,w,x
camara,TrafficInfluence,DELETE,/traffic-influences/{trafficInfluenceID},deleteTrafficInfluence,x,w,floor,,w,w,w,w,w,w,w,w,w
camara,VerifiedCaller,POST,/registrations,createRegistration,x,x,floor,,x,x,x,x,x,x,x,x,w
camara,VerifiedCaller,GET,/registrations,readRegistrations,r,r,floor,,r,r,r,r,r,r,r,r,r
camara,VerifiedCaller,GET,/registrations/{registrationId},readRegistration,r,r,floor,,r,r,r,r,r,r,r,r,r
camara,VerifiedCaller,DELETE,/registrations/{registrationId},deleteRegistration,w,w,floor,,w,w,w,w,w,w,w,w,w
camara,VerifiedCaller,PUT,/registrations/{registrationId},updateRegistration,w,w,floor,,w,w,w,w,w,w,w,w,w
camara,VerifiedCaller,POST,/pre-announce,createPreAnnouncement,x,x,floor,,x,x,x,x,x,x,x,x,w
camara,WebRTC,POST,/sessions,createSession,x,x,floor,,x,x,x,x,x,x,x,x,x
camara,WebRTC,GET,/sessions/{mediaSessionId},getSessionDetailsById,r,r,floor,,r,r,r,r,r,r,r,r,r
camara,WebRTC,DELETE,/sessions/{mediaSessionId},deleteSessionById,x,x,live-verb,summary:cancel,x,x,x,x,x,x,x,x,x
camara,WebRTC,PUT,/sessions/{mediaSessionId}/status,updateSessionStatus,x,x,party-noun,opid:session,x,x,x,x,x,w,x,x,x
camara,WebRTC,POST,/subscriptions,createNotificationChannelSubscription,x,x,floor,,x,x,x,x,x,x,x,x,w
camara,WebRTC,GET,/subscriptions,retrieveNotificationChannelSubscriptionList,r,r,floor,,r,r,r,r,r,r,r,r,r
camara,WebRTC,GET,/subscriptions/{subscriptionId},retrieveNotificationChannelSubscription,r,r,floor,,r,r,r,r,r,r,r,r,r
camara,WebRTC,PUT,/subscriptions/{subscriptionId},updateNotificationChannelSubscription,w,w,floor,,w,w,w,w,w,w,w,w,w
camara,WebRTC,DELETE,/subscriptions/{subscriptionId},deleteNotificationChannelSubscription,w,w,floor,,w,w,w,w,w,w,w,w,w
camara,WebRTC,GET,/sessions,getRegistrationsByDeviceId,r,r,floor,,r,r,r,r,r,r,r,r,r
camara,WebRTC,POST,/sessions,createRegistration,x,x,floor,,x,x,x,x,x,x,x,x,w
camara,WebRTC,GET,/sessions/{registrationId},getRegistrationById,r,r,floor,,r,r,r,r,r,r,r,r,r
camara,WebRTC,PUT,/sessions/{registrationId},updateRegistrationById,w,w,floor,,w,w,w,w,w,w,w,w,w
camara,WebRTC,DELETE,/sessions/{registrationId},deleteRegistrationById,w,x,party-noun,summary:session,x,x,x,x,x,x,w,x,x
camara,eSimRemoteManagement,POST,/profile/result/query,profileResultQuery,r,x,floor,,x,r,r,x,x,x,x,x,x
camara,eSimRemoteManagement,POST,/profile/oper,profileOperation,x,x,floor,,x,x,x,x,x,x,x,x,x
camara,eSimRemoteManagement,POST,/profile/downloaded-list,profileList,r,x,floor,,x,r,r,x,x,x,x,x,x
camara,eSimRemoteManagement,POST,/profile/download,profileDownload,x,x,floor,,x,x,x,x,x,x,x,x,x
holdout1,twilio,POST,/2010-04-01/Accounts.json,CreateAccount,x,x,floor,,x,x,x,x,x,x,x,x,x
holdout1,twilio,POST,/2010-04-01/Accounts/{Sid}.json,UpdateAccount,w,x,floor,,x,x,x,x,x,x,x,x,x
holdout1,twilio,POST,/2010-04-01/Accounts/{AccountSid}/Addresses.json,CreateAddress,x,x,floor,,x,x,x,x,x,x,x,x,w
holdout1,twilio,POST,/2010-04-01/Accounts/{AccountSid}/Addresses/{Sid}.json,UpdateAddress,w,x,floor,,x,x,x,x,x,x,x,x,w
holdout1,twilio,DELETE,/2010-04-01/Accounts/{AccountSid}/Addresses/{Sid}.json,DeleteAddress,w,w,floor,,w,w,w,w,w,w,w,w,w
holdout1,twilio,POST,/2010-04-01/Accounts/{AccountSid}/Applications.json,CreateApplication,x,x,floor,,x,x,x,x,x,x,x,x,x
holdout1,twilio,POST,/2010-04-01/Accounts/{AccountSid}/Applications/{Sid}.json,UpdateApplication,w,x,floor,,x,x,x,x,x,x,x,x,w
holdout1,twilio,DELETE,/2010-04-01/Accounts/{AccountSid}/Applications/{Sid}.json,DeleteApplication,w,w,floor,,w,w,w,w,w,w,w,w,w
holdout1,twilio,POST,/2010-04-01/Accounts/{AccountSid}/Calls.json,CreateCall,x,x,floor,,x,x,x,x,x,x,x,x,x
holdout1,twilio,POST,/2010-04-01/Accounts/{AccountSid}/Calls/{Sid}.json,UpdateCall,x,x,floor,,x,x,x,x,x,x,x,x,x
holdout1,twilio,DELETE,/2010-04-01/Accounts/{AccountSid}/Calls/{Sid}.json,DeleteCall,w,w,floor,caller-phrase,w,w,w,w,w,w,w,w,w
holdout1,twilio,POST,/2010-04-01/Accounts/{AccountSid}/Calls/{CallSid}/Recordings.json,CreateCallRecording,x,x,floor,,x,x,x,x,x,x,x,x,w
holdout1,twilio,POST,/2010-04-01/Accounts/{AccountSid}/Calls/{CallSid}/Recordings/{Sid}.json,UpdateCallRecording,x,x,floor,,x,x,x,x,x,x,x,x,w
holdout1,twilio,DELETE,/2010-04-01/Accounts/{AccountSid}/Calls/{CallSid}/Recordings/{Sid}.json,DeleteCallRecording,w,w,floor,,w,w,w,w,w,w,w,w,w
holdout1,twilio,POST,/2010-04-01/Accounts/{AccountSid}/Conferences/{Sid}.json,UpdateConference,x,x,floor,,x,x,x,x,x,x,x,x,w
holdout1,twilio,POST,/2010-04-01/Accounts/{AccountSid}/Conferences/{ConferenceSid}/Recordings/{Sid}.json,UpdateConferenceRecording,x,x,floor,,x,x,x,x,x,x,x,x,w
holdout1,twilio,DELETE,/2010-04-01/Accounts/{AccountSid}/Conferences/{ConferenceSid}/Recordings/{Sid}.json,DeleteConferenceRecording,w,w,floor,,w,w,w,w,w,w,w,w,w
holdout1,twilio,POST,/2010-04-01/Accounts/{AccountSid}/ConnectApps/{Sid}.json,UpdateConnectApp,w,x,floor,,x,x,x,x,x,x,x,x,w
holdout1,twilio,DELETE,/2010-04-01/Accounts/{AccountSid}/ConnectApps/{Sid}.json,DeleteConnectApp,w,w,floor,,w,w,w,w,w,w,w,w,w
holdout1,twilio,POST,/2010-04-01/Accounts/{AccountSid}/IncomingPhoneNumbers/{Sid}.json,UpdateIncomingPhoneNumber,w,x,floor,,x,x,x,x,x,x,x,x,w
holdout1,twilio,DELETE,/2010-04-01/Accounts/{AccountSid}/IncomingPhoneNumbers/{Sid}.json,DeleteIncomingPhoneNumber,w,w,floor,,w,w,w,w,w,w,w,w,w
holdout1,twilio,POST,/2010-04-01/Accounts/{AccountSid}/IncomingPhoneNumbers.json,CreateIncomingPhoneNumber,x,x,floor,,x,x,x,x,x,x,x,x,w
holdout1,twilio,DELETE,/2010-04-01/Accounts/{AccountSid}/IncomingPhoneNumbers/{ResourceSid}/AssignedAddOns/{Sid}.json,DeleteIncomingPhoneNumberAssignedAddOn,w,x,party-noun,summary:assignment,x,x,x,x,x,x,w,x,x
holdout1,twilio,POST,/2010-04-01/Accounts/{AccountSid}/IncomingPhoneNumbers/{ResourceSid}/AssignedAddOns.json,CreateIncomingPhoneNumberAssignedAddOn,x,x,floor,,x,x,x,x,x,x,x,x,w
holdout1,twilio,POST,/2010-04-01/Accounts/{AccountSid}/IncomingPhoneNumbers/Local.json,CreateIncomingPhoneNumberLocal,x,x,floor,,x,x,x,x,x,x,x,x,w
holdout1,twilio,POST,/2010-04-01/Accounts/{AccountSid}/IncomingPhoneNumbers/Mobile.json,CreateIncomingPhoneNumberMobile,x,x,floor,,x,x,x,x,x,x,x,x,w
holdout1,twilio,POST,/2010-04-01/Accounts/{AccountSid}/IncomingPhoneNumbers/TollFree.json,CreateIncomingPhoneNumberTollFree,x,x,floor,,x,x,x,x,x,x,x,x,w
holdout1,twilio,POST,/2010-04-01/Accounts/{AccountSid}/Keys/{Sid}.json,UpdateKey,w,x,floor,,x,x,x,x,x,x,x,x,w
holdout1,twilio,DELETE,/2010-04-01/Accounts/{AccountSid}/Keys/{Sid}.json,DeleteKey,w,w,floor,,w,w,w,w,w,w,w,w,w
holdout1,twilio,POST,/2010-04-01/Accounts/{AccountSid}/Keys.json,CreateNewKey,x,x,floor,,x,x,x,x,x,x,x,x,w
holdout1,twilio,DELETE,/2010-04-01/Accounts/{AccountSid}/Messages/{MessageSid}/Media/{Sid}.json,DeleteMedia,w,w,floor,,w,w,w,w,w,w,w,w,w
holdout1,twilio,POST,/2010-04-01/Accounts/{AccountSid}/Queues/{QueueSid}/Members/{CallSid}.json,UpdateMember,x,x,floor,,x,x,x,x,x,x,x,x,x
holdout1,twilio,POST,/2010-04-01/Accounts/{AccountSid}/Messages.json,CreateMessage,x,x,live-verb,summary:send,x,x,x,x,x,x,x,x,x
holdout1,twilio,POST,/2010-04-01/Accounts/{AccountSid}/Messages/{Sid}.json,UpdateMessage,w,x,floor,,x,x,x,x,x,x,x,x,w
holdout1,twilio,DELETE,/2010-04-01/Accounts/{AccountSid}/Messages/{Sid}.json,DeleteMessage,w,w,floor,,w,w,w,w,w,w,w,w,w
holdout1,twilio,POST,/2010-04-01/Accounts/{AccountSid}/Messages/{MessageSid}/Feedback.json,CreateMessageFeedback,w,x,floor,,x,x,x,x,x,x,x,x,w
holdout1,twilio,POST,/2010-04-01/Accounts/{AccountSid}/SigningKeys.json,CreateNewSigningKey,x,x,floor,,x,x,x,x,x,x,x,x,w
holdout1,twilio,POST,/2010-04-01/Accounts/{AccountSid}/OutgoingCallerIds/{Sid}.json,UpdateOutgoingCallerId,w,x,floor,,x,x,x,x,x,x,x,x,w
holdout1,twilio,DELETE,/2010-04-01/Accounts/{AccountSid}/OutgoingCallerIds/{Sid}.json,DeleteOutgoingCallerId,w,w,floor,,w,w,w,w,w,w,w,w,w
holdout1,twilio,POST,/2010-04-01/Accounts/{AccountSid}/OutgoingCallerIds.json,CreateValidationRequest,x,x,floor,,x,x,x,x,x,x,x,x,w
holdout1,twilio,POST,/2010-04-01/Accounts/{AccountSid}/Conferences/{ConferenceSid}/Participants/{CallSid}.json,UpdateParticipant,x,x,floor,,x,x,x,x,x,x,x,x,x
holdout1,twilio,DELETE,/2010-04-01/Accounts/{AccountSid}/Conferences/{ConferenceSid}/Participants/{CallSid}.json,DeleteParticipant,x,x,live-verb,summary:kick,x,x,x,x,x,x,x,x,x
holdout1,twilio,POST,/2010-04-01/Accounts/{AccountSid}/Conferences/{ConferenceSid}/Participants.json,CreateParticipant,x,x,floor,,x,x,x,x,x,x,x,x,x
holdout1,twilio,POST,/2010-04-01/Accounts/{AccountSid}/Calls/{CallSid}/Payments.json,CreatePayments,x,x,floor,,x,x,x,x,x,x,x,x,w
holdout1,twilio,POST,/2010-04-01/Accounts/{AccountSid}/Calls/{CallSid}/Payments/{Sid}.json,UpdatePayments,x,x,floor,,x,x,x,x,x,x,x,x,w
holdout1,twilio,POST,/2010-04-01/Accounts/{AccountSid}/Queues/{Sid}.json,UpdateQueue,w,x,floor,,x,x,x,x,x,x,x,x,w
holdout1,twilio,DELETE,/2010-04-01/Accounts/{AccountSid}/Queues/{Sid}.json,DeleteQueue,w,w,floor,,w,w,w,w,w,w,w,w,w
holdout1,twilio,POST,/2010-04-01/Accounts/{AccountSid}/Queues.json,CreateQueue,x,x,floor,,x,x,x,x,x,x,x,x,w
holdout1,twilio,POST,/2010-04-01/Accounts/{AccountSid}/Calls/{CallSid}/Transcriptions.json,CreateRealtimeTranscription,x,x,floor,,x,x,x,x,x,x,x,x,w
holdout1,twilio,POST,/2010-04-01/Accounts/{AccountSid}/Calls/{CallSid}/Transcriptions/{Sid}.json,UpdateRealtimeTranscription,x,x,floor,,x,x,x,x,x,x,x,x,w
holdout1,twilio,DELETE,/2010-04-01/Accounts/{AccountSid}/Recordings/{Sid}.json,DeleteRecording,w,w,floor,,w,w,w,w,w,w,w,w,w
holdout1,twilio,DELETE,/2010-04-01/Accounts/{AccountSid}/Recordings/{ReferenceSid}/AddOnResults/{Sid}.json,DeleteRecordingAddOnResult,w,w,floor,,w,w,w,w,w,w,w,w,w
holdout1,twilio,DELETE,/2010-04-01/Accounts/{AccountSid}/Recordings/{ReferenceSid}/AddOnResults/{AddOnResultSid}/Payloads/{Sid}.json,DeleteRecordingAddOnResultPayload,w,w,floor,,w,w,w,w,w,w,w,w,w
holdout1,twilio,DELETE,/2010-04-01/Accounts/{AccountSid}/Recordings/{RecordingSid}/Transcriptions/{Sid}.json,DeleteRecordingTranscription,w,w,floor,,w,w,w,w,w,w,w,w,w
holdout1,twilio,POST,/2010-04-01/Accounts/{AccountSid}/SMS/ShortCodes/{Sid}.json,UpdateShortCode,w,x,floor,,x,x,x,x,x,x,x,x,w
holdout1,twilio,POST,/2010-04-01/Accounts/{AccountSid}/SigningKeys/{Sid}.json,UpdateSigningKey,w,x,floor,,x,x,x,x,x,x,x,x,w
holdout1,twilio,DELETE,/2010-04-01/Accounts/{AccountSid}/SigningKeys/{Sid}.json,DeleteSigningKey,w,w,floor,,w,w,w,w,w,w,w,w,w
holdout1,twilio,POST,/2010-04-01/Accounts/{AccountSid}/SIP/Domains/{DomainSid}/Auth/Calls/CredentialListMappings.json,CreateSipAuthCallsCredentialListMapping,x,x,floor,,x,x,x,x,x,x,x,x,w
holdout1,twilio,DELETE,/2010-04-01/Accounts/{AccountSid}/SIP/Domains/{DomainSid}/Auth/Calls/CredentialListMappings/{Sid}.json,DeleteSipAuthCallsCredentialListMapping,w,w,floor,,w,w,w,w,x,w,w,w,w
holdout1,twilio,POST,/2010-04-01/Accounts/{AccountSid}/SIP/Domains/{DomainSid}/Auth/Calls/IpAccessControlListMappings.json,CreateSipAuthCallsIpAccessControlListMapping,x,x,floor,,x,x,x,x,x,x,x,x,w
holdout1,twilio,DELETE,/2010-04-01/Accounts/{AccountSid}/SIP/Domains/{DomainSid}/Auth/Calls/IpAccessControlListMappings/{Sid}.json,DeleteSipAuthCallsIpAccessControlListMapping,w,w,floor,,w,w,w,w,x,w,w,w,w
holdout1,twilio,POST,/2010-04-01/Accounts/{AccountSid}/SIP/Domains/{DomainSid}/Auth/Registrations/CredentialListMappings.json,CreateSipAuthRegistrationsCredentialListMapping,x,x,floor,,x,x,x,x,x,x,x,x,w
holdout1,twilio,DELETE,/2010-04-01/Accounts/{AccountSid}/SIP/Domains/{DomainSid}/Auth/Registrations/CredentialListMappings/{Sid}.json,DeleteSipAuthRegistrationsCredentialListMapping,w,w,floor,,w,w,w,w,w,w,w,w,w
holdout1,twilio,POST,/2010-04-01/Accounts/{AccountSid}/SIP/CredentialLists/{CredentialListSid}/Credentials.json,CreateSipCredential,x,x,floor,,x,x,x,x,x,x,x,x,w
holdout1,twilio,POST,/2010-04-01/Accounts/{AccountSid}/SIP/CredentialLists/{CredentialListSid}/Credentials/{Sid}.json,UpdateSipCredential,w,x,floor,,x,x,x,x,x,x,x,x,w
holdout1,twilio,DELETE,/2010-04-01/Accounts/{AccountSid}/SIP/CredentialLists/{CredentialListSid}/Credentials/{Sid}.json,DeleteSipCredential,w,w,floor,,w,w,w,w,w,w,w,w,w
holdout1,twilio,POST,/2010-04-01/Accounts/{AccountSid}/SIP/CredentialLists.json,CreateSipCredentialList,x,x,floor,,x,x,x,x,x,x,x,x,w
holdout1,twilio,POST,/2010-04-01/Accounts/{AccountSid}/SIP/CredentialLists/{Sid}.json,UpdateSipCredentialList,w,x,floor,,x,x,x,x,x,x,x,x,w
holdout1,twilio,DELETE,/2010-04-01/Accounts/{AccountSid}/SIP/CredentialLists/{Sid}.json,DeleteSipCredentialList,w,w,floor,,w,w,w,w,w,w,w,w,w
holdout1,twilio,POST,/2010-04-01/Accounts/{AccountSid}/SIP/Domains/{DomainSid}/CredentialListMappings.json,CreateSipCredentialListMapping,x,x,floor,,x,x,x,x,x,x,x,x,w
holdout1,twilio,DELETE,/2010-04-01/Accounts/{AccountSid}/SIP/Domains/{DomainSid}/CredentialListMappings/{Sid}.json,DeleteSipCredentialListMapping,w,w,floor,,w,w,w,w,w,w,w,w,w
holdout1,twilio,POST,/2010-04-01/Accounts/{AccountSid}/SIP/Domains.json,CreateSipDomain,x,x,floor,,x,x,x,x,x,x,x,x,w
holdout1,twilio,POST,/2010-04-01/Accounts/{AccountSid}/SIP/Domains/{Sid}.json,UpdateSipDomain,w,x,floor,,x,x,x,x,x,x,x,x,w
holdout1,twilio,DELETE,/2010-04-01/Accounts/{AccountSid}/SIP/Domains/{Sid}.json,DeleteSipDomain,w,w,floor,,w,w,w,w,w,w,w,w,w
holdout1,twilio,POST,/2010-04-01/Accounts/{AccountSid}/SIP/IpAccessControlLists.json,CreateSipIpAccessControlList,x,x,floor,,x,x,x,x,x,x,x,x,w
holdout1,twilio,POST,/2010-04-01/Accounts/{AccountSid}/SIP/IpAccessControlLists/{Sid}.json,UpdateSipIpAccessControlList,w,x,floor,,x,x,x,x,x,x,x,x,w
holdout1,twilio,DELETE,/2010-04-01/Accounts/{AccountSid}/SIP/IpAccessControlLists/{Sid}.json,DeleteSipIpAccessControlList,w,w,floor,,w,w,w,w,x,w,w,w,w
holdout1,twilio,DELETE,/2010-04-01/Accounts/{AccountSid}/SIP/Domains/{DomainSid}/IpAccessControlListMappings/{Sid}.json,DeleteSipIpAccessControlListMapping,w,w,floor,,w,w,w,w,x,w,w,w,w
holdout1,twilio,POST,/2010-04-01/Accounts/{AccountSid}/SIP/Domains/{DomainSid}/IpAccessControlListMappings.json,CreateSipIpAccessControlListMapping,x,x,floor,,x,x,x,x,x,x,x,x,w
holdout1,twilio,POST,/2010-04-01/Accounts/{AccountSid}/SIP/IpAccessControlLists/{IpAccessControlListSid}/IpAddresses.json,CreateSipIpAddress,x,x,floor,,x,x,x,x,x,x,x,x,w
holdout1,twilio,POST,/2010-04-01/Accounts/{AccountSid}/SIP/IpAccessControlLists/{IpAccessControlListSid}/IpAddresses/{Sid}.json,UpdateSipIpAddress,w,x,floor,,x,x,x,x,x,x,x,x,w
holdout1,twilio,DELETE,/2010-04-01/Accounts/{AccountSid}/SIP/IpAccessControlLists/{IpAccessControlListSid}/IpAddresses/{Sid}.json,DeleteSipIpAddress,w,w,floor,,w,w,w,w,w,w,w,w,w
holdout1,twilio,POST,/2010-04-01/Accounts/{AccountSid}/Calls/{CallSid}/Siprec.json,CreateSiprec,x,x,floor,,x,x,x,x,x,x,x,x,w
holdout1,twilio,POST,/2010-04-01/Accounts/{AccountSid}/Calls/{CallSid}/Siprec/{Sid}.json,UpdateSiprec,w,x,floor,,x,x,x,x,x,x,x,x,w
holdout1,twilio,POST,/2010-04-01/Accounts/{AccountSid}/Calls/{CallSid}/Streams.json,CreateStream,x,x,floor,,x,x,x,x,x,x,x,x,w
holdout1,twilio,POST,/2010-04-01/Accounts/{AccountSid}/Calls/{CallSid}/Streams/{Sid}.json,UpdateStream,x,x,floor,,x,x,x,x,x,x,x,x,w
holdout1,twilio,POST,/2010-04-01/Accounts/{AccountSid}/Tokens.json,CreateToken,x,x,floor,,x,x,x,x,x,x,x,x,x
holdout1,twilio,DELETE,/2010-04-01/Accounts/{AccountSid}/Transcriptions/{Sid}.json,DeleteTranscription,w,w,floor,,w,w,w,w,w,w,w,w,w
holdout1,twilio,POST,/2010-04-01/Accounts/{AccountSid}/Usage/Triggers/{Sid}.json,UpdateUsageTrigger,w,x,live-verb,opid:trigger,x,x,x,x,x,x,x,x,x
holdout1,twilio,DELETE,/2010-04-01/Accounts/{AccountSid}/Usage/Triggers/{Sid}.json,DeleteUsageTrigger,w,x,live-verb,opid:trigger,x,x,x,x,x,x,x,x,x
holdout1,twilio,POST,/2010-04-01/Accounts/{AccountSid}/Usage/Triggers.json,CreateUsageTrigger,x,x,live-verb,opid:trigger,x,x,x,x,x,x,x,x,x
holdout1,twilio,POST,/2010-04-01/Accounts/{AccountSid}/Calls/{CallSid}/UserDefinedMessages.json,CreateUserDefinedMessage,x,x,floor,,x,x,x,x,x,x,x,x,w
holdout1,twilio,POST,/2010-04-01/Accounts/{AccountSid}/Calls/{CallSid}/UserDefinedMessageSubscriptions.json,CreateUserDefinedMessageSubscription,x,x,floor,,x,x,x,x,x,x,x,x,w
holdout1,twilio,DELETE,/2010-04-01/Accounts/{AccountSid}/Calls/{CallSid}/UserDefinedMessageSubscriptions/{Sid}.json,DeleteUserDefinedMessageSubscription,w,w,floor,,w,w,w,w,x,w,w,w,w
holdout1,stripe,DELETE,/v1/accounts/{account},DeleteAccountsAccount,x,x,party-noun,summary:account,x,x,x,x,x,x,x,x,x
holdout1,stripe,DELETE,/v1/accounts/{account}/bank_accounts/{id},DeleteAccountsAccountBankAccountsId,w,x,party-noun,summary:account,x,x,x,x,x,x,x,x,x
holdout1,stripe,DELETE,/v1/accounts/{account}/external_accounts/{id},DeleteAccountsAccountExternalAccountsId,w,x,party-noun,summary:account,x,x,x,x,x,x,x,x,x
holdout1,stripe,DELETE,/v1/accounts/{account}/people/{person},DeleteAccountsAccountPeoplePerson,w,x,party-noun,summary:person,x,x,x,x,x,x,x,x,x
holdout1,stripe,DELETE,/v1/accounts/{account}/persons/{person},DeleteAccountsAccountPersonsPerson,w,x,party-noun,summary:person,x,x,x,x,x,x,x,x,x
holdout1,stripe,DELETE,/v1/apple_pay/domains/{domain},DeleteApplePayDomainsDomain,w,x,live-verb,opid:pay,x,x,x,x,x,x,x,x,x
holdout1,stripe,DELETE,/v1/coupons/{coupon},DeleteCouponsCoupon,w,w,floor,,w,w,w,w,w,w,w,w,w
holdout1,stripe,DELETE,/v1/customers/{customer},DeleteCustomersCustomer,x,x,party-noun,summary:customer,x,x,x,x,x,x,x,x,x
holdout1,stripe,DELETE,/v1/customers/{customer}/bank_accounts/{id},DeleteCustomersCustomerBankAccountsId,w,x,party-noun,opid:account,x,x,x,x,x,w,x,x,x
holdout1,stripe,DELETE,/v1/customers/{customer}/cards/{id},DeleteCustomersCustomerCardsId,w,w,floor,,w,w,w,w,x,w,w,w,w
holdout1,stripe,DELETE,/v1/customers/{customer}/discount,DeleteCustomersCustomerDiscount,w,w,floor,,w,w,w,w,x,w,w,w,w
holdout1,stripe,DELETE,/v1/customers/{customer}/sources/{id},DeleteCustomersCustomerSourcesId,w,w,floor,,w,w,w,w,x,w,w,w,w
holdout1,stripe,DELETE,/v1/customers/{customer}/subscriptions/{subscription_exposed_id},DeleteCustomersCustomerSubscriptionsSubscriptionExposedId,x,x,live-verb,summary:cancel,x,x,x,x,x,x,x,x,x
holdout1,stripe,DELETE,/v1/customers/{customer}/subscriptions/{subscription_exposed_id}/discount,DeleteCustomersCustomerSubscriptionsSubscriptionExposedIdDiscount,w,w,floor,,w,w,w,w,x,w,w,w,w
holdout1,stripe,DELETE,/v1/customers/{customer}/tax_ids/{id},DeleteCustomersCustomerTaxIdsId,w,w,floor,,w,w,w,w,x,w,w,w,w
holdout1,stripe,DELETE,/v1/ephemeral_keys/{key},DeleteEphemeralKeysKey,w,w,floor,,w,w,w,w,w,w,w,w,w
holdout1,stripe,DELETE,/v1/invoiceitems/{invoiceitem},DeleteInvoiceitemsInvoiceitem,w,w,floor,,w,w,w,w,w,w,w,w,w
holdout1,stripe,DELETE,/v1/invoices/{invoice},DeleteInvoicesInvoice,w,w,floor,,w,w,w,w,w,w,w,w,w
holdout1,stripe,DELETE,/v1/plans/{plan},DeletePlansPlan,w,w,floor,,w,w,w,w,w,w,w,w,w
holdout1,stripe,DELETE,/v1/products/{id},DeleteProductsId,w,w,floor,,w,w,w,w,w,w,w,w,w
holdout1,stripe,DELETE,/v1/products/{product}/features/{id},DeleteProductsProductFeaturesId,w,w,floor,,w,w,w,w,w,w,w,w,w
holdout1,stripe,DELETE,/v1/radar/value_list_items/{item},DeleteRadarValueListItemsItem,w,w,floor,,w,w,w,w,w,w,w,w,w
holdout1,stripe,DELETE,/v1/radar/value_lists/{value_list},DeleteRadarValueListsValueList,w,w,floor,,w,w,w,w,w,w,w,w,w
holdout1,stripe,DELETE,/v1/subscription_items/{item},DeleteSubscriptionItemsItem,w,w,floor,,w,w,w,w,w,w,w,w,w
holdout1,stripe,DELETE,/v1/subscriptions/{subscription_exposed_id},DeleteSubscriptionsSubscriptionExposedId,x,x,live-verb,summary:cancel,x,x,x,x,x,x,x,x,x
holdout1,stripe,DELETE,/v1/subscriptions/{subscription_exposed_id}/discount,DeleteSubscriptionsSubscriptionExposedIdDiscount,w,w,floor,,w,w,w,w,w,w,w,w,w
holdout1,stripe,DELETE,/v1/tax_ids/{id},DeleteTaxIdsId,w,w,floor,,w,w,w,w,w,w,w,w,w
holdout1,stripe,DELETE,/v1/terminal/configurations/{configuration},DeleteTerminalConfigurationsConfiguration,w,w,floor,,w,w,w,w,w,w,w,w,w
holdout1,stripe,DELETE,/v1/terminal/locations/{location},DeleteTerminalLocationsLocation,w,w,floor,,w,w,w,w,w,w,w,w,w
holdout1,stripe,DELETE,/v1/terminal/readers/{reader},DeleteTerminalReadersReader,w,w,floor,,w,w,w,w,w,w,w,w,w
holdout1,stripe,DELETE,/v1/test_helpers/test_clocks/{test_clock},DeleteTestHelpersTestClocksTestClock,w,w,floor,,w,w,w,w,w,w,w,w,w
holdout1,stripe,DELETE,/v1/webhook_endpoints/{webhook_endpoint},DeleteWebhookEndpointsWebhookEndpoint,w,w,floor,,w,w,w,w,w,w,w,w,w
holdout1,github,DELETE,/app/installations/{installation_id},apps/delete-installation,x,x,party-noun,summary:installation,x,x,x,x,x,x,x,x,x
holdout1,github,DELETE,/applications/{client_id}/token,apps/delete-token,x,x,party-noun,summary:token,x,x,x,x,x,x,x,x,x
holdout1,github,DELETE,/enterprises/{enterprise}/code-security/configurations/{configuration_id},code-security/delete-configuration-for-enterprise,w,w,floor,,w,w,w,w,w,w,w,w,w
holdout1,github,PUT,/enterprises/{enterprise}/dependabot/repository-access/default-level,dependabot/set-repository-access-default-level-for-enterprise,w,w,floor,,w,w,w,w,x,w,w,w,w
holdout1,github,PUT,/enterprises/{enterprise}/teams/{enterprise-team}/organizations/{org},enterprise-team-organizations/add,x,x,party-noun,summary:assignment,x,x,x,x,x,x,w,x,x
holdout1,github,DELETE,/gists/{gist_id}/star,gists/unstar,w,w,floor,,w,w,w,w,w,w,w,w,w
holdout1,github,DELETE,/notifications/threads/{thread_id},activity/mark-thread-as-done,w,w,floor,,w,w,w,w,w,w,w,w,w
holdout1,github,PUT,/organizations/{org}/actions/cache/storage-limit,actions/set-actions-cache-storage-limit-for-organization,w,x,party-noun,opid:organization,x,x,x,x,x,w,x,x,x
holdout1,github,DELETE,/orgs/{org}/actions/hosted-runners/images/custom/{image_definition_id}/versions/{version},actions/delete-custom-image-version-from-org,w,w,floor,,w,w,w,w,w,w,w,w,w
holdout1,github,PUT,/orgs/{org}/actions/permissions,actions/set-github-actions-permissions-organization,w,x,party-noun,opid:organization,x,x,x,x,x,w,x,x,x
holdout1,github,PUT,/orgs/{org}/actions/permissions/repositories,actions/set-selected-repositories-enabled-github-actions-organization,w,x,party-noun,opid:organization,x,x,x,x,x,w,x,x,x
holdout1,github,PUT,/orgs/{org}/actions/permissions/self-hosted-runners,actions/set-self-hosted-runners-permissions-organization,w,x,party-noun,opid:organization,x,x,x,x,x,w,x,x,x
holdout1,github,PUT,/orgs/{org}/actions/permissions/workflow,actions/set-github-actions-default-workflow-permissions-organization,w,x,party-noun,opid:organization,x,x,x,x,x,w,x,x,x
holdout1,github,PUT,/orgs/{org}/actions/runner-groups/{runner_group_id}/repositories/{repository_id},actions/add-repo-access-to-self-hosted-runner-group-in-org,w,x,party-noun,summary:access,x,x,x,x,x,x,w,x,x
holdout1,github,DELETE,/orgs/{org}/actions/runners/{runner_id},actions/delete-self-hosted-runner-from-org,w,w,floor,,w,w,w,w,w,w,w,w,w
holdout1,github,DELETE,/orgs/{org}/actions/secrets/{secret_name},actions/delete-org-secret,w,w,floor,,w,w,w,w,w,w,w,w,w
holdout1,github,PUT,/orgs/{org}/actions/secrets/{secret_name}/repositories/{repository_id},actions/add-selected-repo-to-org-secret,w,x,party-noun,summary:repository,x,x,x,x,x,x,w,x,x
holdout1,github,PUT,/orgs/{org}/actions/variables/{name}/repositories/{repository_id},actions/add-selected-repo-to-org-variable,w,x,party-noun,summary:repository,x,x,x,x,x,x,w,x,x
holdout1,github,DELETE,/orgs/{org}/agents/secrets/{secret_name}/repositories/{repository_id},agents/remove-selected-repo-from-org-secret,w,x,party-noun,summary:repository,x,x,x,x,x,x,w,x,x
holdout1,github,DELETE,/orgs/{org}/agents/variables/{name}/repositories/{repository_id},agents/remove-selected-repo-from-org-variable,w,x,party-noun,summary:repository,x,x,x,x,x,x,w,x,x
holdout1,github,DELETE,/orgs/{org}/blocks/{username},orgs/unblock-user,w,x,party-noun,summary:user,x,x,x,x,x,x,x,x,x
holdout1,github,DELETE,/orgs/{org}/code-security/configurations/{configuration_id},code-security/delete-configuration,w,w,floor,,w,w,w,w,w,w,w,w,w
holdout1,github,DELETE,/orgs/{org}/codespaces/secrets/{secret_name},codespaces/delete-org-secret,w,w,floor,,w,w,w,w,w,w,w,w,w
holdout1,github,PUT,/orgs/{org}/codespaces/secrets/{secret_name}/repositories/{repository_id},codespaces/add-selected-repo-to-org-secret,w,x,party-noun,summary:repository,x,x,x,x,x,x,w,x,x
holdout1,github,PUT,/orgs/{org}/copilot-spaces/{space_number}/collaborators/{actor_type}/{actor_identifier},copilot-spaces/update-collaborator-for-org,x,x,party-noun,summary:role,x,x,x,x,x,x,w,x,x
holdout1,github,DELETE,/orgs/{org}/copilot/billing/selected_users,copilot/cancel-copilot-seat-assignment-for-users,x,x,party-noun,summary:user,x,x,x,x,x,x,x,x,x
holdout1,github,PUT,/orgs/{org}/copilot/coding-agent/permissions/repositories/{repository_id},copilot/enable-copilot-coding-agent-for-repository-in-organization,w,x,party-noun,summary:repository,x,x,x,x,x,x,x,x,x
holdout1,github,PUT,/orgs/{org}/dependabot/secrets/{secret_name},dependabot/create-or-update-org-secret,w,w,floor,,w,w,w,w,w,w,w,w,w
holdout1,github,DELETE,/orgs/{org}/hooks/{hook_id},orgs/delete-webhook,w,w,floor,,w,w,w,w,w,w,w,w,w
holdout1,github,DELETE,/orgs/{org}/issue-fields/{issue_field_id},orgs/delete-issue-field,w,w,floor,,w,w,w,w,w,w,w,w,w
holdout1,github,DELETE,/orgs/{org}/members/{username}/codespaces/{codespace_name},codespaces/delete-from-organization,x,x,party-noun,opid:organization,x,x,x,x,x,w,x,x,x
holdout1,github,DELETE,/orgs/{org}/migrations/{migration_id}/repos/{repo_name}/lock,migrations/unlock-repo-for-org,w,x,party-noun,summary:repository,x,x,x,x,x,x,w,x,x
holdout1,github,DELETE,/orgs/{org}/organization-roles/users/{username},orgs/revoke-all-org-roles-user,x,x,party-noun,opid:user,x,x,x,x,x,w,x,x,x
holdout1,github,PUT,/orgs/{org}/outside_collaborators/{username},orgs/convert-member-to-outside-collaborator,x,x,live-verb,summary:convert,x,x,x,x,x,x,x,x,x
holdout1,github,DELETE,/orgs/{org}/projectsV2/{project_number}/items/{item_id},projects/delete-item-for-org,w,w,floor,,w,w,w,w,w,w,w,w,w
holdout1,github,PUT,/orgs/{org}/public_members/{username},orgs/set-public-membership-for-authenticated-user,w,w,floor,caller-phrase,w,w,w,w,w,w,w,w,w
holdout1,github,DELETE,/orgs/{org}/security-managers/teams/{team_slug},orgs/remove-security-manager-team,x,x,party-noun,summary:team,x,x,x,x,x,x,x,x,x
holdout1,github,DELETE,/orgs/{org}/settings/immutable-releases/repositories/{repository_id},orgs/disable-selected-repository-immutable-releases-organization,w,x,party-noun,summary:repository,x,x,x,x,x,x,x,x,x
holdout1,github,DELETE,/orgs/{org}/teams/{team_slug}/memberships/{username},teams/remove-membership-for-user-in-org,x,x,party-noun,summary:membership,x,x,x,x,x,x,w,x,x
holdout1,github,DELETE,/repos/{owner}/{repo},repos/delete,x,x,party-noun,summary:repository,x,x,x,x,x,x,w,x,x
holdout1,github,DELETE,/repos/{owner}/{repo}/actions/caches,actions/delete-actions-cache-by-key,w,w,floor,,w,w,w,w,w,w,w,w,w
holdout1,github,PUT,/repos/{owner}/{repo}/actions/permissions/access,actions/set-workflow-access-to-repository,w,x,party-noun,opid:repository,x,x,x,x,x,w,x,x,x
holdout1,github,PUT,/repos/{owner}/{repo}/actions/permissions/selected-actions,actions/set-allowed-actions-repository,w,x,party-noun,opid:repository,x,x,x,x,x,w,x,x,x
holdout1,github,PUT,/repos/{owner}/{repo}/actions/runners/{runner_id}/labels,actions/set-custom-labels-for-self-hosted-runner-for-repo,w,w,floor,,w,w,w,w,w,w,w,w,w
holdout1,github,DELETE,/repos/{owner}/{repo}/actions/secrets/{secret_name},actions/delete-repo-secret,w,w,floor,,w,w,w,w,w,w,w,w,w
holdout1,github,PUT,/repos/{owner}/{repo}/actions/workflows/{workflow_id}/enable,actions/enable-workflow,w,w,floor,,w,w,w,w,w,w,w,w,w
holdout1,github,DELETE,/repos/{owner}/{repo}/autolinks/{autolink_id},repos/delete-autolink,w,w,floor,,w,w,w,w,w,w,w,w,w
holdout1,github,PUT,/repos/{owner}/{repo}/branches/{branch}/protection,repos/update-branch-protection,w,w,floor,,w,w,w,w,w,w,w,w,w
holdout1,github,DELETE,/repos/{owner}/{repo}/branches/{branch}/protection/required_status_checks,repos/remove-status-check-protection,w,w,floor,,w,w,w,w,w,w,w,w,w
holdout1,github,DELETE,/repos/{owner}/{repo}/branches/{branch}/protection/restrictions/apps,repos/remove-app-access-restrictions,x,x,party-noun,summary:restriction,x,x,x,x,x,x,x,x,x
holdout1,github,DELETE,/repos/{owner}/{repo}/branches/{branch}/protection/restrictions/users,repos/remove-user-access-restrictions,x,x,party-noun,summary:restriction,x,x,x,x,x,x,x,x,x
holdout1,github,DELETE,/repos/{owner}/{repo}/codespaces/secrets/{secret_name},codespaces/delete-repo-secret,w,w,floor,,w,w,w,w,w,w,w,w,w
holdout1,github,DELETE,/repos/{owner}/{repo}/comments/{comment_id},repos/delete-commit-comment,w,w,floor,,w,w,w,w,w,w,w,w,w
holdout1,github,DELETE,/repos/{owner}/{repo}/dependabot/secrets/{secret_name},dependabot/delete-repo-secret,w,w,floor,,w,w,w,w,w,w,w,w,w
holdout1,github,PUT,/repos/{owner}/{repo}/environments/{environment_name},repos/create-or-update-environment,w,w,floor,,w,w,w,w,w,w,w,w,w
holdout1,github,DELETE,/repos/{owner}/{repo}/environments/{environment_name}/secrets/{secret_name},actions/delete-environment-secret,w,w,floor,,w,w,w,w,w,w,w,w,w
holdout1,github,DELETE,/repos/{owner}/{repo}/hooks/{hook_id},repos/delete-webhook,w,w,floor,,w,w,w,w,w,w,w,w,w
holdout1,github,PUT,/repos/{owner}/{repo}/import,migrations/start-import,x,x,live-verb,summary:start,x,x,x,x,x,x,x,x,x
holdout1,github,PUT,/repos/{owner}/{repo}/interaction-limits/pulls/bypass-list,interactions/set-pull-request-bypass-list-for-repo,w,x,party-noun,summary:user,x,x,x,x,x,x,w,x,x
holdout1,github,PUT,/repos/{owner}/{repo}/issues/comments/{comment_id}/pin,issues/pin-comment,w,w,floor,,w,w,w,w,w,w,w,w,w
holdout1,github,PUT,/repos/{owner}/{repo}/issues/{issue_number}/issue-field-values,issues/set-issue-field-values,x,w,floor,,w,w,w,w,w,w,w,w,w
holdout1,github,DELETE,/repos/{owner}/{repo}/issues/{issue_number}/labels/{name},issues/remove-label,w,w,floor,,w,w,w,w,w,w,w,w,w
holdout1,github,DELETE,/repos/{owner}/{repo}/issues/{issue_number}/sub_issue,issues/remove-sub-issue,x,w,floor,,w,w,w,w,w,w,w,w,w
holdout1,github,PUT,/repos/{owner}/{repo}/notifications,activity/mark-repo-notifications-as-read,w,w,floor,,w,w,w,w,w,w,w,w,w
holdout1,github,PUT,/repos/{owner}/{repo}/private-vulnerability-reporting,repos/enable-private-vulnerability-reporting,w,w,floor,,w,w,w,w,w,w,w,w,w
holdout1,github,PUT,/repos/{owner}/{repo}/pulls/{pull_number}/merge-async,pulls/merge-async,x,x,live-verb,summary:merge,x,x,x,x,x,x,x,x,x
holdout1,github,PUT,/repos/{owner}/{repo}/pulls/{pull_number}/reviews/{review_id}/dismissals,pulls/dismiss-review,w,w,floor,,w,w,w,w,w,w,w,w,w
holdout1,github,DELETE,/repos/{owner}/{repo}/releases/{release_id}/reactions/{reaction_id},reactions/delete-for-release,w,w,floor,,w,w,w,w,w,w,w,w,w
holdout1,github,DELETE,/repos/{owner}/{repo}/subscription,activity/delete-repo-subscription,w,w,floor,,w,w,w,w,w,w,w,w,w
holdout1,github,PUT,/repos/{owner}/{repo}/vulnerability-alerts,repos/enable-vulnerability-alerts,w,w,floor,,w,w,w,w,w,w,w,w,w
holdout1,github,DELETE,/teams/{team_id}/memberships/{username},teams/remove-membership-for-user-legacy,x,x,party-noun,summary:membership,x,x,x,x,x,x,w,x,x
holdout1,github,DELETE,/user/blocks/{username},users/unblock,w,x,party-noun,summary:user,x,x,x,w,x,x,w,x,x
holdout1,github,PUT,/user/codespaces/secrets/{secret_name}/repositories,codespaces/set-repositories-for-secret-for-authenticated-user,w,x,party-noun,opid:user,x,x,x,w,x,w,x,x,x
holdout1,github,DELETE,/user/emails,users/delete-email-for-authenticated-user,w,w,floor,caller-phrase,w,w,w,w,w,w,w,w,w
holdout1,github,DELETE,/user/installations/{installation_id}/repositories/{repository_id},apps/remove-repo-from-installation-for-authenticated-user,x,x,party-noun,summary:repository,x,x,x,w,x,x,x,x,x
holdout1,github,DELETE,/user/keys/{key_id},users/delete-public-ssh-key-for-authenticated-user,w,w,floor,caller-phrase,w,w,w,w,w,w,w,w,w
holdout1,github,DELETE,/user/packages/{package_type}/{package_name}/versions/{package_version_id},packages/delete-package-version-for-authenticated-user,w,w,floor,caller-phrase,w,w,w,w,w,w,w,w,w
holdout1,github,DELETE,/user/starred/{owner}/{repo},activity/unstar-repo-for-authenticated-user,w,w,floor,caller-phrase,w,w,w,w,w,w,w,w,w
holdout1,github,DELETE,/users/{username}/copilot-spaces/{space_number},copilot-spaces/delete-for-user,w,x,party-noun,opid:user,x,x,x,x,x,w,x,x,x
holdout1,github,DELETE,/users/{username}/copilot-spaces/{space_number}/resources/{space_resource_id},copilot-spaces/delete-resource-for-user,w,x,party-noun,opid:user,x,x,x,x,x,w,x,x,x
holdout1,github,DELETE,/users/{username}/projectsV2/{project_number}/items/{item_id},projects/delete-item-for-user,w,x,party-noun,opid:user,x,x,x,x,x,w,x,x,x
holdout2,box,POST,/ai/ask,post_ai_ask,r,x,floor,,x,x,x,x,x,x,x,x,x
holdout2,box,POST,/ai/text_gen,post_ai_text_gen,r,x,floor,,x,x,x,x,x,x,x,x,x
holdout2,box,POST,/ai_agents,post_ai_agents,x,x,floor,,x,x,x,x,x,x,x,x,x
holdout2,box,PUT,/ai_agents/{agent_id},put_ai_agents_id,w,w,floor,,w,w,w,w,w,w,w,w,w
holdout2,box,POST,/collaboration_whitelist_entries,post_collaboration_whitelist_entries,x,x,floor,,x,x,x,x,x,x,x,x,x
holdout2,box,GET,/collaboration_whitelist_exempt_targets,get_collaboration_whitelist_exempt_targets,r,r,floor,,r,r,r,r,r,r,r,r,r
holdout2,box,GET,/collaboration_whitelist_exempt_targets/{collaboration_whitelist_exempt_target_id},get_collaboration_whitelist_exempt_targets_id,r,r,floor,,r,r,r,r,r,r,r,r,r
holdout2,box,DELETE,/collaborations/{collaboration_id},delete_collaborations_id,x,x,party-noun,summary:collaboration,x,x,x,x,x,x,w,x,x
holdout2,box,GET,/collections,get_collections,r,r,floor,,r,r,r,r,r,r,r,r,r
holdout2,box,POST,/comments,post_comments,x,x,floor,,x,x,x,x,x,x,x,x,x
holdout2,box,PUT,/comments/{comment_id},put_comments_id,w,w,floor,,w,w,w,w,w,w,w,w,w
holdout2,box,GET,/enterprises/{enterprise_id}/device_pinners,get_enterprises_id_device_pinners,r,r,floor,,r,r,r,r,r,r,r,r,r
holdout2,box,GET,/file_requests/{file_request_id},get_file_requests_id,r,r,floor,,r,r,r,r,r,r,r,r,r
holdout2,box,GET,/file_version_legal_holds,get_file_version_legal_holds,r,r,floor,,r,r,r,r,r,r,r,r,r
holdout2,box,GET,/file_version_retentions/{file_version_retention_id},get_file_version_retentions_id,r,r,floor,,r,r,r,r,r,r,r,r,r
holdout2,box,DELETE,/files/upload_sessions/{upload_session_id},delete_files_upload_sessions_id,w,x,party-noun,summary:session,x,x,x,x,x,x,x,x,x
holdout2,box,POST,/files/upload_sessions/{upload_session_id}/commit,post_files_upload_sessions_id_commit,x,x,floor,,x,x,x,x,x,x,x,x,x
holdout2,box,DELETE,/files/{file_id},delete_files_id,w,w,floor,,w,w,w,w,w,w,w,w,w
holdout2,box,PUT,/files/{file_id},put_files_id,w,w,floor,,w,w,w,w,w,w,w,w,w
holdout2,box,PUT,/files/{file_id}#remove_shared_link,put_files_id#remove_shared_link,w,w,floor,,w,w,w,w,w,w,w,w,w
holdout2,box,GET,/files/{file_id}/collaborations,get_files_id_collaborations,r,r,floor,,r,r,r,r,r,r,r,r,r
holdout2,box,POST,/files/{file_id}/content,post_files_id_content,x,x,floor,,x,x,x,x,x,x,x,x,x
holdout2,box,DELETE,/files/{file_id}/metadata/enterprise/securityClassification-6VMVochwUWo,delete_files_id_metadata_enterprise_securityClassification-6VMVochwUWo,w,w,floor,,w,w,w,w,w,w,w,w,w
holdout2,box,PUT,/files/{file_id}/metadata/enterprise/securityClassification-6VMVochwUWo,put_files_id_metadata_enterprise_securityClassification-6VMVochwUWo,w,w,floor,,w,w,w,w,w,w,w,w,w
holdout2,box,POST,/files/{file_id}/metadata/global/boxSkillsCards,post_files_id_metadata_global_boxSkillsCards,w,x,floor,,x,x,x,x,x,x,x,x,x
holdout2,box,GET,/files/{file_id}/metadata/{scope}/{template_key},get_files_id_metadata_id_id,r,r,floor,,r,r,r,r,r,r,r,r,r
holdout2,box,GET,/files/{file_id}/tasks,get_files_id_tasks,r,r,floor,,r,r,r,r,r,r,r,r,r
holdout2,box,GET,/files/{file_id}/trash,get_files_id_trash,r,r,floor,,r,r,r,r,r,r,r,r,r
holdout2,box,POST,/files/{file_id}/versions/current,post_files_id_versions_current,x,x,floor,,x,x,x,x,x,x,x,x,x
holdout2,box,PUT,/files/{file_id}/versions/{file_version_id},put_files_id_versions_id,w,w,floor,,w,w,w,w,w,w,w,w,w
holdout2,box,PUT,/files/{file_id}/watermark,put_files_id_watermark,w,w,floor,,w,w,w,w,w,w,w,w,w
holdout2,box,DELETE,/folder_locks/{folder_lock_id},delete_folder_locks_id,w,w,floor,,w,w,w,w,w,w,w,w,w
holdout2,box,DELETE,/folders/{folder_id},delete_folders_id,w,w,floor,,w,w,w,w,w,w,w,w,w
holdout2,box,PUT,/folders/{folder_id},put_folders_id,w,w,floor,,w,w,w,w,w,w,w,w,w
holdout2,box,PUT,/folders/{folder_id}#remove_shared_link,put_folders_id#remove_shared_link,w,w,floor,,w,w,w,w,w,w,w,w,w
holdout2,box,GET,/folders/{folder_id}/collaborations,get_folders_id_collaborations,r,r,floor,,r,r,r,r,r,r,r,r,r
holdout2,box,GET,/folders/{folder_id}/metadata,get_folders_id_metadata,r,r,floor,,r,r,r,r,r,r,r,r,r
holdout2,box,POST,/folders/{folder_id}/metadata/enterprise/securityClassification-6VMVochwUWo,post_folders_id_metadata_enterprise_securityClassification-6VMVochwUWo,w,x,floor,,x,x,x,x,x,x,x,x,x
holdout2,box,GET,/folders/{folder_id}/metadata/{scope}/{template_key},get_folders_id_metadata_id_id,r,r,floor,,r,r,r,r,r,r,r,r,r
holdout2,box,DELETE,/folders/{folder_id}/trash,delete_folders_id_trash,w,w,floor,,w,w,w,w,w,w,w,w,w
holdout2,box,GET,/folders/{folder_id}/watermark,get_folders_id_watermark,r,r,floor,,r,r,r,r,r,r,r,r,r
holdout2,box,DELETE,/group_memberships/{group_membership_id},delete_group_memberships_id,x,x,party-noun,summary:user,x,x,x,x,x,x,x,x,x
holdout2,box,GET,/groups,get_groups,r,r,floor,,r,r,r,r,r,r,r,r,r
holdout2,box,DELETE,/groups/{group_id},delete_groups_id,x,x,party-noun,summary:group,x,x,x,x,x,x,w,x,x
holdout2,box,GET,/groups/{group_id}/collaborations,get_groups_id_collaborations,r,r,floor,,r,r,r,r,r,r,r,r,r
holdout2,box,POST,/integration_mappings/slack,post_integration_mappings_slack,x,x,floor,,x,x,x,x,x,x,x,x,x
holdout2,box,GET,/integration_mappings/teams,get_integration_mappings_teams,r,r,floor,,r,r,r,r,r,r,r,r,r
holdout2,box,PUT,/integration_mappings/teams/{integration_mapping_id},put_integration_mappings_teams_id,w,x,party-noun,opid:team,x,x,x,x,x,w,x,x,x
holdout2,box,GET,/legal_hold_policies,get_legal_hold_policies,r,r,floor,,r,r,r,r,r,r,r,r,r
holdout2,box,GET,/legal_hold_policies/{legal_hold_policy_id},get_legal_hold_policies_id,r,r,floor,,r,r,r,r,r,r,r,r,r
holdout2,box,POST,/legal_hold_policy_assignments,post_legal_hold_policy_assignments,x,x,floor,,x,x,x,x,x,x,x,x,x
holdout2,box,GET,/legal_hold_policy_assignments/{legal_hold_policy_assignment_id}/file_versions_on_hold,get_legal_hold_policy_assignments_id_file_versions_on_hold,r,r,floor,,r,r,r,r,r,r,r,r,r
holdout2,box,POST,/metadata_cascade_policies,post_metadata_cascade_policies,x,x,floor,,x,x,x,x,x,x,x,x,x
holdout2,box,POST,/metadata_cascade_policies/{metadata_cascade_policy_id}/apply,post_metadata_cascade_policies_id_apply,w,x,floor,,x,x,x,x,x,x,x,x,x
holdout2,box,GET,/metadata_taxonomies/{namespace},get_metadata_taxonomies_id,r,r,floor,,r,r,r,r,r,r,r,r,r
holdout2,box,PATCH,/metadata_taxonomies/{namespace}/{taxonomy_key},patch_metadata_taxonomies_id_id,w,x,floor,,x,x,x,x,x,x,x,x,x
holdout2,box,POST,/metadata_taxonomies/{namespace}/{taxonomy_key}/levels:append,post_metadata_taxonomies_id_id_levels:append,x,x,floor,,x,x,x,x,x,x,x,x,x
holdout2,box,POST,/metadata_taxonomies/{namespace}/{taxonomy_key}/nodes,post_metadata_taxonomies_id_id_nodes,x,x,floor,,x,x,x,x,x,x,x,x,x
holdout2,box,PATCH,/metadata_taxonomies/{namespace}/{taxonomy_key}/nodes/{node_id},patch_metadata_taxonomies_id_id_nodes_id,w,x,floor,,x,x,x,x,x,x,x,x,x
holdout2,box,GET,/metadata_templates/enterprise/securityClassification-6VMVochwUWo/schema,get_metadata_templates_enterprise_securityClassification-6VMVochwUWo_schema,r,r,floor,,r,r,r,r,r,r,r,r,r
holdout2,box,GET,/metadata_templates/global,get_metadata_templates_global,r,r,floor,,r,r,r,r,r,r,r,r,r
holdout2,box,GET,/metadata_templates/{namespace}/{template_key}/fields/{field_key}/options,get_metadata_templates_id_id_fields_id_options,r,r,floor,,r,r,r,r,r,r,r,r,r
holdout2,box,PUT,/metadata_templates/{scope}/{template_key}/schema,put_metadata_templates_id_id_schema,w,w,floor,,w,w,w,w,w,w,w,w,w
holdout2,box,POST,/oauth2/token,post_oauth2_token,x,x,floor,,x,x,x,x,x,x,x,x,x
holdout2,box,GET,/retention_policies,get_retention_policies,r,r,floor,,r,r,r,r,r,r,r,r,r
holdout2,box,GET,/retention_policies/{retention_policy_id},get_retention_policies_id,r,r,floor,,r,r,r,r,r,r,r,r,r
holdout2,box,POST,/retention_policy_assignments,post_retention_policy_assignments,x,x,floor,,x,x,x,x,x,x,x,x,x
holdout2,box,GET,/retention_policy_assignments/{retention_policy_assignment_id}/file_versions_under_retention,get_retention_policy_assignments_id_file_versions_under_retention,r,r,floor,,r,r,r,r,r,r,r,r,r
holdout2,box,GET,/shared_items,get_shared_items,r,r,floor,,r,r,r,r,r,r,r,r,r
holdout2,box,GET,/shared_items#web_links,get_shared_items#web_links,r,r,floor,,r,r,r,r,r,r,r,r,r
holdout2,box,GET,/shield_information_barrier_reports/{shield_information_barrier_report_id},get_shield_information_barrier_reports_id,r,r,floor,,r,r,r,r,r,r,r,r,r
holdout2,box,DELETE,/shield_information_barrier_segment_members/{shield_information_barrier_segment_member_id},delete_shield_information_barrier_segment_members_id,x,x,party-noun,summary:member,x,x,x,x,x,x,x,x,x
holdout2,box,POST,/shield_information_barrier_segment_restrictions,post_shield_information_barrier_segment_restrictions,x,x,floor,,x,x,x,x,x,x,x,x,x
holdout2,box,GET,/shield_information_barrier_segments,get_shield_information_barrier_segments,r,r,floor,,r,r,r,r,r,r,r,r,r
holdout2,box,GET,/shield_information_barrier_segments/{shield_information_barrier_segment_id},get_shield_information_barrier_segments_id,r,r,floor,,r,r,r,r,r,r,r,r,r
holdout2,box,POST,/shield_information_barriers,post_shield_information_barriers,x,x,floor,,x,x,x,x,x,x,x,x,x
holdout2,box,GET,/sign_requests,get_sign_requests,r,r,floor,,r,r,r,r,r,r,r,r,r
holdout2,box,POST,/sign_requests/{sign_request_id}/cancel,post_sign_requests_id_cancel,x,x,live-verb,opid:cancel,x,x,x,x,x,x,x,x,x
holdout2,box,GET,/sign_templates/{template_id},get_sign_templates_id,r,r,floor,,r,r,r,r,r,r,r,r,r
holdout2,box,GET,/storage_policies/{storage_policy_id},get_storage_policies_id,r,r,floor,,r,r,r,r,r,r,r,r,r
holdout2,box,DELETE,/storage_policy_assignments/{storage_policy_assignment_id},delete_storage_policy_assignments_id,w,x,party-noun,opid:assignment,x,x,x,x,x,w,x,x,x
holdout2,box,POST,/task_assignments,post_task_assignments,x,x,floor,,x,x,x,x,x,x,x,x,x
holdout2,box,PUT,/task_assignments/{task_assignment_id},put_task_assignments_id,w,x,party-noun,summary:assignment,x,x,x,x,x,x,x,x,x
holdout2,box,GET,/tasks/{task_id},get_tasks_id,r,r,floor,,r,r,r,r,r,r,r,r,r
holdout2,box,GET,/terms_of_service_user_statuses,get_terms_of_service_user_statuses,r,r,floor,,r,r,r,r,r,r,r,r,r
holdout2,box,GET,/terms_of_services,get_terms_of_services,r,r,floor,,r,r,r,r,r,r,r,r,r
holdout2,box,PUT,/terms_of_services/{terms_of_service_id},put_terms_of_services_id,w,w,floor,,w,w,w,w,w,w,w,w,w
holdout2,box,GET,/users/me,get_users_me,r,r,floor,,r,r,r,r,r,r,r,r,r
holdout2,box,GET,/users/{user_id},get_users_id,r,r,floor,,r,r,r,r,r,r,r,r,r
holdout2,box,GET,/users/{user_id}/avatar,get_users_id_avatar,r,r,floor,,r,r,r,r,r,r,r,r,r
holdout2,box,POST,/users/{user_id}/email_aliases,post_users_id_email_aliases,x,x,floor,,x,x,x,x,x,x,x,x,x
holdout2,box,GET,/users/{user_id}/memberships,get_users_id_memberships,r,r,floor,,r,r,r,r,r,r,r,r,r
holdout2,box,GET,/web_links/{web_link_id},get_web_links_id,r,r,floor,,r,r,r,r,r,r,r,r,r
holdout2,box,PUT,/web_links/{web_link_id}#add_shared_link,put_web_links_id#add_shared_link,w,w,floor,,w,w,w,w,w,w,w,w,w
holdout2,box,PUT,/web_links/{web_link_id}#update_shared_link,put_web_links_id#update_shared_link,w,w,floor,,w,w,w,w,w,w,w,w,w
holdout2,box,GET,/webhooks,get_webhooks,r,r,floor,,r,r,r,r,r,r,r,r,r
holdout2,box,GET,/webhooks/{webhook_id},get_webhooks_id,r,r,floor,,r,r,r,r,r,r,r,r,r
holdout2,box,POST,/workflows/{workflow_id}/start,post_workflows_id_start,x,x,live-verb,opid:start,x,x,x,x,x,x,x,x,x
holdout2,box,GET,/zip_downloads/{zip_download_id}/status,get_zip_downloads_id_status,r,r,floor,,r,r,r,r,r,r,r,r,r
holdout2,pagerduty,GET,/abilities,listAbilities,r,r,floor,,r,r,r,r,r,r,r,r,r
holdout2,pagerduty,GET,/addons/{id},getAddon,r,r,floor,,r,r,r,r,r,r,r,r,r
holdout2,pagerduty,GET,/alert_grouping_settings/{id},getAlertGroupingSetting,r,r,floor,,r,r,r,r,r,r,r,r,r
holdout2,pagerduty,POST,/analytics/metrics/incidents/services,getAnalyticsMetricsIncidentsService,r,x,floor,,r,x,r,x,x,x,x,x,x
holdout2,pagerduty,POST,/analytics/metrics/responders/all,getAnalyticsMetricsRespondersAll,r,x,floor,,r,x,r,x,x,x,x,x,x
holdout2,pagerduty,GET,/analytics/raw/incidents/{id}/responses,getAnalyticsIncidentResponsesById,r,r,floor,,r,r,r,r,r,r,r,r,r
holdout2,pagerduty,POST,/automation_actions/actions,createAutomationAction,x,x,floor,,x,x,x,x,x,x,x,x,w
holdout2,pagerduty,GET,/automation_actions/actions/{id}/services,getAutomationActionsActionServiceAssociations,r,r,floor,,r,r,r,r,r,r,r,r,r
holdout2,pagerduty,POST,/automation_actions/actions/{id}/teams,createAutomationActionTeamAssociation,w,x,floor,,x,x,x,x,x,x,x,x,w
holdout2,pagerduty,GET,/automation_actions/runners,getAutomationActionsRunners,r,r,floor,,r,r,r,r,r,r,r,r,r
holdout2,pagerduty,GET,/automation_actions/runners/{id}/teams,getAutomationActionsRunnerTeamAssociations,r,r,floor,,r,r,r,r,r,r,r,r,r
holdout2,pagerduty,POST,/business_services,createBusinessService,x,x,floor,,x,x,x,x,x,x,x,x,w
holdout2,pagerduty,PUT,/business_services/priority_thresholds,putBusinessServicePriorityThresholds,w,w,floor,,w,w,w,w,w,w,w,w,w
holdout2,pagerduty,POST,/business_services/{id}/account_subscription,createBusinessServiceAccountSubscription,x,x,floor,,x,x,x,x,x,x,x,x,w
holdout2,pagerduty,GET,/change_events,listChangeEvents,r,r,floor,,r,r,r,r,r,r,r,r,r
holdout2,pagerduty,POST,/enrichment/event_enrichments,createEventEnrichment,x,x,floor,,x,x,x,x,x,x,x,x,w
holdout2,pagerduty,PUT,/enrichment/event_enrichments/{id},updateEventEnrichment,w,w,floor,,w,w,w,w,w,w,w,w,w
holdout2,pagerduty,PUT,/enrichment/event_enrichments/{id}/rules,updateEventEnrichmentRules,w,w,floor,,w,w,w,w,w,w,w,w,w
holdout2,pagerduty,GET,/enrichment/integrations/servicenow/credentials/{credentials_id},getServiceNowCredentials,r,r,floor,,r,r,r,r,r,r,r,r,r
holdout2,pagerduty,DELETE,/enrichment/integrations/servicenow/{integration_id}/tables/{table_id},deleteServiceNowTable,w,w,floor,,w,w,w,w,w,w,w,w,w
holdout2,pagerduty,GET,/enrichment/schemas,listEnrichmentSchemas,r,r,floor,,r,r,r,r,r,r,r,r,r
holdout2,pagerduty,GET,/enrichment/schemas/{schema_id}/records,listEnrichmentRecords,r,r,floor,,r,r,r,r,r,r,r,r,r
holdout2,pagerduty,DELETE,/escalation_policies/{id},deleteEscalationPolicy,w,w,floor,,w,w,w,w,w,w,w,w,w
holdout2,pagerduty,POST,/event_orchestrations,postOrchestration,x,x,floor,,x,x,x,x,x,x,x,x,x
holdout2,pagerduty,GET,/event_orchestrations/services/{service_id}/cache_variables,listCacheVarOnServiceOrch,r,r,floor,,r,r,r,r,r,r,r,r,r
holdout2,pagerduty,DELETE,/event_orchestrations/services/{service_id}/cache_variables/{cache_variable_id}/data,deleteExternalDataCacheVarDataOnServiceOrch,w,w,floor,,w,w,w,w,w,w,w,w,w
holdout2,pagerduty,PUT,/event_orchestrations/{id},updateOrchestration,w,w,floor,,w,w,w,w,w,w,w,w,w
holdout2,pagerduty,PUT,/event_orchestrations/{id}/cache_variables/{cache_variable_id},updateCacheVarOnGlobalOrch,w,w,floor,,w,w,w,w,w,w,w,w,w
holdout2,pagerduty,PUT,/event_orchestrations/{id}/enablements/{feature_name},updateEventOrchestrationFeatureEnablements,w,w,floor,,w,w,w,w,w,w,w,w,w
holdout2,pagerduty,POST,/event_orchestrations/{id}/integrations/migration,migrateOrchestrationIntegration,w,x,floor,,x,x,x,x,x,x,x,x,x
holdout2,pagerduty,PUT,/event_orchestrations/{id}/router,updateOrchPathRouter,w,w,floor,,w,w,w,w,w,w,w,w,w
holdout2,pagerduty,GET,/extensions,listExtensions,r,r,floor,,r,r,r,r,r,r,r,r,r
holdout2,pagerduty,POST,/extensions/{id}/enable,enableExtension,w,x,floor,,x,x,x,x,x,x,x,x,w
holdout2,pagerduty,GET,/incident_workflows/triggers,listIncidentWorkflowTriggers,r,r,floor,,r,r,r,r,r,r,r,r,r
holdout2,pagerduty,POST,/incident_workflows/triggers/{id}/services,associateServiceToIncidentWorkflowTrigger,w,x,live-verb,opid:trigger,x,x,x,x,x,x,x,x,x
holdout2,pagerduty,POST,/incident_workflows/{id}/instances,createIncidentWorkflowInstance,x,x,live-verb,summary:start,x,x,x,x,x,x,x,x,x
holdout2,pagerduty,POST,/incidents/custom_fields,createCustomFieldsField,x,x,floor,,x,x,x,x,x,x,x,x,w
holdout2,pagerduty,POST,/incidents/custom_fields/{field_id}/field_options,createCustomFieldsFieldOption,x,x,floor,,x,x,x,x,x,x,x,x,w
holdout2,pagerduty,GET,/incidents/types/{type_id_or_name},getIncidentType,r,r,floor,,r,r,r,r,r,r,r,r,r
holdout2,pagerduty,GET,/incidents/types/{type_id_or_name}/custom_fields/{field_id},getIncidentTypeCustomField,r,r,floor,,r,r,r,r,r,r,r,r,r
holdout2,pagerduty,GET,/incidents/types/{type_id_or_name}/custom_fields/{field_id}/field_options/{field_option_id},getIncidentTypeCustomFieldFieldOptions,r,r,floor,,r,r,r,r,r,r,r,r,r
holdout2,pagerduty,PUT,/incidents/{id}/alerts,updateIncidentAlerts,w,w,floor,,w,w,w,w,w,w,w,w,w
holdout2,pagerduty,GET,/incidents/{id}/custom_fields/values,getIncidentFieldValues,r,r,floor,,r,r,r,r,r,r,r,r,r
holdout2,pagerduty,POST,/incidents/{id}/notes,createIncidentNote,x,x,floor,,x,x,x,x,x,x,x,x,w
holdout2,pagerduty,GET,/incidents/{id}/related_change_events,listIncidentRelatedChangeEvents,r,r,floor,,r,r,r,r,r,r,r,r,r
holdout2,pagerduty,POST,/incidents/{id}/status_updates,createIncidentStatusUpdate,x,x,floor,,x,x,x,x,x,x,x,x,w
holdout2,pagerduty,POST,/ip_allow_lists,createIpAllowList,x,x,floor,,x,x,x,x,x,x,x,x,w
holdout2,pagerduty,GET,/license_allocations,listLicenseAllocations,r,r,floor,,r,r,r,r,r,r,r,r,r
holdout2,pagerduty,GET,/maintenance_windows,listMaintenanceWindows,r,r,floor,,r,r,r,r,r,r,r,r,r
holdout2,pagerduty,GET,/notifications,listNotifications,r,r,floor,,r,r,r,r,r,r,r,r,r
holdout2,pagerduty,GET,/paused_incident_reports/counts,getPausedIncidentReportCounts,r,r,floor,,r,r,r,r,r,r,r,r,r
holdout2,pagerduty,POST,/recommendations/event_orchestrations/services/{service_id}/rules/{recommendation_id}/dismiss,dismissRecommendedRule,w,x,floor,,x,x,x,x,x,x,x,x,w
holdout2,pagerduty,PUT,/rulesets/{id},updateRuleset,w,w,floor,,w,w,w,w,w,w,w,w,w
holdout2,pagerduty,PUT,/rulesets/{id}/rules/{rule_id},updateRulesetEventRule,w,w,floor,,w,w,w,w,w,w,w,w,w
holdout2,pagerduty,GET,/schedules/{id},getSchedule,r,r,floor,,r,r,r,r,r,r,r,r,r
holdout2,pagerduty,DELETE,/schedules/{id}/overrides/{override_id},deleteScheduleOverride,w,w,floor,,w,w,w,w,w,w,w,w,w
holdout2,pagerduty,GET,/service_dependencies/technical_services/{id},getTechnicalServiceServiceDependencies,r,r,floor,,r,r,r,r,r,r,r,r,r
holdout2,pagerduty,DELETE,/services/custom_fields/{field_id},deleteServiceCustomField,w,w,floor,,w,w,w,w,w,w,w,w,w
holdout2,pagerduty,DELETE,/services/custom_fields/{field_id}/field_options/{field_option_id},deleteServiceCustomFieldOption,w,w,floor,,w,w,w,w,w,w,w,w,w
holdout2,pagerduty,PUT,/services/{id},updateService,w,w,floor,,w,w,w,w,w,w,w,w,w
holdout2,pagerduty,GET,/services/{id}/enablements,listServiceFeatureEnablements,r,r,floor,,r,r,r,r,r,r,r,r,r
holdout2,pagerduty,GET,/services/{id}/rules,listServiceEventRules,r,r,floor,,r,r,r,r,r,r,r,r,r
holdout2,pagerduty,PUT,/services/{id}/rules/{rule_id},updateServiceEventRule,w,w,floor,,w,w,w,w,w,w,w,w,w
holdout2,pagerduty,DELETE,/sre_agent/memories/{id},deleteSreMemory,w,w,floor,,w,w,w,w,w,w,w,w,w
holdout2,pagerduty,PUT,/standards/{id},updateStandard,w,w,floor,,w,w,w,w,w,w,w,w,w
holdout2,pagerduty,GET,/status_dashboards/{id}/service_impacts,getStatusDashboardServiceImpactsById,r,r,floor,,r,r,r,r,r,r,r,r,r
holdout2,pagerduty,POST,/status_pages/{id}/posts,createStatusPagePost,x,x,floor,,x,x,x,x,x,x,x,x,w
holdout2,pagerduty,POST,/status_pages/{id}/posts/{post_id}/post_updates,createStatusPagePostUpdate,x,x,floor,,x,x,x,x,x,x,x,x,w
holdout2,pagerduty,GET,/status_pages/{id}/posts/{post_id}/postmortem,getPostmortem,r,r,floor,,r,r,r,r,r,r,r,r,r
holdout2,pagerduty,GET,/status_pages/{id}/severities/{severity_id},getStatusPageSeverity,r,r,floor,,r,r,r,r,r,r,r,r,r
holdout2,pagerduty,DELETE,/status_pages/{id}/subscriptions/{subscription_id},deleteStatusPageSubscription,w,w,floor,,w,w,w,w,w,w,w,w,w
holdout2,pagerduty,GET,/tags/{id},getTag,r,r,floor,,r,r,r,r,r,r,r,r,r
holdout2,pagerduty,GET,/teams/{id},getTeam,r,r,floor,,r,r,r,r,r,r,r,r,r
holdout2,pagerduty,GET,/teams/{id}/members,listTeamUsers,r,r,floor,,r,r,r,r,r,r,r,r,r
holdout2,pagerduty,PUT,/teams/{id}/users/{user_id},updateTeamUser,w,x,party-noun,summary:user,x,x,x,x,x,x,x,x,x
holdout2,pagerduty,GET,/templates/{id},getTemplate,r,r,floor,,r,r,r,r,r,r,r,r,r
holdout2,pagerduty,GET,/users/me,getCurrentUser,r,r,floor,,r,r,r,r,r,r,r,r,r
holdout2,pagerduty,GET,/users/{id}/contact_methods,getUserContactMethods,r,r,floor,,r,r,r,r,r,r,r,r,r
holdout2,pagerduty,GET,/users/{id}/license,getUserLicense,r,r,floor,,r,r,r,r,r,r,r,r,r
holdout2,pagerduty,PUT,/users/{id}/notification_rules/{notification_rule_id},updateUserNotificationRule,w,w,floor,,w,w,w,w,x,w,w,w,w
holdout2,pagerduty,GET,/users/{id}/oauth_delegations/{delegation_id},getUserDelegation,r,r,floor,,r,r,r,r,r,r,r,r,r
holdout2,pagerduty,PUT,/users/{id}/oncall_handoff_notification_rules/{oncall_handoff_notification_rule_id},updateUserHandoffNotification,w,w,floor,,w,w,w,w,x,w,w,w,w
holdout2,pagerduty,GET,/users/{id}/sessions/{type}/{session_id},getUserSession,r,r,floor,,r,r,r,r,r,r,r,r,r
holdout2,pagerduty,PUT,/users/{id}/status_update_notification_rules/{status_update_notification_rule_id},updateUserStatusUpdateNotificationRule,w,w,floor,,w,w,w,w,x,w,w,w,w
holdout2,pagerduty,PUT,/v3/schedules/{id},updateScheduleV3,w,w,floor,,w,w,w,w,w,w,w,w,w
holdout2,pagerduty,GET,/v3/schedules/{id}/custom_shifts/{custom_shift_id},getCustomShift,r,r,floor,,r,r,r,r,r,r,r,r,r
holdout2,pagerduty,GET,/v3/schedules/{id}/overrides/{override_id},getOverride,r,r,floor,,r,r,r,r,r,r,r,r,r
holdout2,pagerduty,GET,/v3/schedules/{id}/rotations/{rotation_id},getRotation,r,r,floor,,r,r,r,r,r,r,r,r,r
holdout2,pagerduty,PUT,/v3/schedules/{id}/rotations/{rotation_id}/events/{event_id},updateEvent,w,w,floor,,w,w,w,w,w,w,w,w,w
holdout2,pagerduty,GET,/webhook_subscriptions/oauth_clients,listOauthClients,r,r,floor,,r,r,r,r,r,r,r,r,r
holdout2,pagerduty,DELETE,/webhook_subscriptions/{id},deleteWebhookSubscription,w,w,floor,,w,w,w,w,w,w,w,w,w
holdout2,pagerduty,GET,/workflows/integrations,listWorkflowIntegrations,r,r,floor,,r,r,r,r,r,r,r,r,r
holdout2,pagerduty,DELETE,/workflows/integrations/{integration_id}/connections/{id},deleteWorkflowIntegrationConnection,w,w,floor,,w,w,w,w,w,w,w,w,w
holdout2,adyen,POST,/applePay/sessions,post-applePay-sessions,x,x,live-verb,opid:pay,x,x,x,x,x,x,x,x,x
holdout2,adyen,POST,/cancels,post-cancels,x,x,live-verb,summary:cancel,x,x,x,x,x,x,x,x,x
holdout2,adyen,POST,/cardDetails,post-cardDetails,r,x,floor,,x,x,r,x,x,x,x,x,x
holdout2,adyen,POST,/donationCampaigns,post-donationCampaigns,r,x,floor,,x,x,r,x,x,x,x,x,x
holdout2,adyen,POST,/donations,post-donations,x,x,floor,,x,x,x,x,x,x,x,x,x
holdout2,adyen,POST,/forward,post-forward,x,x,floor,,x,x,x,x,x,x,x,x,x
holdout2,adyen,POST,/orders,post-orders,x,x,floor,,x,x,x,x,x,x,x,x,x
holdout2,adyen,POST,/orders/cancel,post-orders-cancel,x,x,live-verb,opid:cancel,x,x,x,x,x,x,x,x,x
holdout2,adyen,POST,/originKeys,post-originKeys,r,x,floor,,x,x,x,x,x,x,x,x,x
holdout2,adyen,POST,/paymentLinks,post-paymentLinks,x,x,floor,,x,x,x,x,x,x,x,x,x
holdout2,adyen,GET,/paymentLinks/{linkId},get-paymentLinks-linkId,r,r,floor,,r,r,r,r,r,r,r,r,r
holdout2,adyen,PATCH,/paymentLinks/{linkId},patch-paymentLinks-linkId,w,x,floor,,x,x,x,x,x,x,x,x,x
holdout2,adyen,POST,/paymentMethods,post-paymentMethods,r,x,floor,,x,x,r,x,x,x,x,x,x
holdout2,adyen,POST,/paymentMethods/balance,post-paymentMethods-balance,r,x,floor,,x,x,r,x,x,x,x,x,x
holdout2,adyen,POST,/payments,post-payments,x,x,live-verb,summary:start,x,x,x,x,x,x,x,x,x
holdout2,adyen,POST,/payments/details,post-payments-details,x,x,live-verb,summary:submit,x,x,x,x,x,x,x,x,x
holdout2,adyen,POST,/payments/{paymentPspReference}/amountUpdates,post-payments-paymentPspReference-amountUpdates,x,x,floor,,x,x,x,x,x,x,x,x,x
holdout2,adyen,POST,/payments/{paymentPspReference}/cancels,post-payments-paymentPspReference-cancels,x,x,live-verb,summary:cancel,x,x,x,x,x,x,x,x,x
holdout2,adyen,POST,/payments/{paymentPspReference}/captures,post-payments-paymentPspReference-captures,x,x,floor,,x,x,x,x,x,x,x,x,x
holdout2,adyen,POST,/payments/{paymentPspReference}/refunds,post-payments-paymentPspReference-refunds,x,x,live-verb,summary:refund,x,x,x,x,x,x,x,x,x
holdout2,adyen,POST,/payments/{paymentPspReference}/reversals,post-payments-paymentPspReference-reversals,x,x,live-verb,summary:refund,x,x,x,x,x,x,x,x,x
holdout2,adyen,POST,/paypal/updateOrder,post-paypal-updateOrder,x,x,floor,,x,x,x,x,x,x,x,x,x
holdout2,adyen,POST,/sessions,post-sessions,x,x,floor,,x,x,x,x,x,x,x,x,x
holdout2,adyen,GET,/sessions/{sessionId},get-sessions-sessionId,r,r,floor,,r,r,r,r,r,r,r,r,r
holdout2,adyen,GET,/storedPaymentMethods,get-storedPaymentMethods,r,r,floor,,r,r,r,r,r,r,r,r,r
holdout2,adyen,POST,/storedPaymentMethods,post-storedPaymentMethods,x,x,floor,,x,x,x,x,x,x,x,x,x
holdout2,adyen,DELETE,/storedPaymentMethods/{storedPaymentMethodId},delete-storedPaymentMethods-storedPaymentMethodId,w,x,party-noun,summary:token,x,x,x,x,x,x,w,x,x
holdout2,adyen,POST,/validateShopperId,post-validateShopperId,r,x,floor,,x,x,x,x,x,x,x,x,x
