set,repo,path,method,operationId,gt_class,pred,confidence,status,evidence
camara,ApplicationEndpointDiscovery,/retrieve-optimal-app-endpoints,POST,getOptimalAppEndpoints,r,r,2.6348416289592764,assigned,scope:read->lower:r;corpus:get->lower:r:shareGet=0.835;verbtable:get->lower:r:shareR=1.000
camara,ApplicationEndpointRegistration,/application-endpoint-lists,POST,registerApplicationEndpoints,x,x,0.9333333333333333,assigned,scope:write->raise:writeFamilyShare=0.933
camara,ApplicationEndpointRegistration,/application-endpoint-lists,GET,getAllRegisteredApplicationEndpoints,r,r,1,assigned,method-prior:GET-locked
camara,ApplicationEndpointRegistration,/application-endpoint-lists/{applicationEndpointListId},GET,getApplicationEndpointsById,r,r,1,assigned,method-prior:GET-locked
camara,ApplicationEndpointRegistration,/application-endpoint-lists/{applicationEndpointListId},PUT,updateApplicationEndpoint,w,w,0,review,scope:update-agrees
camara,ApplicationEndpointRegistration,/application-endpoint-lists/{applicationEndpointListId},DELETE,deregisterApplicationEndpoint,w,w,0,review,scope:delete-agrees
camara,ApplicationProfiles,/application-profiles,POST,createApplicationProfile,x,x,1.8,assigned,scope:create->raise:xHintShare=1.000;verbtable:create->raise:shareX=0.973
camara,ApplicationProfiles,/application-profiles/{applicationProfileId},PATCH,updateApplicationProfile,w,x,0.7471264367816092,review,scope:update-write-no-table;corpus:update->lower:w:sharePutPatch=0.747
camara,ApplicationProfiles,/application-profiles/{applicationProfileId},GET,readApplicationProfile,r,r,1,assigned,method-prior:GET-locked
camara,ApplicationProfiles,/application-profiles/{applicationProfileId},DELETE,deleteApplicationProfile,w,w,0,review,scope:delete-agrees
camara,BlockchainPublicAddress,/nonce,POST,createBlockchainPublicAddressValidationNonce,x,x,1.8,assigned,scope:create->raise:xHintShare=1.000;verbtable:create->raise:shareX=0.973
camara,BlockchainPublicAddress,/blockchain-public-addresses/retrieve-blockchains,POST,retrieveBlockchainPublicAddress,r,r,2.7199999999999998,assigned,scope:read->lower:r;corpus:retrieve->lower:r:shareGet=0.920;verbtable:retrieve->lower:r:shareR=1.000
camara,BlockchainPublicAddress,/blockchain-public-addresses,POST,bindBlockchainPublicAddress,x,x,1,assigned,scope:create->raise:xHintShare=1.000
camara,BlockchainPublicAddress,/blockchain-public-addresses/{id},DELETE,deleteBlockchainPublicAddress,w,w,0,review,scope:delete-agrees
camara,CallForwardingSignal,/unconditional-call-forwardings,POST,retrieveUnconditionalCallForwarding,r,r,2.7199999999999998,assigned,scope:read->lower:r;corpus:retrieve->lower:r:shareGet=0.920;verbtable:retrieve->lower:r:shareR=1.000
camara,CallForwardingSignal,/call-forwardings,POST,retrieveCallForwarding,r,r,2.7199999999999998,assigned,scope:read->lower:r;corpus:retrieve->lower:r:shareGet=0.920;verbtable:retrieve->lower:r:shareR=1.000
camara,CapabilitiesAndRuntimeRestrictions,/retrieve,POST,postServiceCapability,x,x,1,assigned,scope:read->lower:r;bodyprop:subscriptionRequest->raise:n=8:share=1.000;flag:callbacks_present-suppressed:read-verb
camara,CarrierBillingCheckOut,/payments/{paymentId}/refunds,POST,createRefund,x,x,2.723076923076923,assigned,scope:create->raise:xHintShare=1.000;verbtable:create->raise:shareX=0.972;flag:callbacks_present->raise:n=39:share=0.923
camara,CarrierBillingCheckOut,/payments/{paymentId}/refunds,GET,retrieveRefunds,r,r,1,assigned,method-prior:GET-locked
camara,CarrierBillingCheckOut,/payments/{paymentId}/refunds/{refundId},GET,retrieveRefund,r,r,1,assigned,method-prior:GET-locked
camara,CarrierBillingCheckOut,/payments/{paymentId}/refunds/remaining-amount,GET,retrievePaymentRemainingAmount,r,r,1,assigned,method-prior:GET-locked
camara,CarrierBillingCheckOut,/payments,POST,createPayment,x,x,2.723076923076923,assigned,scope:create->raise:xHintShare=1.000;verbtable:create->raise:shareX=0.972;flag:callbacks_present->raise:n=39:share=0.923
camara,CarrierBillingCheckOut,/payments,GET,retrievePayments,r,r,1,assigned,method-prior:GET-locked
camara,CarrierBillingCheckOut,/payments/{paymentId},GET,retrievePayment,r,r,1,assigned,method-prior:GET-locked
camara,CarrierBillingCheckOut,/payments/prepare,POST,preparePayment,x,x,1.9230769230769231,assigned,scope:create->raise:xHintShare=1.000;flag:callbacks_present->raise:n=39:share=0.923
camara,CarrierBillingCheckOut,/payments/{paymentId}/validate,POST,validatePayment,x,x,1,assigned,scope:write->raise:writeFamilyShare=1.000
camara,CarrierBillingCheckOut,/payments/{paymentId}/confirm,POST,confirmPayment,x,x,1,assigned,scope:write->raise:writeFamilyShare=1.000
camara,CarrierBillingCheckOut,/payments/{paymentId}/cancel,POST,cancelPayment,w,x,1,assigned,scope:write->raise:writeFamilyShare=1.000
camara,ClickToDial,/calls,POST,createCall,x,x,2.726829268292683,assigned,scope:create->raise:xHintShare=1.000;verbtable:create->raise:shareX=0.973;flag:callbacks_present->raise:n=41:share=0.927
camara,ClickToDial,/calls/{callId},GET,getCall,r,r,1,assigned,method-prior:GET-locked
camara,ClickToDial,/calls/{callId},DELETE,terminateCall,x,w,0,review,scope:delete-agrees
camara,ClickToDial,/calls/{callId}/recording,GET,getRecording,r,r,1,assigned,method-prior:GET-locked
camara,ConnectedNetworkType,/subscriptions,POST,createConnectedNetworkTypeSubscription,x,x,5.6554006968641115,assigned,scope:create->raise:xHintShare=1.000;verbtable:create->raise:shareX=0.973;bodyprop:protocol->raise:n=13:share=1.000;bodyprop:types->raise:n=13:share=1.000;bodyprop:config->raise:n=14:share=0.929;flag:callbacks_present->raise:n=41:share=0.927
camara,ConnectedNetworkType,/subscriptions,GET,retrieveConnectedNetworkTypeSubscriptionList,r,r,1,assigned,method-prior:GET-locked
camara,ConnectedNetworkType,/subscriptions/{subscriptionId},GET,retrieveConnectedNetworkTypeSubscription,r,r,1,assigned,method-prior:GET-locked
camara,ConnectedNetworkType,/subscriptions/{subscriptionId},DELETE,deleteConnectedNetworkTypeSubscription,w,w,0,review,scope:delete-agrees
camara,ConnectedNetworkType,/retrieve,POST,getConnectedNetworkType,r,r,2.6348416289592764,assigned,scope:read->lower:r;corpus:get->lower:r:shareGet=0.835;verbtable:get->lower:r:shareR=1.000
camara,ConnectivityInsights,/subscriptions,POST,createSubscription,x,x,5.6554006968641115,assigned,scope:create->raise:xHintShare=1.000;verbtable:create->raise:shareX=0.973;bodyprop:protocol->raise:n=13:share=1.000;bodyprop:types->raise:n=13:share=1.000;bodyprop:config->raise:n=14:share=0.929;flag:callbacks_present->raise:n=41:share=0.927
camara,ConnectivityInsights,/subscriptions,GET,getSubscriptionList,r,r,1,assigned,method-prior:GET-locked
camara,ConnectivityInsights,/subscriptions/{subscriptionId},GET,getSubscription,r,r,1,assigned,method-prior:GET-locked
camara,ConnectivityInsights,/subscriptions/{subscriptionId},DELETE,deleteSubscription,w,w,0,review,scope:delete-agrees
camara,ConnectivityInsights,/check-network-quality,POST,checkNetworkQuality,r,r,1.8,assigned,scope:check->lower:r;verbtable:check->lower:r:shareR=1.000
camara,ConsentInfo,/retrieve,POST,retrieveStatus,r,r,2.7199999999999998,assigned,scope:retrieve->lower:r;corpus:retrieve->lower:r:shareGet=0.920;verbtable:retrieve->lower:r:shareR=1.000
camara,ConsentManagement,/consents,POST,createConsent,x,x,1.8,assigned,scope:create->raise:xHintShare=1.000;verbtable:create->raise:shareX=0.973
camara,ConsentManagement,/consents/{consentId},PATCH,updateConsent,w,x,0.7471264367816092,review,scope:update-write-no-table;corpus:update->lower:w:sharePutPatch=0.747
camara,ConsentManagement,/consents/retrieve-info,POST,retrieveConsentInfo,r,r,1.7200000000000002,assigned,scope:retrieve-info-unknown;corpus:retrieve->lower:r:shareGet=0.920;verbtable:retrieve->lower:r:shareR=1.000
camara,CustomerInsights,/scoring/retrieve,POST,retrieveScoring,r,r,2.7199999999999998,assigned,scope:read->lower:r;corpus:retrieve->lower:r:shareGet=0.920;verbtable:retrieve->lower:r:shareR=1.000
camara,DedicatedNetworks,/accesses,GET,listAccesses,r,r,1,assigned,method-prior:GET-locked
camara,DedicatedNetworks,/accesses,POST,createAccess,x,x,2.725,assigned,scope:create->raise:xHintShare=1.000;verbtable:create->raise:shareX=0.972;flag:callbacks_present->raise:n=40:share=0.925
camara,DedicatedNetworks,/accesses/{accessId},GET,readAccess,r,r,1,assigned,method-prior:GET-locked
camara,DedicatedNetworks,/accesses/{accessId},DELETE,deleteAccess,x,w,0,review,scope:delete-agrees
camara,DedicatedNetworks,/accesses/{accessId}/devices,GET,listDevices,r,r,1,assigned,method-prior:GET-locked
camara,DedicatedNetworks,/accesses/{accessId}/devices/add,POST,addDevicesToAccess,x,x,0,review,scope:add-unknown
camara,DedicatedNetworks,/accesses/{accessId}/devices/remove,POST,removeDevicesFromAccess,x,x,0,review,scope:remove-unknown
camara,DedicatedNetworks,/retrieve-service-areas,POST,retrieveNetworkServiceAreas,r,r,2.7199999999999998,assigned,scope:read->lower:r;corpus:retrieve->lower:r:shareGet=0.920;verbtable:retrieve->lower:r:shareR=1.000
camara,DedicatedNetworks,/areas/{areaId},GET,readNetworkServiceArea,r,r,1,assigned,method-prior:GET-locked
camara,DedicatedNetworks,/profiles,GET,readNetworkProfiles,r,r,1,assigned,method-prior:GET-locked
camara,DedicatedNetworks,/profiles/{profileId},GET,readNetworkProfile,r,r,1,assigned,method-prior:GET-locked
camara,DedicatedNetworks,/networks,GET,listNetworks,r,r,1,assigned,method-prior:GET-locked
camara,DedicatedNetworks,/networks,POST,createNetwork,x,x,2.725,assigned,scope:create->raise:xHintShare=1.000;verbtable:create->raise:shareX=0.972;flag:callbacks_present->raise:n=40:share=0.925
camara,DedicatedNetworks,/networks/{networkId},GET,readNetwork,r,r,1,assigned,method-prior:GET-locked
camara,DedicatedNetworks,/networks/{networkId},DELETE,deleteNetwork,x,w,0,review,scope:delete-agrees
camara,DeviceAuthenticity,/check-status,POST,checkImeiStatus,r,r,0.8,assigned,scope:check-status-unknown;verbtable:check->lower:r:shareR=1.000
camara,DeviceDataVolume,/subscriptions,POST,createDeviceDataVolumeSubscription,x,x,8.655400696864112,assigned,scope:create->raise:xHintShare=1.000;scope:create->raise:xHintShare=1.000;scope:create->raise:xHintShare=1.000;scope:create->raise:xHintShare=1.000;verbtable:create->raise:shareX=0.973;bodyprop:protocol->raise:n=13:share=1.000;bodyprop:types->raise:n=13:share=1.000;bodyprop:config->raise:n=14:share=0.929;flag:callbacks_present->raise:n=41:share=0.927
camara,DeviceDataVolume,/subscriptions,GET,retrieveDeviceDataVolumeSubscriptionList,r,r,1,assigned,method-prior:GET-locked
camara,DeviceDataVolume,/subscriptions/{subscriptionId},GET,retrieveDeviceDataVolumeSubscription,r,r,1,assigned,method-prior:GET-locked
camara,DeviceDataVolume,/subscriptions/{subscriptionId},DELETE,deleteDeviceDataVolumeSubscription,w,w,0,review,scope:delete-agrees
camara,DeviceDataVolume,/retrieve,POST,retrieveDataVolume,r,r,2.7199999999999998,assigned,scope:read->lower:r;corpus:retrieve->lower:r:shareGet=0.920;verbtable:retrieve->lower:r:shareR=1.000
camara,DeviceDataVolume,/check,POST,checkDataVolume,r,r,1.8,assigned,scope:read->lower:r;verbtable:check->lower:r:shareR=1.000
camara,DeviceIdentifier,/retrieve-identifier,POST,retrieveIdentifier,r,r,1.7200000000000002,assigned,scope:retrieve-identifier-unknown;corpus:retrieve->lower:r:shareGet=0.920;verbtable:retrieve->lower:r:shareR=1.000
camara,DeviceIdentifier,/retrieve-type,POST,retrieveType,r,r,1.7200000000000002,assigned,scope:retrieve-type-unknown;corpus:retrieve->lower:r:shareGet=0.920;verbtable:retrieve->lower:r:shareR=1.000
camara,DeviceIdentifier,/retrieve-ppid,POST,retrievePpid,r,r,1.7200000000000002,assigned,scope:retrieve-ppid-unknown;corpus:retrieve->lower:r:shareGet=0.920;verbtable:retrieve->lower:r:shareR=1.000
camara,DeviceIdentifier,/match-identifier,POST,matchIdentifier,r,x,0,review,scope:match-identifier-unknown
camara,DeviceLocation,/subscriptions,POST,createGeofencingSubscription,x,x,6.6554006968641115,assigned,scope:create->raise:xHintShare=1.000;scope:create->raise:xHintShare=1.000;verbtable:create->raise:shareX=0.973;bodyprop:protocol->raise:n=13:share=1.000;bodyprop:types->raise:n=13:share=1.000;bodyprop:config->raise:n=14:share=0.929;flag:callbacks_present->raise:n=41:share=0.927
camara,DeviceLocation,/subscriptions,GET,retrieveGeofencingSubscriptionList,r,r,1,assigned,method-prior:GET-locked
camara,DeviceLocation,/subscriptions/{subscriptionId},GET,retrieveGeofencingSubscription,r,r,1,assigned,method-prior:GET-locked
camara,DeviceLocation,/subscriptions/{subscriptionId},DELETE,deleteGeofencingSubscription,w,w,0,review,scope:delete-agrees
camara,DeviceLocation,/retrieve,POST,retrieveLocation,r,r,2.7199999999999998,assigned,scope:read->lower:r;corpus:retrieve->lower:r:shareGet=0.920;verbtable:retrieve->lower:r:shareR=1.000
camara,DeviceLocation,/verify,POST,verifyLocation,r,r,1.8,assigned,scope:verify->lower:r;verbtable:verify->lower:r:shareR=1.000
camara,DeviceMediaStreamingRate,/retrieve-maximum-downstream-media-rate,POST,retrieveMaximumDownstreamMediaRate,r,r,1.7200000000000002,assigned,scope:retrieve-maximum-downstream-media-rate-unknown;corpus:retrieve->lower:r:shareGet=0.920;verbtable:retrieve->lower:r:shareR=1.000
camara,DeviceReachabilityStatus,/subscriptions,POST,createDeviceReachabilityStatusSubscription,x,x,7.6554006968641115,assigned,scope:create->raise:xHintShare=1.000;scope:create->raise:xHintShare=1.000;scope:create->raise:xHintShare=1.000;verbtable:create->raise:shareX=0.973;bodyprop:protocol->raise:n=13:share=1.000;bodyprop:types->raise:n=13:share=1.000;bodyprop:config->raise:n=14:share=0.929;flag:callbacks_present->raise:n=41:share=0.927
camara,DeviceReachabilityStatus,/subscriptions,GET,retrieveDeviceReachabilityStatusSubscriptionList,r,r,1,assigned,method-prior:GET-locked
camara,DeviceReachabilityStatus,/subscriptions/{subscriptionId},GET,retrieveDeviceReachabilityStatusSubscription,r,r,1,assigned,method-prior:GET-locked
camara,DeviceReachabilityStatus,/subscriptions/{subscriptionId},DELETE,deleteDeviceReachabilityStatusSubscription,w,w,0,review,scope:delete-agrees
camara,DeviceReachabilityStatus,/retrieve,POST,getReachabilityStatus,r,r,2.6348416289592764,assigned,scope:read->lower:r;corpus:get->lower:r:shareGet=0.835;verbtable:get->lower:r:shareR=1.000
camara,DeviceRoamingStatus,/subscriptions,POST,createDeviceRoamingStatusSubscription,x,x,8.655400696864112,assigned,scope:create->raise:xHintShare=1.000;scope:create->raise:xHintShare=1.000;scope:create->raise:xHintShare=1.000;scope:create->raise:xHintShare=1.000;verbtable:create->raise:shareX=0.973;bodyprop:protocol->raise:n=13:share=1.000;bodyprop:types->raise:n=13:share=1.000;bodyprop:config->raise:n=14:share=0.929;flag:callbacks_present->raise:n=41:share=0.927
camara,DeviceRoamingStatus,/subscriptions,GET,retrieveDeviceRoamingStatusSubscriptionList,r,r,1,assigned,method-prior:GET-locked
camara,DeviceRoamingStatus,/subscriptions/{subscriptionId},GET,retrieveDeviceRoamingStatusSubscription,r,r,1,assigned,method-prior:GET-locked
camara,DeviceRoamingStatus,/subscriptions/{subscriptionId},DELETE,deleteDeviceRoamingStatusSubscription,w,w,0,review,scope:delete-agrees
camara,DeviceRoamingStatus,/retrieve,POST,getRoamingStatus,r,r,2.6348416289592764,assigned,scope:read->lower:r;corpus:get->lower:r:shareGet=0.835;verbtable:get->lower:r:shareR=1.000
camara,DeviceStatus,/subscriptions,POST,createConnectedNetworkTypeSubscription,x,x,5.63974358974359,assigned,scope:create->raise:xHintShare=1.000;verbtable:create->raise:shareX=0.971;bodyprop:protocol->raise:n=11:share=1.000;bodyprop:types->raise:n=11:share=1.000;bodyprop:config->raise:n=12:share=0.917;flag:callbacks_present->raise:n=39:share=0.923
camara,DeviceStatus,/subscriptions,GET,retrieveConnectedNetworkTypeSubscriptionList,r,r,1,assigned,method-prior:GET-locked
camara,DeviceStatus,/subscriptions/{subscriptionId},GET,retrieveConnectedNetworkTypeSubscription,r,r,1,assigned,method-prior:GET-locked
camara,DeviceStatus,/subscriptions/{subscriptionId},DELETE,deleteConnectedNetworkTypeSubscription,w,w,0,review,scope:delete-agrees
camara,DeviceStatus,/retrieve,POST,getConnectedNetworkType,r,r,2.6348416289592764,assigned,scope:read->lower:r;corpus:get->lower:r:shareGet=0.835;verbtable:get->lower:r:shareR=1.000
camara,DeviceStatus,/subscriptions,POST,createDeviceReachabilityStatusSubscription,x,x,7.63974358974359,assigned,scope:create->raise:xHintShare=1.000;scope:create->raise:xHintShare=1.000;scope:create->raise:xHintShare=1.000;verbtable:create->raise:shareX=0.971;bodyprop:protocol->raise:n=11:share=1.000;bodyprop:types->raise:n=11:share=1.000;bodyprop:config->raise:n=12:share=0.917;flag:callbacks_present->raise:n=39:share=0.923
camara,DeviceStatus,/subscriptions,GET,retrieveDeviceReachabilityStatusSubscriptionList,r,r,1,assigned,method-prior:GET-locked
camara,DeviceStatus,/subscriptions/{subscriptionId},GET,retrieveDeviceReachabilityStatusSubscription,r,r,1,assigned,method-prior:GET-locked
camara,DeviceStatus,/subscriptions/{subscriptionId},DELETE,deleteDeviceReachabilityStatusSubscription,w,w,0,review,scope:delete-agrees
camara,DeviceStatus,/retrieve,POST,getReachabilityStatus,r,r,2.6348416289592764,assigned,scope:read->lower:r;corpus:get->lower:r:shareGet=0.835;verbtable:get->lower:r:shareR=1.000
camara,DeviceStatus,/subscriptions,POST,createDeviceRoamingStatusSubscription,x,x,8.63974358974359,assigned,scope:create->raise:xHintShare=1.000;scope:create->raise:xHintShare=1.000;scope:create->raise:xHintShare=1.000;scope:create->raise:xHintShare=1.000;verbtable:create->raise:shareX=0.971;bodyprop:protocol->raise:n=11:share=1.000;bodyprop:types->raise:n=11:share=1.000;bodyprop:config->raise:n=12:share=0.917;flag:callbacks_present->raise:n=39:share=0.923
camara,DeviceStatus,/subscriptions,GET,retrieveDeviceRoamingStatusSubscriptionList,r,r,1,assigned,method-prior:GET-locked
camara,DeviceStatus,/subscriptions/{subscriptionId},GET,retrieveDeviceRoamingStatusSubscription,r,r,1,assigned,method-prior:GET-locked
camara,DeviceStatus,/subscriptions/{subscriptionId},DELETE,deleteDeviceRoamingStatusSubscription,w,w,0,review,scope:delete-agrees
camara,DeviceStatus,/retrieve,POST,getRoamingStatus,r,r,2.6348416289592764,assigned,scope:read->lower:r;corpus:get->lower:r:shareGet=0.835;verbtable:get->lower:r:shareR=1.000
camara,DeviceSwap,/retrieve-date,POST,retrieveDeviceSwapDate,r,r,1.7200000000000002,assigned,scope:device-swap-unknown;scope:retrieve-date-unknown;corpus:retrieve->lower:r:shareGet=0.920;verbtable:retrieve->lower:r:shareR=1.000
camara,DeviceSwap,/check,POST,checkDeviceSwap,r,r,1.8,assigned,scope:device-swap-unknown;scope:check->lower:r;verbtable:check->lower:r:shareR=1.000
camara,DeviceVisitLocation,/retrieve,POST,retrieveDeviceVisitLocation,r,r,2.7199999999999998,assigned,scope:retrieve->lower:r;corpus:retrieve->lower:r:shareGet=0.920;verbtable:retrieve->lower:r:shareR=1.000
camara,EdgeApplicationManagement,/apps,POST,submitApp,x,x,0.9230769230769231,assigned,scope:write->raise:writeFamilyShare=0.923
camara,EdgeApplicationManagement,/apps,GET,getApps,r,r,1,assigned,method-prior:GET-locked
camara,EdgeApplicationManagement,/apps/{appId},GET,getApp,r,r,1,assigned,method-prior:GET-locked
camara,EdgeApplicationManagement,/apps/{appId},DELETE,deleteApp,w,w,0,review,scope:delete-agrees
camara,EdgeApplicationManagement,/app-instances,POST,createAppInstance,x,x,3.648076923076923,assigned,scope:write->raise:writeFamilyShare=0.923;verbtable:create->raise:shareX=0.972;bodyprop:subscriptionRequest->raise:n=7:share=1.000;flag:callbacks_present->raise:n=40:share=0.925
camara,EdgeApplicationManagement,/app-instances,GET,getAppInstances,r,r,1,assigned,method-prior:GET-locked
camara,EdgeApplicationManagement,/app-instances/{appInstanceId},GET,getAppInstance,r,r,1,assigned,method-prior:GET-locked
camara,EdgeApplicationManagement,/app-instances/{appInstanceId},DELETE,deleteAppInstance,w,w,0,review,scope:delete-agrees
camara,EdgeApplicationManagement,/deployments,POST,createAppDeployment,x,x,3.648076923076923,assigned,scope:write->raise:writeFamilyShare=0.923;verbtable:create->raise:shareX=0.972;bodyprop:subscriptionRequest->raise:n=7:share=1.000;flag:callbacks_present->raise:n=40:share=0.925
camara,EdgeApplicationManagement,/deployments,GET,getAppDeployments,r,r,1,assigned,method-prior:GET-locked
camara,EdgeApplicationManagement,/deployments/{appDeploymentId},GET,getAppDeployment,r,r,1,assigned,method-prior:GET-locked
camara,EdgeApplicationManagement,/deployments/{appDeploymentId},DELETE,deleteAppDeployment,w,w,0,review,scope:delete-agrees
camara,EdgeApplicationManagement,/deployments/{appDeploymentId},PATCH,updateAppDeployment,w,x,0.7471264367816092,review,scope:update-write-no-table;corpus:update->lower:w:sharePutPatch=0.747
camara,EdgeApplicationManagement,/edge-cloud-zones,GET,getEdgeCloudZones,r,r,1,assigned,method-prior:GET-locked
camara,EnergyFootprintNotification,/calculate-energy-consumption,POST,calculateEnergyConsumption,x,x,1.925,assigned,scope:calculate-energy-consumption-unknown;bodyprop:subscriptionRequest->raise:n=7:share=1.000;flag:callbacks_present->raise:n=40:share=0.925
camara,EnergyFootprintNotification,/calculate-carbon-footprint,POST,calculateCarbonFootprint,x,x,1.925,assigned,scope:calculate-carbon-footprint-unknown;bodyprop:subscriptionRequest->raise:n=7:share=1.000;flag:callbacks_present->raise:n=40:share=0.925
camara,HighThroughputElasticNetworks,/high-throughput-elastic-network/transmission/schedule,POST,scheduleTransmission,x,x,0.9333333333333333,assigned,scope:read->lower:r-cancelled;scope:write->raise:writeFamilyShare=0.933
camara,InHomeDeviceManagement,/v1/devices,GET,listDevices,r,r,1,assigned,method-prior:GET-locked
camara,InHomeDeviceManagement,/v1/devices/{deviceId},GET,getDevice,r,r,1,assigned,method-prior:GET-locked
camara,InHomeDeviceManagement,/v1/devices/{deviceId},PATCH,updateDevice,x,x,0.7471264367816092,review,scope:inhome.device.write-unknown;corpus:update->lower:w:sharePutPatch=0.747
camara,InHomeDeviceManagement,/v1/devices/{deviceId},DELETE,deleteDevice,x,w,0,review,scope:inhome.device.write-unknown
camara,InHomeDeviceManagement,/v1/devices/{deviceId}/actions/{actionId},POST,performDeviceAction,x,x,0,review,scope:inhome.device.write-unknown
camara,InHomeDeviceManagement,/v1/devices/{deviceId}/network-health,GET,getDeviceNetworkHealth,r,r,1,assigned,method-prior:GET-locked
camara,IoTDeviceManagement,/download,POST,downloadEsimProfile,x,x,0,review,scope:download-unknown
camara,IoTDeviceManagement,/enable,POST,enableEsimProfile,x,x,0,review,scope:enable-unknown
camara,IoTDeviceManagement,/disable,POST,disableEsimProfile,x,x,0,review,scope:disable-unknown
camara,IoTDeviceManagement,/delete,POST,deleteEsimProfile,x,x,0.9333333333333333,assigned,scope:delete->raise:writeFamilyShare=0.933
camara,IoTDeviceManagement,/set-fallback,POST,setFallbackEsimProfile,x,x,0,review,scope:set-fallback-unknown
camara,IoTDeviceManagement,/retrieve-status,POST,getEsimProfileStatus,r,r,1.634841628959276,assigned,scope:retrieve-status-unknown;corpus:get->lower:r:shareGet=0.835;verbtable:get->lower:r:shareR=1.000
camara,IoTDeviceManagement,/operations/{operationId},GET,retrieveOperation,r,r,1,assigned,method-prior:GET-locked
camara,IoTNetworkOptimization,/features/power-saving,POST,activatePowerSaving,x,x,3.8601626016260164,assigned,scope:write->raise:writeFamilyShare=0.933;bodyprop:devices->raise:n=5:share=1.000;bodyprop:subscriptionRequest->raise:n=8:share=1.000;flag:callbacks_present->raise:n=41:share=0.927
camara,IoTNetworkOptimization,/features/power-saving/transactions/{transactionId},GET,getPowerSaving,r,r,1,assigned,method-prior:GET-locked
camara,IoTSIMFraudPrevention,/subscriptions,POST,subscribeFraudPrevention,x,x,4.855400696864112,assigned,scope:subscribe->raise:xHintShare=1.000;bodyprop:config->raise:n=14:share=0.929;bodyprop:types->raise:n=13:share=1.000;bodyprop:protocol->raise:n=13:share=1.000;flag:callbacks_present->raise:n=41:share=0.927
camara,IoTSIMFraudPrevention,/subscriptions,GET,listSubscriptions,r,r,1,assigned,method-prior:GET-locked
camara,IoTSIMFraudPrevention,/subscriptions/{subscriptionId},GET,getSubscription,r,r,1,assigned,method-prior:GET-locked
camara,IoTSIMFraudPrevention,/subscriptions/{subscriptionId},DELETE,deleteSubscription,w,w,0,review,scope:delete-agrees
camara,IoTSIMFraudPrevention,/bind,POST,bindDeviceImei,x,x,0,review,scope:bind-unknown
camara,IoTSIMFraudPrevention,/unbind,POST,unBindDeviceImei,x,x,0,review,scope:unbind-unknown
camara,IoTSIMFraudPrevention,/query,POST,query,r,r,1,assigned,scope:query->lower:r
camara,KnowYourCustomer,/verify,POST,verifyAge,r,r,0.8,assigned,verbtable:verify->lower:r:shareR=1.000
camara,KnowYourCustomer,/fill-in,POST,KYC_Fill-in,r,x,0,review,
camara,KnowYourCustomer,/match,POST,KYC_Match,r,x,0,review,
camara,KnowYourCustomerAgeVerification,/verify,POST,verifyAge,r,r,1.8,assigned,scope:verify->lower:r;verbtable:verify->lower:r:shareR=1.000
camara,KnowYourCustomerFill-in,/fill-in,POST,kycFillin,r,r,0.8,assigned,scope:set-all-unknown;scope:phonenumber-unknown;scope:iddocument-unknown;scope:iddocumenttype-unknown;scope:iddocumentexpirydate-unknown;scope:bankaccountnumber-unknown;scope:name-unknown;scope:givenname-unknown;scope:familyname-unknown;scope:namekanahankaku-unknown;scope:namekanazenkaku-unknown;scope:middlenames-unknown;scope:familynameatbirth-unknown;scope:address-unknown;scope:streetname-unknown;scope:streetnumber-unknown;scope:postalcode-unknown;scope:region-unknown;scope:locality-unknown;scope:country-unknown;scope:housenumberextension-unknown;scope:birthdate-unknown;scope:email-unknown;scope:gender-unknown;scope:cityofbirth-unknown;scope:countryofbirth-unknown;scope:nationality-unknown;verbtable:kyc->lower:r:shareR=1.000
camara,KnowYourCustomerMatch,/match,POST,kycMatch,r,r,1.8,assigned,scope:match->lower:r;verbtable:kyc->lower:r:shareR=1.000
camara,ModelAsAService,/knowledge-bases,POST,createKnowledgeBase,x,x,1.8,assigned,scope:create->raise:xHintShare=1.000;verbtable:create->raise:shareX=0.971
camara,ModelAsAService,/knowledge-bases,GET,listKnowledgeBases,r,r,1,assigned,method-prior:GET-locked
camara,ModelAsAService,/knowledge-bases/{knowledgeBaseId},GET,getKnowledgeBase,r,r,1,assigned,method-prior:GET-locked
camara,ModelAsAService,/knowledge-bases/{knowledgeBaseId},PUT,updateKnowledgeBase,w,w,0,review,scope:update-agrees
camara,ModelAsAService,/knowledge-bases/{knowledgeBaseId},DELETE,deleteKnowledgeBase,w,w,0,review,scope:delete-agrees
camara,ModelAsAService,/knowledge-bases/{knowledgeBaseId}/documents,POST,uploadDocument,x,x,1,assigned,scope:create->raise:xHintShare=1.000
camara,ModelAsAService,/knowledge-bases/{knowledgeBaseId}/documents/{documentId},GET,getDocument,r,r,1,assigned,method-prior:GET-locked
camara,ModelAsAService,/knowledge-bases/{knowledgeBaseId}/documents/{documentId},DELETE,deleteDocument,w,w,0,review,scope:delete-agrees
camara,ModelAsAService,/knowledge-bases/{knowledgeBaseId}/tools,POST,createTool,x,x,1.8,assigned,scope:create->raise:xHintShare=1.000;verbtable:create->raise:shareX=0.971
camara,ModelAsAService,/knowledge-bases/{knowledgeBaseId}/tools,GET,listTools,r,r,1,assigned,method-prior:GET-locked
camara,ModelAsAService,/knowledge-bases/{knowledgeBaseId}/tools/{toolId},GET,getTool,r,r,1,assigned,method-prior:GET-locked
camara,ModelAsAService,/knowledge-bases/{knowledgeBaseId}/tools/{toolId},PUT,updateTool,w,w,0,review,scope:update-agrees
camara,ModelAsAService,/knowledge-bases/{knowledgeBaseId}/tools/{toolId},DELETE,deleteTool,w,w,0,review,scope:delete-agrees
camara,ModelAsAService,/knowledge-bases/{knowledgeBaseId}/tools/{toolId}/call,POST,callTool,x,x,1,assigned,scope:call->raise:xHintShare=1.000
camara,ModelAsAService,/assistants,POST,createAssistant,x,x,1.8,assigned,scope:create->raise:xHintShare=1.000;verbtable:create->raise:shareX=0.971
camara,ModelAsAService,/assistants,GET,listAssistants,r,r,1,assigned,method-prior:GET-locked
camara,ModelAsAService,/assistants/{assistantId},GET,getAssistant,r,r,1,assigned,method-prior:GET-locked
camara,ModelAsAService,/assistants/{assistantId},PUT,updateAssistant,w,w,0,review,scope:update-agrees
camara,ModelAsAService,/assistants/{assistantId},DELETE,deleteAssistant,w,w,0,review,scope:delete-agrees
camara,ModelAsAService,/answer,POST,queryAssistant,r,r,1,assigned,scope:read->lower:r
camara,MostFrequentLocation,/verify,POST,verifyFrequentLocation,r,r,1.8,assigned,scope:verify->lower:r;verbtable:verify->lower:r:shareR=1.000
camara,MultiPointVPN,/networks,POST,createNetwork,x,x,1.8,assigned,scope:create->raise:xHintShare=1.000;verbtable:create->raise:shareX=0.973
camara,MultiPointVPN,/networks/{serviceId},PATCH,updateNetwork,w,x,0.7471264367816092,review,scope:update-write-no-table;corpus:update->lower:w:sharePutPatch=0.747
camara,MultiPointVPN,/networks/{serviceId},GET,getNetwork,r,r,1,assigned,method-prior:GET-locked
camara,MultiPointVPN,/networks/{serviceId},DELETE,deleteNetwork,w,w,0,review,scope:delete-agrees
camara,MultiPointVPN,/assessment,POST,assessConnectionFeasibility,r,r,1,assigned,scope:assess->lower:r
camara,NetworkAccessManagement,/network-access-devices,GET,getNetworkAccessDevices,r,r,1,assigned,method-prior:GET-locked
camara,NetworkAccessManagement,/network-access-devices/{networkAccessDeviceId},GET,getNetworkAccessDevice,r,r,1,assigned,method-prior:GET-locked
camara,NetworkAccessManagement,/reboot-requests,POST,createRebootRequest,x,x,0.8,assigned,scope:reboot-unknown;verbtable:create->raise:shareX=1.000
camara,NetworkAccessManagement,/reboot-requests,GET,getRebootRequests,r,r,1,assigned,method-prior:GET-locked
camara,NetworkAccessManagement,/reboot-requests/{rebootRequestId},GET,getRebootRequest,r,r,1,assigned,method-prior:GET-locked
camara,NetworkAccessManagement,/reboot-requests/{rebootRequestId},PATCH,updateRebootRequest,x,x,0.7471264367816092,review,scope:reboot-unknown;corpus:update->lower:w:sharePutPatch=0.747
camara,NetworkAccessManagement,/reboot-requests/{rebootRequestId},DELETE,deleteRebootRequest,w,w,0,review,scope:reboot-unknown
camara,NetworkAccessManagement,/services,GET,getServices,r,r,1,assigned,method-prior:GET-locked
camara,NetworkAccessManagement,/services/{serviceId},GET,getService,r,r,1,assigned,method-prior:GET-locked
camara,NetworkAccessManagement,/trust-domains/capabilities,GET,getTrustDomainCapabilities,r,r,1,assigned,method-prior:GET-locked
camara,NetworkAccessManagement,/trust-domains,POST,createTrustDomain,w,x,0.8,assigned,scope:trust-domains-unknown;verbtable:create->raise:shareX=1.000
camara,NetworkAccessManagement,/trust-domains,GET,getTrustDomains,r,r,1,assigned,method-prior:GET-locked
camara,NetworkAccessManagement,/trust-domains/{trustDomainId},GET,getTrustDomain,r,r,1,assigned,method-prior:GET-locked
camara,NetworkAccessManagement,/trust-domains/{trustDomainId},PATCH,updateTrustDomain,w,x,0.7471264367816092,review,scope:trust-domains-unknown;corpus:update->lower:w:sharePutPatch=0.747
camara,NetworkAccessManagement,/trust-domains/{trustDomainId},DELETE,deleteTrustDomain,w,w,0,review,scope:trust-domains-unknown
camara,NetworkAccessManagement,/trust-domains/{trustDomainId}/devices,POST,createTrustDomainDevice,x,x,0.8,assigned,scope:devices-unknown;verbtable:create->raise:shareX=1.000
camara,NetworkAccessManagement,/trust-domains/{trustDomainId}/devices,GET,getTrustDomainDevices,r,r,1,assigned,method-prior:GET-locked
camara,NetworkAccessManagement,/trust-domains/{trustDomainId}/devices/{deviceId},GET,getTrustDomainDevice,r,r,1,assigned,method-prior:GET-locked
camara,NetworkAccessManagement,/trust-domains/{trustDomainId}/devices/{deviceId},PATCH,updateTrustDomainDevice,w,x,0.7471264367816092,review,scope:devices-unknown;corpus:update->lower:w:sharePutPatch=0.747
camara,NetworkAccessManagement,/trust-domains/{trustDomainId}/devices/{deviceId},DELETE,deleteTrustDomainDevice,w,w,0,review,scope:devices-unknown
camara,NetworkInsights,/health-scores,GET,getHealthScores,r,r,1,assigned,method-prior:GET-locked
camara,NetworkInsights,/traffic-analysis,GET,getTrafficAnalysis,r,r,1,assigned,method-prior:GET-locked
camara,NetworkSliceBooking,/slices/{sliceId}/devices,POST,assignDevice,x,x,0.925,assigned,scope:assign-unknown;flag:callbacks_present->raise:n=40:share=0.925
camara,NetworkSliceBooking,/slices/{sliceId}/devices,GET,getDevices,r,r,1,assigned,method-prior:GET-locked
camara,NetworkSliceBooking,/slices/{sliceId}/release,POST,releaseDevice,x,x,0.9333333333333333,assigned,scope:delete->raise:writeFamilyShare=0.933
camara,NetworkSliceBooking,/retrieve-slices,POST,retrieveSlicesByDevice,r,r,2.7199999999999998,assigned,scope:retrieve->lower:r;corpus:retrieve->lower:r:shareGet=0.920;verbtable:retrieve->lower:r:shareR=1.000
camara,NetworkSliceBooking,/slices,POST,createSlice,x,x,2.725,assigned,scope:create->raise:xHintShare=1.000;verbtable:create->raise:shareX=0.973;flag:callbacks_present->raise:n=40:share=0.925
camara,NetworkSliceBooking,/slices/{sliceId},DELETE,deleteSlice,w,w,0,review,scope:delete-agrees
camara,NetworkSliceBooking,/slices/{sliceId},GET,getSlice,r,r,1,assigned,method-prior:GET-locked
camara,NumberRecycling,/check,POST,checkNumberRecycling,r,r,1.8,assigned,scope:check->lower:r;verbtable:check->lower:r:shareR=1.000
camara,NumberVerification,/verify,POST,phoneNumberVerify,r,r,1,assigned,scope:verify->lower:r
camara,NumberVerification,/device-phone-number,GET,phoneNumberShare,r,r,1,assigned,method-prior:GET-locked
camara,OTPValidation,/send-code,POST,sendCode,x,x,0,review,scope:send-validate-unknown
camara,OTPValidation,/validate-code,POST,validateCode,w,x,0,review,scope:send-validate-unknown
camara,OptimalEdgeDiscovery,/regions,GET,getRegions,r,r,1,assigned,method-prior:GET-locked
camara,OptimalEdgeDiscovery,/retrieve-optimal-edge-cloud-zones,POST,discoverOptimalEdge,r,r,1,assigned,scope:read->lower:r
camara,PopulationDensityData,/retrieve,POST,retrievePopulationDensity,r,r,2.7199999999999998,assigned,scope:read->lower:r;corpus:retrieve->lower:r:shareGet=0.920;verbtable:retrieve->lower:r:shareR=1.000;flag:callbacks_present-suppressed:read-verb
camara,PredictiveConnectivityData,/retrieve,POST,retrieveConnectivity,r,r,2.7199999999999998,assigned,scope:read->lower:r;corpus:retrieve->lower:r:shareGet=0.920;verbtable:retrieve->lower:r:shareR=1.000;flag:callbacks_present-suppressed:read-verb
camara,QoSBooking,/qos-bookings,POST,createBooking,x,x,2.723076923076923,assigned,scope:create->raise:xHintShare=1.000;verbtable:create->raise:shareX=0.972;flag:callbacks_present->raise:n=39:share=0.923
camara,QoSBooking,/qos-bookings/{bookingId},GET,getBookingById,r,r,1,assigned,method-prior:GET-locked
camara,QoSBooking,/qos-bookings/{bookingId},DELETE,deleteBooking,w,w,0,review,scope:delete-agrees
camara,QoSBooking,/qos-bookings/{bookingId}/devices/assign,POST,assignDevices,x,x,1.9230769230769231,assigned,scope:create->raise:xHintShare=1.000;flag:callbacks_present->raise:n=39:share=0.923
camara,QoSBooking,/qos-bookings/{bookingId}/devices,GET,getDevicesByBookingId,r,r,1,assigned,method-prior:GET-locked
camara,QoSBooking,/qos-bookings/{bookingId}/devices/release,POST,releaseDevices,x,x,0.9333333333333333,assigned,scope:delete->raise:writeFamilyShare=0.933
camara,QoSBooking,/qos-bookings/retrieve,POST,retrieveBookingByDevice,r,r,1.7200000000000002,assigned,scope:retrieve-by-device-unknown;corpus:retrieve->lower:r:shareGet=0.920;verbtable:retrieve->lower:r:shareR=1.000
camara,QoSBooking,/device-qos-bookings,POST,createBooking,x,x,2.723076923076923,assigned,scope:create->raise:xHintShare=1.000;verbtable:create->raise:shareX=0.972;flag:callbacks_present->raise:n=39:share=0.923
camara,QoSBooking,/device-qos-bookings/{bookingId},GET,getBookingById,r,r,1,assigned,method-prior:GET-locked
camara,QoSBooking,/device-qos-bookings/{bookingId},DELETE,deleteBooking,w,w,0,review,scope:delete-agrees
camara,QoSBooking,/retrieve-device-qos-bookings,POST,retrieveBookingByDevice,r,r,1.7200000000000002,assigned,scope:retrieve-by-device-unknown;corpus:retrieve->lower:r:shareGet=0.920;verbtable:retrieve->lower:r:shareR=1.000
camara,QualityOnDemand,/retrieve-qos-profiles,POST,retrieveQosProfiles,r,r,2.7199999999999998,assigned,scope:read->lower:r;corpus:retrieve->lower:r:shareGet=0.920;verbtable:retrieve->lower:r:shareR=1.000
camara,QualityOnDemand,/qos-profiles/{name},GET,getQosProfile,r,r,1,assigned,method-prior:GET-locked
camara,QualityOnDemand,/qos-assignments,POST,createQosAssignment,x,x,2.725,assigned,scope:create->raise:xHintShare=1.000;verbtable:create->raise:shareX=0.972;flag:callbacks_present->raise:n=40:share=0.925
camara,QualityOnDemand,/qos-assignments/{assignmentId},GET,getQosAssignmentById,r,r,1,assigned,method-prior:GET-locked
camara,QualityOnDemand,/qos-assignments/{assignmentId},DELETE,revokeQosAssignment,w,w,0,review,scope:delete-agrees
camara,QualityOnDemand,/retrieve-qos-assignment,POST,getQosAssignmentByDevice,r,r,1.634841628959276,assigned,scope:read-by-device-unknown;corpus:get->lower:r:shareGet=0.835;verbtable:get->lower:r:shareR=1.000
camara,QualityOnDemand,/sessions,POST,createSession,x,x,2.725,assigned,scope:create->raise:xHintShare=1.000;verbtable:create->raise:shareX=0.972;flag:callbacks_present->raise:n=40:share=0.925
camara,QualityOnDemand,/sessions/{sessionId},GET,getSession,r,r,1,assigned,method-prior:GET-locked
camara,QualityOnDemand,/sessions/{sessionId},DELETE,deleteSession,w,w,0,review,scope:delete-agrees
camara,QualityOnDemand,/sessions/{sessionId}/extend,POST,extendQosSessionDuration,x,x,0.9333333333333333,assigned,scope:update->raise:writeFamilyShare=0.933
camara,QualityOnDemand,/retrieve-sessions,POST,retrieveSessionsByDevice,r,r,1.7200000000000002,assigned,scope:retrieve-by-device-unknown;corpus:retrieve->lower:r:shareGet=0.920;verbtable:retrieve->lower:r:shareR=1.000
camara,RegionDeviceCount,/count,POST,count,r,r,1,assigned,scope:count->lower:r;flag:callbacks_present-suppressed:read-verb
camara,SessionInsights,/sessions,POST,createSession,x,x,2.726829268292683,assigned,scope:create->raise:xHintShare=1.000;verbtable:create->raise:shareX=0.973;flag:callbacks_present->raise:n=41:share=0.927
camara,SessionInsights,/sessions/{sessionId},GET,getSession,r,r,1,assigned,method-prior:GET-locked
camara,SessionInsights,/sessions/{sessionId},DELETE,deleteSession,w,w,0,review,scope:delete-agrees
camara,SessionInsights,/retrieve-sessions,POST,retrieveSessionsByDevice,r,r,1.7200000000000002,assigned,scope:retrieve-by-device-unknown;corpus:retrieve->lower:r:shareGet=0.920;verbtable:retrieve->lower:r:shareR=1.000
camara,SessionInsights,/sessions/{sessionId}/metrics,POST,sendSessionMetrics,x,x,0.9333333333333333,assigned,scope:write->raise:writeFamilyShare=0.933
camara,SimSwap,/subscriptions,POST,createSimSwapSubscription,x,x,5.6554006968641115,assigned,scope:create->raise:xHintShare=1.000;verbtable:create->raise:shareX=0.973;bodyprop:protocol->raise:n=13:share=1.000;bodyprop:types->raise:n=13:share=1.000;bodyprop:config->raise:n=14:share=0.929;flag:callbacks_present->raise:n=41:share=0.927
camara,SimSwap,/subscriptions,GET,retrieveSubscriptionList,r,r,1,assigned,method-prior:GET-locked
camara,SimSwap,/subscriptions/{subscriptionId},GET,retrieveSubscription,r,r,1,assigned,method-prior:GET-locked
camara,SimSwap,/subscriptions/{subscriptionId},DELETE,deleteSubscription,w,w,0,review,scope:delete-agrees
camara,SimSwap,/retrieve-date,POST,retrieveSimSwapDate,r,r,1.7200000000000002,assigned,scope:retrieve-date-unknown;scope:sim-swap-unknown;corpus:retrieve->lower:r:shareGet=0.920;verbtable:retrieve->lower:r:shareR=1.000
camara,SimSwap,/check,POST,checkSimSwap,r,r,1.8,assigned,scope:check->lower:r;scope:sim-swap-unknown;verbtable:check->lower:r:shareR=1.000
camara,SimSwap,/retrieve-age-band,POST,retrieveSimSwapAgeBand,r,r,1.7200000000000002,assigned,scope:retrieve-age-band-unknown;scope:sim-swap-unknown;corpus:retrieve->lower:r:shareGet=0.920;verbtable:retrieve->lower:r:shareR=1.000
camara,SimpleEdgeDiscovery,/retrieve-closest-edge-cloud-zone,POST,readClosestEdgeCloudZone,r,r,2.675,assigned,scope:read->lower:r;corpus:read->lower:r:shareGet=0.875;verbtable:read->lower:r:shareR=1.000
camara,SponsoredData,/sponsorship,POST,startSponsorship,x,x,0.925,assigned,flag:callbacks_present->raise:n=40:share=0.925
camara,SponsoredData,/sponsorship/{sponsorId}/{campaignId}/{sessionId}/session-status,GET,getSessionStatus,r,r,1,assigned,method-prior:GET-locked
camara,SponsoredData,/sponsorship/{sponsorId}/{campaignId}/{sessionId}/revoke,DELETE,revokeSponsorship,x,w,0,review,
camara,SponsoredData,/campaign/{sponsorId}/{campaignId}/campaign-status,GET,getCampaignStatus,r,r,1,assigned,method-prior:GET-locked
camara,SponsoredData,/campaign/{sponsorId}/{campaignId}/active-sponsorships,GET,getActiveSponsorships,r,r,1,assigned,method-prior:GET-locked
camara,SponsoredData,/campaign/{sponsorId}/{campaignId}/alert-subscription,POST,configureAlerts,x,x,0.925,assigned,corpus:configure->lower:w:sharePutPatch=0.750;flag:callbacks_present->raise:n=40:share=0.925
camara,SponsoredData,/campaign/management,POST,manageCampaign,w,x,0,review,
camara,SubscriptionStatus,/retrieve-subscription-status,POST,retrieveSubscriptionStatus,r,r,1.7200000000000002,assigned,scope:retrieve-subscription-status-unknown;corpus:retrieve->lower:r:shareGet=0.920;verbtable:retrieve->lower:r:shareR=1.000
camara,Tenure,/check-tenure,POST,checkTenure,r,r,0.8,assigned,scope:check-tenure-unknown;verbtable:check->lower:r:shareR=1.000
camara,TrafficInfluence,/traffic-influences,GET,getAllTrafficInfluences,r,r,1,assigned,method-prior:GET-locked
camara,TrafficInfluence,/traffic-influences,POST,postTrafficInfluence,x,x,2.8496240601503757,assigned,scope:write->raise:writeFamilyShare=0.929;bodyprop:subscriptionRequest->raise:n=6:share=1.000;flag:callbacks_present->raise:n=38:share=0.921
camara,TrafficInfluence,/traffic-influence-devices,POST,postTrafficInfluenceDevice,x,x,2.8496240601503757,assigned,scope:write->raise:writeFamilyShare=0.929;bodyprop:subscriptionRequest->raise:n=6:share=1.000;flag:callbacks_present->raise:n=38:share=0.921
camara,TrafficInfluence,/traffic-influences/{trafficInfluenceID},GET,getTrafficInfluenceById,r,r,1,assigned,method-prior:GET-locked
camara,TrafficInfluence,/traffic-influences/{trafficInfluenceID},PATCH,patchTrafficInfluence,x,x,1.9210526315789473,assigned,scope:update-write-no-table;corpus:patch->lower:w:sharePutPatch=0.931;bodyprop:subscriptionRequest->raise:n=6:share=1.000;flag:callbacks_present->raise:n=38:share=0.921
camara,TrafficInfluence,/traffic-influences/{trafficInfluenceID},DELETE,deleteTrafficInfluence,x,x,0.9210526315789473,assigned,scope:delete-agrees;flag:callbacks_present->raise:n=38:share=0.921
camara,VerifiedCaller,/registrations,POST,createRegistration,x,x,2.726829268292683,assigned,scope:create->raise:xHintShare=1.000;verbtable:create->raise:shareX=0.972;flag:callbacks_present->raise:n=41:share=0.927
camara,VerifiedCaller,/registrations,GET,readRegistrations,r,r,1,assigned,method-prior:GET-locked
camara,VerifiedCaller,/registrations/{registrationId},GET,readRegistration,r,r,1,assigned,method-prior:GET-locked
camara,VerifiedCaller,/registrations/{registrationId},DELETE,deleteRegistration,w,w,0,review,scope:delete-agrees
camara,VerifiedCaller,/registrations/{registrationId},PUT,updateRegistration,w,w,0,review,scope:update-agrees
camara,VerifiedCaller,/pre-announce,POST,createPreAnnouncement,x,x,1.8,assigned,scope:create->raise:xHintShare=1.000;verbtable:create->raise:shareX=0.972
camara,WebRTC,/sessions,POST,createSession,x,x,1.8,assigned,scope:create->raise:xHintShare=1.000;verbtable:create->raise:shareX=0.971
camara,WebRTC,/sessions/{mediaSessionId},GET,getSessionDetailsById,r,r,1,assigned,method-prior:GET-locked
camara,WebRTC,/sessions/{mediaSessionId},DELETE,deleteSessionById,x,w,0,review,scope:delete-agrees
camara,WebRTC,/sessions/{mediaSessionId}/status,PUT,updateSessionStatus,x,w,0,review,scope:write-agrees
camara,WebRTC,/subscriptions,POST,createNotificationChannelSubscription,x,x,7.726829268292683,assigned,scope:create->raise:xHintShare=1.000;scope:create->raise:xHintShare=1.000;scope:create->raise:xHintShare=1.000;verbtable:create->raise:shareX=0.971;bodyprop:protocol->raise:n=13:share=1.000;bodyprop:types->raise:n=13:share=1.000;bodyprop:config->raise:n=13:share=1.000;flag:callbacks_present->raise:n=41:share=0.927
camara,WebRTC,/subscriptions,GET,retrieveNotificationChannelSubscriptionList,r,r,1,assigned,method-prior:GET-locked
camara,WebRTC,/subscriptions/{subscriptionId},GET,retrieveNotificationChannelSubscription,r,r,1,assigned,method-prior:GET-locked
camara,WebRTC,/subscriptions/{subscriptionId},PUT,updateNotificationChannelSubscription,w,x,1,assigned,scope:update-agrees;bodyprop:config->raise:n=13:share=1.000
camara,WebRTC,/subscriptions/{subscriptionId},DELETE,deleteNotificationChannelSubscription,w,w,0,review,scope:delete-agrees
camara,WebRTC,/sessions,GET,getRegistrationsByDeviceId,r,r,1,assigned,method-prior:GET-locked
camara,WebRTC,/sessions,POST,createRegistration,x,x,1.8,assigned,scope:create->raise:xHintShare=1.000;verbtable:create->raise:shareX=0.971
camara,WebRTC,/sessions/{registrationId},GET,getRegistrationById,r,r,1,assigned,method-prior:GET-locked
camara,WebRTC,/sessions/{registrationId},PUT,updateRegistrationById,w,w,0,review,scope:write-agrees
camara,WebRTC,/sessions/{registrationId},DELETE,deleteRegistrationById,w,w,0,review,scope:delete-agrees
camara,eSimRemoteManagement,/profile/result/query,POST,profileResultQuery,r,r,1,assigned,scope:query->lower:r
camara,eSimRemoteManagement,/profile/oper,POST,profileOperation,x,x,2.9230769230769234,assigned,scope:oper-unknown;bodyprop:protocol->raise:n=12:share=1.000;bodyprop:types->raise:n=12:share=1.000;bodyprop:config->raise:n=13:share=0.923
camara,eSimRemoteManagement,/profile/downloaded-list,POST,profileList,r,x,0,review,scope:downloadedlist-unknown
camara,eSimRemoteManagement,/profile/download,POST,profileDownload,x,x,2.9230769230769234,assigned,scope:download-unknown;bodyprop:protocol->raise:n=12:share=1.000;bodyprop:types->raise:n=12:share=1.000;bodyprop:config->raise:n=13:share=0.923
holdout1,twilio,/2010-04-01/Accounts.json,POST,CreateAccount,x,x,0.8,assigned,verbtable:create->raise:shareX=0.974
holdout1,twilio,/2010-04-01/Accounts/{Sid}.json,POST,UpdateAccount,w,x,0.7471264367816092,review,corpus:update->lower:w:sharePutPatch=0.747
holdout1,twilio,/2010-04-01/Accounts/{AccountSid}/Addresses.json,POST,CreateAddress,x,x,0.8,assigned,verbtable:create->raise:shareX=0.974
holdout1,twilio,/2010-04-01/Accounts/{AccountSid}/Addresses/{Sid}.json,POST,UpdateAddress,w,x,0.7471264367816092,review,corpus:update->lower:w:sharePutPatch=0.747
holdout1,twilio,/2010-04-01/Accounts/{AccountSid}/Addresses/{Sid}.json,DELETE,DeleteAddress,w,w,0,review,
holdout1,twilio,/2010-04-01/Accounts/{AccountSid}/Applications.json,POST,CreateApplication,x,x,0.8,assigned,verbtable:create->raise:shareX=0.974
holdout1,twilio,/2010-04-01/Accounts/{AccountSid}/Applications/{Sid}.json,POST,UpdateApplication,w,x,0.7471264367816092,review,corpus:update->lower:w:sharePutPatch=0.747
holdout1,twilio,/2010-04-01/Accounts/{AccountSid}/Applications/{Sid}.json,DELETE,DeleteApplication,w,w,0,review,
holdout1,twilio,/2010-04-01/Accounts/{AccountSid}/Calls.json,POST,CreateCall,x,x,0.8,assigned,verbtable:create->raise:shareX=0.974
holdout1,twilio,/2010-04-01/Accounts/{AccountSid}/Calls/{Sid}.json,POST,UpdateCall,x,x,0.7471264367816092,review,corpus:update->lower:w:sharePutPatch=0.747
holdout1,twilio,/2010-04-01/Accounts/{AccountSid}/Calls/{Sid}.json,DELETE,DeleteCall,w,w,0,review,
holdout1,twilio,/2010-04-01/Accounts/{AccountSid}/Calls/{CallSid}/Recordings.json,POST,CreateCallRecording,x,x,0.8,assigned,verbtable:create->raise:shareX=0.974
holdout1,twilio,/2010-04-01/Accounts/{AccountSid}/Calls/{CallSid}/Recordings/{Sid}.json,POST,UpdateCallRecording,x,x,0.7471264367816092,review,corpus:update->lower:w:sharePutPatch=0.747
holdout1,twilio,/2010-04-01/Accounts/{AccountSid}/Calls/{CallSid}/Recordings/{Sid}.json,DELETE,DeleteCallRecording,w,w,0,review,
holdout1,twilio,/2010-04-01/Accounts/{AccountSid}/Conferences/{Sid}.json,POST,UpdateConference,x,x,0.7471264367816092,review,corpus:update->lower:w:sharePutPatch=0.747
holdout1,twilio,/2010-04-01/Accounts/{AccountSid}/Conferences/{ConferenceSid}/Recordings/{Sid}.json,POST,UpdateConferenceRecording,x,x,0.7471264367816092,review,corpus:update->lower:w:sharePutPatch=0.747
holdout1,twilio,/2010-04-01/Accounts/{AccountSid}/Conferences/{ConferenceSid}/Recordings/{Sid}.json,DELETE,DeleteConferenceRecording,w,w,0,review,
holdout1,twilio,/2010-04-01/Accounts/{AccountSid}/ConnectApps/{Sid}.json,POST,UpdateConnectApp,w,x,0.7471264367816092,review,corpus:update->lower:w:sharePutPatch=0.747
holdout1,twilio,/2010-04-01/Accounts/{AccountSid}/ConnectApps/{Sid}.json,DELETE,DeleteConnectApp,w,w,0,review,
holdout1,twilio,/2010-04-01/Accounts/{AccountSid}/IncomingPhoneNumbers/{Sid}.json,POST,UpdateIncomingPhoneNumber,w,x,0.7471264367816092,review,corpus:update->lower:w:sharePutPatch=0.747
holdout1,twilio,/2010-04-01/Accounts/{AccountSid}/IncomingPhoneNumbers/{Sid}.json,DELETE,DeleteIncomingPhoneNumber,w,w,0,review,
holdout1,twilio,/2010-04-01/Accounts/{AccountSid}/IncomingPhoneNumbers.json,POST,CreateIncomingPhoneNumber,x,x,0.8,assigned,verbtable:create->raise:shareX=0.974
holdout1,twilio,/2010-04-01/Accounts/{AccountSid}/IncomingPhoneNumbers/{ResourceSid}/AssignedAddOns/{Sid}.json,DELETE,DeleteIncomingPhoneNumberAssignedAddOn,w,w,0,review,
holdout1,twilio,/2010-04-01/Accounts/{AccountSid}/IncomingPhoneNumbers/{ResourceSid}/AssignedAddOns.json,POST,CreateIncomingPhoneNumberAssignedAddOn,x,x,0.8,assigned,verbtable:create->raise:shareX=0.974
holdout1,twilio,/2010-04-01/Accounts/{AccountSid}/IncomingPhoneNumbers/Local.json,POST,CreateIncomingPhoneNumberLocal,x,x,0.8,assigned,verbtable:create->raise:shareX=0.974
holdout1,twilio,/2010-04-01/Accounts/{AccountSid}/IncomingPhoneNumbers/Mobile.json,POST,CreateIncomingPhoneNumberMobile,x,x,0.8,assigned,verbtable:create->raise:shareX=0.974
holdout1,twilio,/2010-04-01/Accounts/{AccountSid}/IncomingPhoneNumbers/TollFree.json,POST,CreateIncomingPhoneNumberTollFree,x,x,0.8,assigned,verbtable:create->raise:shareX=0.974
holdout1,twilio,/2010-04-01/Accounts/{AccountSid}/Keys/{Sid}.json,POST,UpdateKey,w,x,0.7471264367816092,review,corpus:update->lower:w:sharePutPatch=0.747
holdout1,twilio,/2010-04-01/Accounts/{AccountSid}/Keys/{Sid}.json,DELETE,DeleteKey,w,w,0,review,
holdout1,twilio,/2010-04-01/Accounts/{AccountSid}/Keys.json,POST,CreateNewKey,x,x,0.8,assigned,verbtable:create->raise:shareX=0.974
holdout1,twilio,/2010-04-01/Accounts/{AccountSid}/Messages/{MessageSid}/Media/{Sid}.json,DELETE,DeleteMedia,w,w,0,review,
holdout1,twilio,/2010-04-01/Accounts/{AccountSid}/Queues/{QueueSid}/Members/{CallSid}.json,POST,UpdateMember,x,x,0.7471264367816092,review,corpus:update->lower:w:sharePutPatch=0.747
holdout1,twilio,/2010-04-01/Accounts/{AccountSid}/Messages.json,POST,CreateMessage,x,x,0.8,assigned,verbtable:create->raise:shareX=0.974
holdout1,twilio,/2010-04-01/Accounts/{AccountSid}/Messages/{Sid}.json,POST,UpdateMessage,w,x,0.7471264367816092,review,corpus:update->lower:w:sharePutPatch=0.747
holdout1,twilio,/2010-04-01/Accounts/{AccountSid}/Messages/{Sid}.json,DELETE,DeleteMessage,w,w,0,review,
holdout1,twilio,/2010-04-01/Accounts/{AccountSid}/Messages/{MessageSid}/Feedback.json,POST,CreateMessageFeedback,w,x,0.8,assigned,verbtable:create->raise:shareX=0.974
holdout1,twilio,/2010-04-01/Accounts/{AccountSid}/SigningKeys.json,POST,CreateNewSigningKey,x,x,0.8,assigned,verbtable:create->raise:shareX=0.974
holdout1,twilio,/2010-04-01/Accounts/{AccountSid}/OutgoingCallerIds/{Sid}.json,POST,UpdateOutgoingCallerId,w,x,0.7471264367816092,review,corpus:update->lower:w:sharePutPatch=0.747
holdout1,twilio,/2010-04-01/Accounts/{AccountSid}/OutgoingCallerIds/{Sid}.json,DELETE,DeleteOutgoingCallerId,w,w,0,review,
holdout1,twilio,/2010-04-01/Accounts/{AccountSid}/OutgoingCallerIds.json,POST,CreateValidationRequest,x,x,0.8,assigned,verbtable:create->raise:shareX=0.974
holdout1,twilio,/2010-04-01/Accounts/{AccountSid}/Conferences/{ConferenceSid}/Participants/{CallSid}.json,POST,UpdateParticipant,x,x,0.7471264367816092,review,corpus:update->lower:w:sharePutPatch=0.747
holdout1,twilio,/2010-04-01/Accounts/{AccountSid}/Conferences/{ConferenceSid}/Participants/{CallSid}.json,DELETE,DeleteParticipant,x,w,0,review,
holdout1,twilio,/2010-04-01/Accounts/{AccountSid}/Conferences/{ConferenceSid}/Participants.json,POST,CreateParticipant,x,x,0.8,assigned,verbtable:create->raise:shareX=0.974
holdout1,twilio,/2010-04-01/Accounts/{AccountSid}/Calls/{CallSid}/Payments.json,POST,CreatePayments,x,x,0.8,assigned,verbtable:create->raise:shareX=0.974
holdout1,twilio,/2010-04-01/Accounts/{AccountSid}/Calls/{CallSid}/Payments/{Sid}.json,POST,UpdatePayments,x,x,0.7471264367816092,review,corpus:update->lower:w:sharePutPatch=0.747
holdout1,twilio,/2010-04-01/Accounts/{AccountSid}/Queues/{Sid}.json,POST,UpdateQueue,w,x,0.7471264367816092,review,corpus:update->lower:w:sharePutPatch=0.747
holdout1,twilio,/2010-04-01/Accounts/{AccountSid}/Queues/{Sid}.json,DELETE,DeleteQueue,w,w,0,review,
holdout1,twilio,/2010-04-01/Accounts/{AccountSid}/Queues.json,POST,CreateQueue,x,x,0.8,assigned,verbtable:create->raise:shareX=0.974
holdout1,twilio,/2010-04-01/Accounts/{AccountSid}/Calls/{CallSid}/Transcriptions.json,POST,CreateRealtimeTranscription,x,x,0.8,assigned,verbtable:create->raise:shareX=0.974
holdout1,twilio,/2010-04-01/Accounts/{AccountSid}/Calls/{CallSid}/Transcriptions/{Sid}.json,POST,UpdateRealtimeTranscription,x,x,0.7471264367816092,review,corpus:update->lower:w:sharePutPatch=0.747
holdout1,twilio,/2010-04-01/Accounts/{AccountSid}/Recordings/{Sid}.json,DELETE,DeleteRecording,w,w,0,review,
holdout1,twilio,/2010-04-01/Accounts/{AccountSid}/Recordings/{ReferenceSid}/AddOnResults/{Sid}.json,DELETE,DeleteRecordingAddOnResult,w,w,0,review,
holdout1,twilio,/2010-04-01/Accounts/{AccountSid}/Recordings/{ReferenceSid}/AddOnResults/{AddOnResultSid}/Payloads/{Sid}.json,DELETE,DeleteRecordingAddOnResultPayload,w,w,0,review,
holdout1,twilio,/2010-04-01/Accounts/{AccountSid}/Recordings/{RecordingSid}/Transcriptions/{Sid}.json,DELETE,DeleteRecordingTranscription,w,w,0,review,
holdout1,twilio,/2010-04-01/Accounts/{AccountSid}/SMS/ShortCodes/{Sid}.json,POST,UpdateShortCode,w,x,0.7471264367816092,review,corpus:update->lower:w:sharePutPatch=0.747
holdout1,twilio,/2010-04-01/Accounts/{AccountSid}/SigningKeys/{Sid}.json,POST,UpdateSigningKey,w,x,0.7471264367816092,review,corpus:update->lower:w:sharePutPatch=0.747
holdout1,twilio,/2010-04-01/Accounts/{AccountSid}/SigningKeys/{Sid}.json,DELETE,DeleteSigningKey,w,w,0,review,
holdout1,twilio,/2010-04-01/Accounts/{AccountSid}/SIP/Domains/{DomainSid}/Auth/Calls/CredentialListMappings.json,POST,CreateSipAuthCallsCredentialListMapping,x,x,0.8,assigned,verbtable:create->raise:shareX=0.974
holdout1,twilio,/2010-04-01/Accounts/{AccountSid}/SIP/Domains/{DomainSid}/Auth/Calls/CredentialListMappings/{Sid}.json,DELETE,DeleteSipAuthCallsCredentialListMapping,w,w,0,review,
holdout1,twilio,/2010-04-01/Accounts/{AccountSid}/SIP/Domains/{DomainSid}/Auth/Calls/IpAccessControlListMappings.json,POST,CreateSipAuthCallsIpAccessControlListMapping,x,x,0.8,assigned,verbtable:create->raise:shareX=0.974
holdout1,twilio,/2010-04-01/Accounts/{AccountSid}/SIP/Domains/{DomainSid}/Auth/Calls/IpAccessControlListMappings/{Sid}.json,DELETE,DeleteSipAuthCallsIpAccessControlListMapping,w,w,0,review,
holdout1,twilio,/2010-04-01/Accounts/{AccountSid}/SIP/Domains/{DomainSid}/Auth/Registrations/CredentialListMappings.json,POST,CreateSipAuthRegistrationsCredentialListMapping,x,x,0.8,assigned,verbtable:create->raise:shareX=0.974
holdout1,twilio,/2010-04-01/Accounts/{AccountSid}/SIP/Domains/{DomainSid}/Auth/Registrations/CredentialListMappings/{Sid}.json,DELETE,DeleteSipAuthRegistrationsCredentialListMapping,w,w,0,review,
holdout1,twilio,/2010-04-01/Accounts/{AccountSid}/SIP/CredentialLists/{CredentialListSid}/Credentials.json,POST,CreateSipCredential,x,x,0.8,assigned,verbtable:create->raise:shareX=0.974
holdout1,twilio,/2010-04-01/Accounts/{AccountSid}/SIP/CredentialLists/{CredentialListSid}/Credentials/{Sid}.json,POST,UpdateSipCredential,w,x,0.7471264367816092,review,corpus:update->lower:w:sharePutPatch=0.747
holdout1,twilio,/2010-04-01/Accounts/{AccountSid}/SIP/CredentialLists/{CredentialListSid}/Credentials/{Sid}.json,DELETE,DeleteSipCredential,w,w,0,review,
holdout1,twilio,/2010-04-01/Accounts/{AccountSid}/SIP/CredentialLists.json,POST,CreateSipCredentialList,x,x,0.8,assigned,verbtable:create->raise:shareX=0.974
holdout1,twilio,/2010-04-01/Accounts/{AccountSid}/SIP/CredentialLists/{Sid}.json,POST,UpdateSipCredentialList,w,x,0.7471264367816092,review,corpus:update->lower:w:sharePutPatch=0.747
holdout1,twilio,/2010-04-01/Accounts/{AccountSid}/SIP/CredentialLists/{Sid}.json,DELETE,DeleteSipCredentialList,w,w,0,review,
holdout1,twilio,/2010-04-01/Accounts/{AccountSid}/SIP/Domains/{DomainSid}/CredentialListMappings.json,POST,CreateSipCredentialListMapping,x,x,0.8,assigned,verbtable:create->raise:shareX=0.974
holdout1,twilio,/2010-04-01/Accounts/{AccountSid}/SIP/Domains/{DomainSid}/CredentialListMappings/{Sid}.json,DELETE,DeleteSipCredentialListMapping,w,w,0,review,
holdout1,twilio,/2010-04-01/Accounts/{AccountSid}/SIP/Domains.json,POST,CreateSipDomain,x,x,0.8,assigned,verbtable:create->raise:shareX=0.974
holdout1,twilio,/2010-04-01/Accounts/{AccountSid}/SIP/Domains/{Sid}.json,POST,UpdateSipDomain,w,x,0.7471264367816092,review,corpus:update->lower:w:sharePutPatch=0.747
holdout1,twilio,/2010-04-01/Accounts/{AccountSid}/SIP/Domains/{Sid}.json,DELETE,DeleteSipDomain,w,w,0,review,
holdout1,twilio,/2010-04-01/Accounts/{AccountSid}/SIP/IpAccessControlLists.json,POST,CreateSipIpAccessControlList,x,x,0.8,assigned,verbtable:create->raise:shareX=0.974
holdout1,twilio,/2010-04-01/Accounts/{AccountSid}/SIP/IpAccessControlLists/{Sid}.json,POST,UpdateSipIpAccessControlList,w,x,0.7471264367816092,review,corpus:update->lower:w:sharePutPatch=0.747
holdout1,twilio,/2010-04-01/Accounts/{AccountSid}/SIP/IpAccessControlLists/{Sid}.json,DELETE,DeleteSipIpAccessControlList,w,w,0,review,
holdout1,twilio,/2010-04-01/Accounts/{AccountSid}/SIP/Domains/{DomainSid}/IpAccessControlListMappings/{Sid}.json,DELETE,DeleteSipIpAccessControlListMapping,w,w,0,review,
holdout1,twilio,/2010-04-01/Accounts/{AccountSid}/SIP/Domains/{DomainSid}/IpAccessControlListMappings.json,POST,CreateSipIpAccessControlListMapping,x,x,0.8,assigned,verbtable:create->raise:shareX=0.974
holdout1,twilio,/2010-04-01/Accounts/{AccountSid}/SIP/IpAccessControlLists/{IpAccessControlListSid}/IpAddresses.json,POST,CreateSipIpAddress,x,x,0.8,assigned,verbtable:create->raise:shareX=0.974
holdout1,twilio,/2010-04-01/Accounts/{AccountSid}/SIP/IpAccessControlLists/{IpAccessControlListSid}/IpAddresses/{Sid}.json,POST,UpdateSipIpAddress,w,x,0.7471264367816092,review,corpus:update->lower:w:sharePutPatch=0.747
holdout1,twilio,/2010-04-01/Accounts/{AccountSid}/SIP/IpAccessControlLists/{IpAccessControlListSid}/IpAddresses/{Sid}.json,DELETE,DeleteSipIpAddress,w,w,0,review,
holdout1,twilio,/2010-04-01/Accounts/{AccountSid}/Calls/{CallSid}/Siprec.json,POST,CreateSiprec,x,x,0.8,assigned,verbtable:create->raise:shareX=0.974
holdout1,twilio,/2010-04-01/Accounts/{AccountSid}/Calls/{CallSid}/Siprec/{Sid}.json,POST,UpdateSiprec,w,x,0.7471264367816092,review,corpus:update->lower:w:sharePutPatch=0.747
holdout1,twilio,/2010-04-01/Accounts/{AccountSid}/Calls/{CallSid}/Streams.json,POST,CreateStream,x,x,0.8,assigned,verbtable:create->raise:shareX=0.974
holdout1,twilio,/2010-04-01/Accounts/{AccountSid}/Calls/{CallSid}/Streams/{Sid}.json,POST,UpdateStream,x,x,0.7471264367816092,review,corpus:update->lower:w:sharePutPatch=0.747
holdout1,twilio,/2010-04-01/Accounts/{AccountSid}/Tokens.json,POST,CreateToken,x,x,0.8,assigned,verbtable:create->raise:shareX=0.974
holdout1,twilio,/2010-04-01/Accounts/{AccountSid}/Transcriptions/{Sid}.json,DELETE,DeleteTranscription,w,w,0,review,
holdout1,twilio,/2010-04-01/Accounts/{AccountSid}/Usage/Triggers/{Sid}.json,POST,UpdateUsageTrigger,w,x,0.7471264367816092,review,corpus:update->lower:w:sharePutPatch=0.747
holdout1,twilio,/2010-04-01/Accounts/{AccountSid}/Usage/Triggers/{Sid}.json,DELETE,DeleteUsageTrigger,w,w,0,review,
holdout1,twilio,/2010-04-01/Accounts/{AccountSid}/Usage/Triggers.json,POST,CreateUsageTrigger,x,x,0.8,assigned,verbtable:create->raise:shareX=0.974
holdout1,twilio,/2010-04-01/Accounts/{AccountSid}/Calls/{CallSid}/UserDefinedMessages.json,POST,CreateUserDefinedMessage,x,x,0.8,assigned,verbtable:create->raise:shareX=0.974
holdout1,twilio,/2010-04-01/Accounts/{AccountSid}/Calls/{CallSid}/UserDefinedMessageSubscriptions.json,POST,CreateUserDefinedMessageSubscription,x,x,0.8,assigned,verbtable:create->raise:shareX=0.974
holdout1,twilio,/2010-04-01/Accounts/{AccountSid}/Calls/{CallSid}/UserDefinedMessageSubscriptions/{Sid}.json,DELETE,DeleteUserDefinedMessageSubscription,w,w,0,review,
holdout1,stripe,/v1/accounts/{account},DELETE,DeleteAccountsAccount,x,w,0,review,
holdout1,stripe,/v1/accounts/{account}/bank_accounts/{id},DELETE,DeleteAccountsAccountBankAccountsId,w,w,0,review,
holdout1,stripe,/v1/accounts/{account}/external_accounts/{id},DELETE,DeleteAccountsAccountExternalAccountsId,w,w,0,review,
holdout1,stripe,/v1/accounts/{account}/people/{person},DELETE,DeleteAccountsAccountPeoplePerson,w,w,0,review,
holdout1,stripe,/v1/accounts/{account}/persons/{person},DELETE,DeleteAccountsAccountPersonsPerson,w,w,0,review,
holdout1,stripe,/v1/apple_pay/domains/{domain},DELETE,DeleteApplePayDomainsDomain,w,w,0,review,
holdout1,stripe,/v1/coupons/{coupon},DELETE,DeleteCouponsCoupon,w,w,0,review,
holdout1,stripe,/v1/customers/{customer},DELETE,DeleteCustomersCustomer,x,w,0,review,
holdout1,stripe,/v1/customers/{customer}/bank_accounts/{id},DELETE,DeleteCustomersCustomerBankAccountsId,w,w,0,review,
holdout1,stripe,/v1/customers/{customer}/cards/{id},DELETE,DeleteCustomersCustomerCardsId,w,w,0,review,
holdout1,stripe,/v1/customers/{customer}/discount,DELETE,DeleteCustomersCustomerDiscount,w,w,0,review,
holdout1,stripe,/v1/customers/{customer}/sources/{id},DELETE,DeleteCustomersCustomerSourcesId,w,w,0,review,
holdout1,stripe,/v1/customers/{customer}/subscriptions/{subscription_exposed_id},DELETE,DeleteCustomersCustomerSubscriptionsSubscriptionExposedId,x,w,0,review,
holdout1,stripe,/v1/customers/{customer}/subscriptions/{subscription_exposed_id}/discount,DELETE,DeleteCustomersCustomerSubscriptionsSubscriptionExposedIdDiscount,w,w,0,review,
holdout1,stripe,/v1/customers/{customer}/tax_ids/{id},DELETE,DeleteCustomersCustomerTaxIdsId,w,w,0,review,
holdout1,stripe,/v1/ephemeral_keys/{key},DELETE,DeleteEphemeralKeysKey,w,w,0,review,
holdout1,stripe,/v1/invoiceitems/{invoiceitem},DELETE,DeleteInvoiceitemsInvoiceitem,w,w,0,review,
holdout1,stripe,/v1/invoices/{invoice},DELETE,DeleteInvoicesInvoice,w,w,0,review,
holdout1,stripe,/v1/plans/{plan},DELETE,DeletePlansPlan,w,w,0,review,
holdout1,stripe,/v1/products/{id},DELETE,DeleteProductsId,w,w,0,review,
holdout1,stripe,/v1/products/{product}/features/{id},DELETE,DeleteProductsProductFeaturesId,w,w,0,review,
holdout1,stripe,/v1/radar/value_list_items/{item},DELETE,DeleteRadarValueListItemsItem,w,w,0,review,
holdout1,stripe,/v1/radar/value_lists/{value_list},DELETE,DeleteRadarValueListsValueList,w,w,0,review,
holdout1,stripe,/v1/subscription_items/{item},DELETE,DeleteSubscriptionItemsItem,w,w,0,review,
holdout1,stripe,/v1/subscriptions/{subscription_exposed_id},DELETE,DeleteSubscriptionsSubscriptionExposedId,x,w,0,review,
holdout1,stripe,/v1/subscriptions/{subscription_exposed_id}/discount,DELETE,DeleteSubscriptionsSubscriptionExposedIdDiscount,w,w,0,review,
holdout1,stripe,/v1/tax_ids/{id},DELETE,DeleteTaxIdsId,w,w,0,review,
holdout1,stripe,/v1/terminal/configurations/{configuration},DELETE,DeleteTerminalConfigurationsConfiguration,w,w,0,review,
holdout1,stripe,/v1/terminal/locations/{location},DELETE,DeleteTerminalLocationsLocation,w,w,0,review,
holdout1,stripe,/v1/terminal/readers/{reader},DELETE,DeleteTerminalReadersReader,w,w,0,review,
holdout1,stripe,/v1/test_helpers/test_clocks/{test_clock},DELETE,DeleteTestHelpersTestClocksTestClock,w,w,0,review,
holdout1,stripe,/v1/webhook_endpoints/{webhook_endpoint},DELETE,DeleteWebhookEndpointsWebhookEndpoint,w,w,0,review,
holdout1,github,/app/installations/{installation_id},DELETE,apps/delete-installation,x,w,0,review,
holdout1,github,/applications/{client_id}/token,DELETE,apps/delete-token,x,w,0,review,
holdout1,github,/enterprises/{enterprise}/code-security/configurations/{configuration_id},DELETE,code-security/delete-configuration-for-enterprise,w,w,0,review,
holdout1,github,/enterprises/{enterprise}/dependabot/repository-access/default-level,PUT,dependabot/set-repository-access-default-level-for-enterprise,w,w,0,review,
holdout1,github,/enterprises/{enterprise}/teams/{enterprise-team}/organizations/{org},PUT,enterprise-team-organizations/add,x,w,0,review,
holdout1,github,/gists/{gist_id}/star,DELETE,gists/unstar,w,w,0,review,
holdout1,github,/notifications/threads/{thread_id},DELETE,activity/mark-thread-as-done,w,w,0,review,
holdout1,github,/organizations/{org}/actions/cache/storage-limit,PUT,actions/set-actions-cache-storage-limit-for-organization,w,w,0,review,
holdout1,github,/orgs/{org}/actions/hosted-runners/images/custom/{image_definition_id}/versions/{version},DELETE,actions/delete-custom-image-version-from-org,w,w,0,review,
holdout1,github,/orgs/{org}/actions/permissions,PUT,actions/set-github-actions-permissions-organization,w,w,0,review,
holdout1,github,/orgs/{org}/actions/permissions/repositories,PUT,actions/set-selected-repositories-enabled-github-actions-organization,w,w,0,review,
holdout1,github,/orgs/{org}/actions/permissions/self-hosted-runners,PUT,actions/set-self-hosted-runners-permissions-organization,w,w,0,review,
holdout1,github,/orgs/{org}/actions/permissions/workflow,PUT,actions/set-github-actions-default-workflow-permissions-organization,w,w,0,review,
holdout1,github,/orgs/{org}/actions/runner-groups/{runner_group_id}/repositories/{repository_id},PUT,actions/add-repo-access-to-self-hosted-runner-group-in-org,w,w,0,review,
holdout1,github,/orgs/{org}/actions/runners/{runner_id},DELETE,actions/delete-self-hosted-runner-from-org,w,w,0,review,
holdout1,github,/orgs/{org}/actions/secrets/{secret_name},DELETE,actions/delete-org-secret,w,w,0,review,
holdout1,github,/orgs/{org}/actions/secrets/{secret_name}/repositories/{repository_id},PUT,actions/add-selected-repo-to-org-secret,w,w,0,review,
holdout1,github,/orgs/{org}/actions/variables/{name}/repositories/{repository_id},PUT,actions/add-selected-repo-to-org-variable,w,w,0,review,
holdout1,github,/orgs/{org}/agents/secrets/{secret_name}/repositories/{repository_id},DELETE,agents/remove-selected-repo-from-org-secret,w,w,0,review,
holdout1,github,/orgs/{org}/agents/variables/{name}/repositories/{repository_id},DELETE,agents/remove-selected-repo-from-org-variable,w,w,0,review,
holdout1,github,/orgs/{org}/blocks/{username},DELETE,orgs/unblock-user,w,w,0,review,
holdout1,github,/orgs/{org}/code-security/configurations/{configuration_id},DELETE,code-security/delete-configuration,w,w,0,review,
holdout1,github,/orgs/{org}/codespaces/secrets/{secret_name},DELETE,codespaces/delete-org-secret,w,w,0,review,
holdout1,github,/orgs/{org}/codespaces/secrets/{secret_name}/repositories/{repository_id},PUT,codespaces/add-selected-repo-to-org-secret,w,w,0,review,
holdout1,github,/orgs/{org}/copilot-spaces/{space_number}/collaborators/{actor_type}/{actor_identifier},PUT,copilot-spaces/update-collaborator-for-org,x,w,0,review,
holdout1,github,/orgs/{org}/copilot/billing/selected_users,DELETE,copilot/cancel-copilot-seat-assignment-for-users,x,w,0,review,
holdout1,github,/orgs/{org}/copilot/coding-agent/permissions/repositories/{repository_id},PUT,copilot/enable-copilot-coding-agent-for-repository-in-organization,w,w,0,review,
holdout1,github,/orgs/{org}/dependabot/secrets/{secret_name},PUT,dependabot/create-or-update-org-secret,w,w,0,review,
holdout1,github,/orgs/{org}/hooks/{hook_id},DELETE,orgs/delete-webhook,w,w,0,review,
holdout1,github,/orgs/{org}/issue-fields/{issue_field_id},DELETE,orgs/delete-issue-field,w,w,0,review,
holdout1,github,/orgs/{org}/members/{username}/codespaces/{codespace_name},DELETE,codespaces/delete-from-organization,x,w,0,review,
holdout1,github,/orgs/{org}/migrations/{migration_id}/repos/{repo_name}/lock,DELETE,migrations/unlock-repo-for-org,w,w,0,review,
holdout1,github,/orgs/{org}/organization-roles/users/{username},DELETE,orgs/revoke-all-org-roles-user,x,w,0,review,
holdout1,github,/orgs/{org}/outside_collaborators/{username},PUT,orgs/convert-member-to-outside-collaborator,x,w,0,review,
holdout1,github,/orgs/{org}/projectsV2/{project_number}/items/{item_id},DELETE,projects/delete-item-for-org,w,w,0,review,
holdout1,github,/orgs/{org}/public_members/{username},PUT,orgs/set-public-membership-for-authenticated-user,w,w,0,review,
holdout1,github,/orgs/{org}/security-managers/teams/{team_slug},DELETE,orgs/remove-security-manager-team,x,w,0,review,
holdout1,github,/orgs/{org}/settings/immutable-releases/repositories/{repository_id},DELETE,orgs/disable-selected-repository-immutable-releases-organization,w,w,0,review,
holdout1,github,/orgs/{org}/teams/{team_slug}/memberships/{username},DELETE,teams/remove-membership-for-user-in-org,x,w,0,review,
holdout1,github,/repos/{owner}/{repo},DELETE,repos/delete,x,w,0,review,
holdout1,github,/repos/{owner}/{repo}/actions/caches,DELETE,actions/delete-actions-cache-by-key,w,w,0,review,
holdout1,github,/repos/{owner}/{repo}/actions/permissions/access,PUT,actions/set-workflow-access-to-repository,w,w,0,review,
holdout1,github,/repos/{owner}/{repo}/actions/permissions/selected-actions,PUT,actions/set-allowed-actions-repository,w,w,0,review,
holdout1,github,/repos/{owner}/{repo}/actions/runners/{runner_id}/labels,PUT,actions/set-custom-labels-for-self-hosted-runner-for-repo,w,w,0,review,
holdout1,github,/repos/{owner}/{repo}/actions/secrets/{secret_name},DELETE,actions/delete-repo-secret,w,w,0,review,
holdout1,github,/repos/{owner}/{repo}/actions/workflows/{workflow_id}/enable,PUT,actions/enable-workflow,w,w,0,review,
holdout1,github,/repos/{owner}/{repo}/autolinks/{autolink_id},DELETE,repos/delete-autolink,w,w,0,review,
holdout1,github,/repos/{owner}/{repo}/branches/{branch}/protection,PUT,repos/update-branch-protection,w,w,0,review,
holdout1,github,/repos/{owner}/{repo}/branches/{branch}/protection/required_status_checks,DELETE,repos/remove-status-check-protection,w,w,0,review,
holdout1,github,/repos/{owner}/{repo}/branches/{branch}/protection/restrictions/apps,DELETE,repos/remove-app-access-restrictions,x,w,0,review,
holdout1,github,/repos/{owner}/{repo}/branches/{branch}/protection/restrictions/users,DELETE,repos/remove-user-access-restrictions,x,w,0,review,
holdout1,github,/repos/{owner}/{repo}/codespaces/secrets/{secret_name},DELETE,codespaces/delete-repo-secret,w,w,0,review,
holdout1,github,/repos/{owner}/{repo}/comments/{comment_id},DELETE,repos/delete-commit-comment,w,w,0,review,
holdout1,github,/repos/{owner}/{repo}/dependabot/secrets/{secret_name},DELETE,dependabot/delete-repo-secret,w,w,0,review,
holdout1,github,/repos/{owner}/{repo}/environments/{environment_name},PUT,repos/create-or-update-environment,w,w,0,review,
holdout1,github,/repos/{owner}/{repo}/environments/{environment_name}/secrets/{secret_name},DELETE,actions/delete-environment-secret,w,w,0,review,
holdout1,github,/repos/{owner}/{repo}/hooks/{hook_id},DELETE,repos/delete-webhook,w,w,0,review,
holdout1,github,/repos/{owner}/{repo}/import,PUT,migrations/start-import,x,w,0,review,
holdout1,github,/repos/{owner}/{repo}/interaction-limits/pulls/bypass-list,PUT,interactions/set-pull-request-bypass-list-for-repo,w,w,0,review,
holdout1,github,/repos/{owner}/{repo}/issues/comments/{comment_id}/pin,PUT,issues/pin-comment,w,w,0,review,
holdout1,github,/repos/{owner}/{repo}/issues/{issue_number}/issue-field-values,PUT,issues/set-issue-field-values,x,w,0,review,
holdout1,github,/repos/{owner}/{repo}/issues/{issue_number}/labels/{name},DELETE,issues/remove-label,w,w,0,review,
holdout1,github,/repos/{owner}/{repo}/issues/{issue_number}/sub_issue,DELETE,issues/remove-sub-issue,x,w,0,review,
holdout1,github,/repos/{owner}/{repo}/notifications,PUT,activity/mark-repo-notifications-as-read,w,w,0,review,
holdout1,github,/repos/{owner}/{repo}/private-vulnerability-reporting,PUT,repos/enable-private-vulnerability-reporting,w,w,0,review,
holdout1,github,/repos/{owner}/{repo}/pulls/{pull_number}/merge-async,PUT,pulls/merge-async,x,w,0,review,
holdout1,github,/repos/{owner}/{repo}/pulls/{pull_number}/reviews/{review_id}/dismissals,PUT,pulls/dismiss-review,w,w,0,review,
holdout1,github,/repos/{owner}/{repo}/releases/{release_id}/reactions/{reaction_id},DELETE,reactions/delete-for-release,w,w,0,review,
holdout1,github,/repos/{owner}/{repo}/subscription,DELETE,activity/delete-repo-subscription,w,w,0,review,
holdout1,github,/repos/{owner}/{repo}/vulnerability-alerts,PUT,repos/enable-vulnerability-alerts,w,w,0,review,
holdout1,github,/teams/{team_id}/memberships/{username},DELETE,teams/remove-membership-for-user-legacy,x,w,0,review,
holdout1,github,/user/blocks/{username},DELETE,users/unblock,w,w,0,review,
holdout1,github,/user/codespaces/secrets/{secret_name}/repositories,PUT,codespaces/set-repositories-for-secret-for-authenticated-user,w,w,0,review,
holdout1,github,/user/emails,DELETE,users/delete-email-for-authenticated-user,w,w,0,review,
holdout1,github,/user/installations/{installation_id}/repositories/{repository_id},DELETE,apps/remove-repo-from-installation-for-authenticated-user,x,w,0,review,
holdout1,github,/user/keys/{key_id},DELETE,users/delete-public-ssh-key-for-authenticated-user,w,w,0,review,
holdout1,github,/user/packages/{package_type}/{package_name}/versions/{package_version_id},DELETE,packages/delete-package-version-for-authenticated-user,w,w,0,review,
holdout1,github,/user/starred/{owner}/{repo},DELETE,activity/unstar-repo-for-authenticated-user,w,w,0,review,
holdout1,github,/users/{username}/copilot-spaces/{space_number},DELETE,copilot-spaces/delete-for-user,w,w,0,review,
holdout1,github,/users/{username}/copilot-spaces/{space_number}/resources/{space_resource_id},DELETE,copilot-spaces/delete-resource-for-user,w,w,0,review,
holdout1,github,/users/{username}/projectsV2/{project_number}/items/{item_id},DELETE,projects/delete-item-for-user,w,w,0,review,
holdout2,box,/ai/ask,POST,post_ai_ask,r,x,0,review,
holdout2,box,/ai/text_gen,POST,post_ai_text_gen,r,x,0,review,
holdout2,box,/ai_agents,POST,post_ai_agents,x,x,0,review,
holdout2,box,/ai_agents/{agent_id},PUT,put_ai_agents_id,w,w,0,review,
holdout2,box,/collaboration_whitelist_entries,POST,post_collaboration_whitelist_entries,x,x,0,review,
holdout2,box,/collaboration_whitelist_exempt_targets,GET,get_collaboration_whitelist_exempt_targets,r,r,1,assigned,method-prior:GET-locked
holdout2,box,/collaboration_whitelist_exempt_targets/{collaboration_whitelist_exempt_target_id},GET,get_collaboration_whitelist_exempt_targets_id,r,r,1,assigned,method-prior:GET-locked
holdout2,box,/collaborations/{collaboration_id},DELETE,delete_collaborations_id,x,w,0,review,
holdout2,box,/collections,GET,get_collections,r,r,1,assigned,method-prior:GET-locked
holdout2,box,/comments,POST,post_comments,x,x,0,review,
holdout2,box,/comments/{comment_id},PUT,put_comments_id,w,w,0,review,
holdout2,box,/enterprises/{enterprise_id}/device_pinners,GET,get_enterprises_id_device_pinners,r,r,1,assigned,method-prior:GET-locked
holdout2,box,/file_requests/{file_request_id},GET,get_file_requests_id,r,r,1,assigned,method-prior:GET-locked
holdout2,box,/file_version_legal_holds,GET,get_file_version_legal_holds,r,r,1,assigned,method-prior:GET-locked
holdout2,box,/file_version_retentions/{file_version_retention_id},GET,get_file_version_retentions_id,r,r,1,assigned,method-prior:GET-locked
holdout2,box,/files/upload_sessions/{upload_session_id},DELETE,delete_files_upload_sessions_id,w,w,0,review,
holdout2,box,/files/upload_sessions/{upload_session_id}/commit,POST,post_files_upload_sessions_id_commit,x,x,0,review,
holdout2,box,/files/{file_id},DELETE,delete_files_id,w,w,0,review,
holdout2,box,/files/{file_id},PUT,put_files_id,w,w,0,review,
holdout2,box,/files/{file_id}#remove_shared_link,PUT,put_files_id#remove_shared_link,w,w,0,review,
holdout2,box,/files/{file_id}/collaborations,GET,get_files_id_collaborations,r,r,1,assigned,method-prior:GET-locked
holdout2,box,/files/{file_id}/content,POST,post_files_id_content,x,x,0,review,
holdout2,box,/files/{file_id}/metadata/enterprise/securityClassification-6VMVochwUWo,DELETE,delete_files_id_metadata_enterprise_securityClassification-6VMVochwUWo,w,w,0,review,
holdout2,box,/files/{file_id}/metadata/enterprise/securityClassification-6VMVochwUWo,PUT,put_files_id_metadata_enterprise_securityClassification-6VMVochwUWo,w,w,0,review,
holdout2,box,/files/{file_id}/metadata/global/boxSkillsCards,POST,post_files_id_metadata_global_boxSkillsCards,w,x,0,review,
holdout2,box,/files/{file_id}/metadata/{scope}/{template_key},GET,get_files_id_metadata_id_id,r,r,1,assigned,method-prior:GET-locked
holdout2,box,/files/{file_id}/tasks,GET,get_files_id_tasks,r,r,1,assigned,method-prior:GET-locked
holdout2,box,/files/{file_id}/trash,GET,get_files_id_trash,r,r,1,assigned,method-prior:GET-locked
holdout2,box,/files/{file_id}/versions/current,POST,post_files_id_versions_current,x,x,0,review,
holdout2,box,/files/{file_id}/versions/{file_version_id},PUT,put_files_id_versions_id,w,w,0,review,
holdout2,box,/files/{file_id}/watermark,PUT,put_files_id_watermark,w,w,0,review,
holdout2,box,/folder_locks/{folder_lock_id},DELETE,delete_folder_locks_id,w,w,0,review,
holdout2,box,/folders/{folder_id},DELETE,delete_folders_id,w,w,0,review,
holdout2,box,/folders/{folder_id},PUT,put_folders_id,w,w,0,review,
holdout2,box,/folders/{folder_id}#remove_shared_link,PUT,put_folders_id#remove_shared_link,w,w,0,review,
holdout2,box,/folders/{folder_id}/collaborations,GET,get_folders_id_collaborations,r,r,1,assigned,method-prior:GET-locked
holdout2,box,/folders/{folder_id}/metadata,GET,get_folders_id_metadata,r,r,1,assigned,method-prior:GET-locked
holdout2,box,/folders/{folder_id}/metadata/enterprise/securityClassification-6VMVochwUWo,POST,post_folders_id_metadata_enterprise_securityClassification-6VMVochwUWo,w,x,0,review,
holdout2,box,/folders/{folder_id}/metadata/{scope}/{template_key},GET,get_folders_id_metadata_id_id,r,r,1,assigned,method-prior:GET-locked
holdout2,box,/folders/{folder_id}/trash,DELETE,delete_folders_id_trash,w,w,0,review,
holdout2,box,/folders/{folder_id}/watermark,GET,get_folders_id_watermark,r,r,1,assigned,method-prior:GET-locked
holdout2,box,/group_memberships/{group_membership_id},DELETE,delete_group_memberships_id,x,w,0,review,
holdout2,box,/groups,GET,get_groups,r,r,1,assigned,method-prior:GET-locked
holdout2,box,/groups/{group_id},DELETE,delete_groups_id,x,w,0,review,
holdout2,box,/groups/{group_id}/collaborations,GET,get_groups_id_collaborations,r,r,1,assigned,method-prior:GET-locked
holdout2,box,/integration_mappings/slack,POST,post_integration_mappings_slack,x,x,0,review,
holdout2,box,/integration_mappings/teams,GET,get_integration_mappings_teams,r,r,1,assigned,method-prior:GET-locked
holdout2,box,/integration_mappings/teams/{integration_mapping_id},PUT,put_integration_mappings_teams_id,w,w,0,review,
holdout2,box,/legal_hold_policies,GET,get_legal_hold_policies,r,r,1,assigned,method-prior:GET-locked
holdout2,box,/legal_hold_policies/{legal_hold_policy_id},GET,get_legal_hold_policies_id,r,r,1,assigned,method-prior:GET-locked
holdout2,box,/legal_hold_policy_assignments,POST,post_legal_hold_policy_assignments,x,x,0,review,
holdout2,box,/legal_hold_policy_assignments/{legal_hold_policy_assignment_id}/file_versions_on_hold,GET,get_legal_hold_policy_assignments_id_file_versions_on_hold,r,r,1,assigned,method-prior:GET-locked
holdout2,box,/metadata_cascade_policies,POST,post_metadata_cascade_policies,x,x,0.4,review,corpus:metadata->lower:r:shareGet=1.000
holdout2,box,/metadata_cascade_policies/{metadata_cascade_policy_id}/apply,POST,post_metadata_cascade_policies_id_apply,w,x,0.4,review,corpus:metadata->lower:r:shareGet=1.000
holdout2,box,/metadata_taxonomies/{namespace},GET,get_metadata_taxonomies_id,r,r,1,assigned,method-prior:GET-locked
holdout2,box,/metadata_taxonomies/{namespace}/{taxonomy_key},PATCH,patch_metadata_taxonomies_id_id,w,x,0.4,review,corpus:metadata->lower:r:shareGet=1.000
holdout2,box,/metadata_taxonomies/{namespace}/{taxonomy_key}/levels:append,POST,post_metadata_taxonomies_id_id_levels:append,x,x,0.4,review,corpus:metadata->lower:r:shareGet=1.000
holdout2,box,/metadata_taxonomies/{namespace}/{taxonomy_key}/nodes,POST,post_metadata_taxonomies_id_id_nodes,x,x,0.4,review,corpus:metadata->lower:r:shareGet=1.000
holdout2,box,/metadata_taxonomies/{namespace}/{taxonomy_key}/nodes/{node_id},PATCH,patch_metadata_taxonomies_id_id_nodes_id,w,x,0.4,review,corpus:metadata->lower:r:shareGet=1.000
holdout2,box,/metadata_templates/enterprise/securityClassification-6VMVochwUWo/schema,GET,get_metadata_templates_enterprise_securityClassification-6VMVochwUWo_schema,r,r,1,assigned,method-prior:GET-locked
holdout2,box,/metadata_templates/global,GET,get_metadata_templates_global,r,r,1,assigned,method-prior:GET-locked
holdout2,box,/metadata_templates/{namespace}/{template_key}/fields/{field_key}/options,GET,get_metadata_templates_id_id_fields_id_options,r,r,1,assigned,method-prior:GET-locked
holdout2,box,/metadata_templates/{scope}/{template_key}/schema,PUT,put_metadata_templates_id_id_schema,w,w,0,review,
holdout2,box,/oauth2/token,POST,post_oauth2_token,x,x,0,review,
holdout2,box,/retention_policies,GET,get_retention_policies,r,r,1,assigned,method-prior:GET-locked
holdout2,box,/retention_policies/{retention_policy_id},GET,get_retention_policies_id,r,r,1,assigned,method-prior:GET-locked
holdout2,box,/retention_policy_assignments,POST,post_retention_policy_assignments,x,x,0,review,
holdout2,box,/retention_policy_assignments/{retention_policy_assignment_id}/file_versions_under_retention,GET,get_retention_policy_assignments_id_file_versions_under_retention,r,r,1,assigned,method-prior:GET-locked
holdout2,box,/shared_items,GET,get_shared_items,r,r,1,assigned,method-prior:GET-locked
holdout2,box,/shared_items#web_links,GET,get_shared_items#web_links,r,r,1,assigned,method-prior:GET-locked
holdout2,box,/shield_information_barrier_reports/{shield_information_barrier_report_id},GET,get_shield_information_barrier_reports_id,r,r,1,assigned,method-prior:GET-locked
holdout2,box,/shield_information_barrier_segment_members/{shield_information_barrier_segment_member_id},DELETE,delete_shield_information_barrier_segment_members_id,x,w,0,review,
holdout2,box,/shield_information_barrier_segment_restrictions,POST,post_shield_information_barrier_segment_restrictions,x,x,0,review,
holdout2,box,/shield_information_barrier_segments,GET,get_shield_information_barrier_segments,r,r,1,assigned,method-prior:GET-locked
holdout2,box,/shield_information_barrier_segments/{shield_information_barrier_segment_id},GET,get_shield_information_barrier_segments_id,r,r,1,assigned,method-prior:GET-locked
holdout2,box,/shield_information_barriers,POST,post_shield_information_barriers,x,x,0,review,
holdout2,box,/sign_requests,GET,get_sign_requests,r,r,1,assigned,method-prior:GET-locked
holdout2,box,/sign_requests/{sign_request_id}/cancel,POST,post_sign_requests_id_cancel,x,x,0,review,
holdout2,box,/sign_templates/{template_id},GET,get_sign_templates_id,r,r,1,assigned,method-prior:GET-locked
holdout2,box,/storage_policies/{storage_policy_id},GET,get_storage_policies_id,r,r,1,assigned,method-prior:GET-locked
holdout2,box,/storage_policy_assignments/{storage_policy_assignment_id},DELETE,delete_storage_policy_assignments_id,w,w,0,review,
holdout2,box,/task_assignments,POST,post_task_assignments,x,x,0,review,
holdout2,box,/task_assignments/{task_assignment_id},PUT,put_task_assignments_id,w,w,0,review,
holdout2,box,/tasks/{task_id},GET,get_tasks_id,r,r,1,assigned,method-prior:GET-locked
holdout2,box,/terms_of_service_user_statuses,GET,get_terms_of_service_user_statuses,r,r,1,assigned,method-prior:GET-locked
holdout2,box,/terms_of_services,GET,get_terms_of_services,r,r,1,assigned,method-prior:GET-locked
holdout2,box,/terms_of_services/{terms_of_service_id},PUT,put_terms_of_services_id,w,w,0,review,
holdout2,box,/users/me,GET,get_users_me,r,r,1,assigned,method-prior:GET-locked
holdout2,box,/users/{user_id},GET,get_users_id,r,r,1,assigned,method-prior:GET-locked
holdout2,box,/users/{user_id}/avatar,GET,get_users_id_avatar,r,r,1,assigned,method-prior:GET-locked
holdout2,box,/users/{user_id}/email_aliases,POST,post_users_id_email_aliases,x,x,0,review,
holdout2,box,/users/{user_id}/memberships,GET,get_users_id_memberships,r,r,1,assigned,method-prior:GET-locked
holdout2,box,/web_links/{web_link_id},GET,get_web_links_id,r,r,1,assigned,method-prior:GET-locked
holdout2,box,/web_links/{web_link_id}#add_shared_link,PUT,put_web_links_id#add_shared_link,w,w,0,review,
holdout2,box,/web_links/{web_link_id}#update_shared_link,PUT,put_web_links_id#update_shared_link,w,w,0,review,
holdout2,box,/webhooks,GET,get_webhooks,r,r,1,assigned,method-prior:GET-locked
holdout2,box,/webhooks/{webhook_id},GET,get_webhooks_id,r,r,1,assigned,method-prior:GET-locked
holdout2,box,/workflows/{workflow_id}/start,POST,post_workflows_id_start,x,x,0,review,
holdout2,box,/zip_downloads/{zip_download_id}/status,GET,get_zip_downloads_id_status,r,r,1,assigned,method-prior:GET-locked
holdout2,pagerduty,/abilities,GET,listAbilities,r,r,1,assigned,method-prior:GET-locked
holdout2,pagerduty,/addons/{id},GET,getAddon,r,r,1,assigned,method-prior:GET-locked
holdout2,pagerduty,/alert_grouping_settings/{id},GET,getAlertGroupingSetting,r,r,1,assigned,method-prior:GET-locked
holdout2,pagerduty,/analytics/metrics/incidents/services,POST,getAnalyticsMetricsIncidentsService,r,r,1.634841628959276,assigned,corpus:get->lower:r:shareGet=0.835;verbtable:get->lower:r:shareR=1.000
holdout2,pagerduty,/analytics/metrics/responders/all,POST,getAnalyticsMetricsRespondersAll,r,r,1.634841628959276,assigned,corpus:get->lower:r:shareGet=0.835;verbtable:get->lower:r:shareR=1.000
holdout2,pagerduty,/analytics/raw/incidents/{id}/responses,GET,getAnalyticsIncidentResponsesById,r,r,1,assigned,method-prior:GET-locked
holdout2,pagerduty,/automation_actions/actions,POST,createAutomationAction,x,x,0.8,assigned,verbtable:create->raise:shareX=0.974
holdout2,pagerduty,/automation_actions/actions/{id}/services,GET,getAutomationActionsActionServiceAssociations,r,r,1,assigned,method-prior:GET-locked
holdout2,pagerduty,/automation_actions/actions/{id}/teams,POST,createAutomationActionTeamAssociation,w,x,0.8,assigned,verbtable:create->raise:shareX=0.974
holdout2,pagerduty,/automation_actions/runners,GET,getAutomationActionsRunners,r,r,1,assigned,method-prior:GET-locked
holdout2,pagerduty,/automation_actions/runners/{id}/teams,GET,getAutomationActionsRunnerTeamAssociations,r,r,1,assigned,method-prior:GET-locked
holdout2,pagerduty,/business_services,POST,createBusinessService,x,x,0.8,assigned,verbtable:create->raise:shareX=0.974
holdout2,pagerduty,/business_services/priority_thresholds,PUT,putBusinessServicePriorityThresholds,w,w,0,review,
holdout2,pagerduty,/business_services/{id}/account_subscription,POST,createBusinessServiceAccountSubscription,x,x,0.8,assigned,verbtable:create->raise:shareX=0.974
holdout2,pagerduty,/change_events,GET,listChangeEvents,r,r,1,assigned,method-prior:GET-locked
holdout2,pagerduty,/enrichment/event_enrichments,POST,createEventEnrichment,x,x,0.8,assigned,verbtable:create->raise:shareX=0.974
holdout2,pagerduty,/enrichment/event_enrichments/{id},PUT,updateEventEnrichment,w,w,0,review,
holdout2,pagerduty,/enrichment/event_enrichments/{id}/rules,PUT,updateEventEnrichmentRules,w,w,0,review,
holdout2,pagerduty,/enrichment/integrations/servicenow/credentials/{credentials_id},GET,getServiceNowCredentials,r,r,1,assigned,method-prior:GET-locked
holdout2,pagerduty,/enrichment/integrations/servicenow/{integration_id}/tables/{table_id},DELETE,deleteServiceNowTable,w,w,0,review,
holdout2,pagerduty,/enrichment/schemas,GET,listEnrichmentSchemas,r,r,1,assigned,method-prior:GET-locked
holdout2,pagerduty,/enrichment/schemas/{schema_id}/records,GET,listEnrichmentRecords,r,r,1,assigned,method-prior:GET-locked
holdout2,pagerduty,/escalation_policies/{id},DELETE,deleteEscalationPolicy,w,w,0,review,
holdout2,pagerduty,/event_orchestrations,POST,postOrchestration,x,x,0.8,assigned,verbtable:post->raise:shareX=1.000
holdout2,pagerduty,/event_orchestrations/services/{service_id}/cache_variables,GET,listCacheVarOnServiceOrch,r,r,1,assigned,method-prior:GET-locked
holdout2,pagerduty,/event_orchestrations/services/{service_id}/cache_variables/{cache_variable_id}/data,DELETE,deleteExternalDataCacheVarDataOnServiceOrch,w,w,0,review,
holdout2,pagerduty,/event_orchestrations/{id},PUT,updateOrchestration,w,w,0,review,
holdout2,pagerduty,/event_orchestrations/{id}/cache_variables/{cache_variable_id},PUT,updateCacheVarOnGlobalOrch,w,w,0,review,
holdout2,pagerduty,/event_orchestrations/{id}/enablements/{feature_name},PUT,updateEventOrchestrationFeatureEnablements,w,w,0,review,
holdout2,pagerduty,/event_orchestrations/{id}/integrations/migration,POST,migrateOrchestrationIntegration,w,x,0,review,
holdout2,pagerduty,/event_orchestrations/{id}/router,PUT,updateOrchPathRouter,w,w,0,review,
holdout2,pagerduty,/extensions,GET,listExtensions,r,r,1,assigned,method-prior:GET-locked
holdout2,pagerduty,/extensions/{id}/enable,POST,enableExtension,w,x,0,review,
holdout2,pagerduty,/incident_workflows/triggers,GET,listIncidentWorkflowTriggers,r,r,1,assigned,method-prior:GET-locked
holdout2,pagerduty,/incident_workflows/triggers/{id}/services,POST,associateServiceToIncidentWorkflowTrigger,w,x,0.1714285714285714,review,corpus:associate->lower:w:sharePutPatch=0.571
holdout2,pagerduty,/incident_workflows/{id}/instances,POST,createIncidentWorkflowInstance,x,x,0.8,assigned,verbtable:create->raise:shareX=0.974
holdout2,pagerduty,/incidents/custom_fields,POST,createCustomFieldsField,x,x,0.8,assigned,verbtable:create->raise:shareX=0.974
holdout2,pagerduty,/incidents/custom_fields/{field_id}/field_options,POST,createCustomFieldsFieldOption,x,x,0.8,assigned,verbtable:create->raise:shareX=0.974
holdout2,pagerduty,/incidents/types/{type_id_or_name},GET,getIncidentType,r,r,1,assigned,method-prior:GET-locked
holdout2,pagerduty,/incidents/types/{type_id_or_name}/custom_fields/{field_id},GET,getIncidentTypeCustomField,r,r,1,assigned,method-prior:GET-locked
holdout2,pagerduty,/incidents/types/{type_id_or_name}/custom_fields/{field_id}/field_options/{field_option_id},GET,getIncidentTypeCustomFieldFieldOptions,r,r,1,assigned,method-prior:GET-locked
holdout2,pagerduty,/incidents/{id}/alerts,PUT,updateIncidentAlerts,w,w,0,review,
holdout2,pagerduty,/incidents/{id}/custom_fields/values,GET,getIncidentFieldValues,r,r,1,assigned,method-prior:GET-locked
holdout2,pagerduty,/incidents/{id}/notes,POST,createIncidentNote,x,x,0.8,assigned,verbtable:create->raise:shareX=0.974
holdout2,pagerduty,/incidents/{id}/related_change_events,GET,listIncidentRelatedChangeEvents,r,r,1,assigned,method-prior:GET-locked
holdout2,pagerduty,/incidents/{id}/status_updates,POST,createIncidentStatusUpdate,x,x,0.8,assigned,verbtable:create->raise:shareX=0.974
holdout2,pagerduty,/ip_allow_lists,POST,createIpAllowList,x,x,0.8,assigned,verbtable:create->raise:shareX=0.974
holdout2,pagerduty,/license_allocations,GET,listLicenseAllocations,r,r,1,assigned,method-prior:GET-locked
holdout2,pagerduty,/maintenance_windows,GET,listMaintenanceWindows,r,r,1,assigned,method-prior:GET-locked
holdout2,pagerduty,/notifications,GET,listNotifications,r,r,1,assigned,method-prior:GET-locked
holdout2,pagerduty,/paused_incident_reports/counts,GET,getPausedIncidentReportCounts,r,r,1,assigned,method-prior:GET-locked
holdout2,pagerduty,/recommendations/event_orchestrations/services/{service_id}/rules/{recommendation_id}/dismiss,POST,dismissRecommendedRule,w,x,0,review,
holdout2,pagerduty,/rulesets/{id},PUT,updateRuleset,w,w,0,review,
holdout2,pagerduty,/rulesets/{id}/rules/{rule_id},PUT,updateRulesetEventRule,w,w,0,review,
holdout2,pagerduty,/schedules/{id},GET,getSchedule,r,r,1,assigned,method-prior:GET-locked
holdout2,pagerduty,/schedules/{id}/overrides/{override_id},DELETE,deleteScheduleOverride,w,w,0,review,
holdout2,pagerduty,/service_dependencies/technical_services/{id},GET,getTechnicalServiceServiceDependencies,r,r,1,assigned,method-prior:GET-locked
holdout2,pagerduty,/services/custom_fields/{field_id},DELETE,deleteServiceCustomField,w,w,0,review,
holdout2,pagerduty,/services/custom_fields/{field_id}/field_options/{field_option_id},DELETE,deleteServiceCustomFieldOption,w,w,0,review,
holdout2,pagerduty,/services/{id},PUT,updateService,w,w,0,review,
holdout2,pagerduty,/services/{id}/enablements,GET,listServiceFeatureEnablements,r,r,1,assigned,method-prior:GET-locked
holdout2,pagerduty,/services/{id}/rules,GET,listServiceEventRules,r,r,1,assigned,method-prior:GET-locked
holdout2,pagerduty,/services/{id}/rules/{rule_id},PUT,updateServiceEventRule,w,w,0,review,
holdout2,pagerduty,/sre_agent/memories/{id},DELETE,deleteSreMemory,w,w,0,review,
holdout2,pagerduty,/standards/{id},PUT,updateStandard,w,w,0,review,
holdout2,pagerduty,/status_dashboards/{id}/service_impacts,GET,getStatusDashboardServiceImpactsById,r,r,1,assigned,method-prior:GET-locked
holdout2,pagerduty,/status_pages/{id}/posts,POST,createStatusPagePost,x,x,0.8,assigned,verbtable:create->raise:shareX=0.974
holdout2,pagerduty,/status_pages/{id}/posts/{post_id}/post_updates,POST,createStatusPagePostUpdate,x,x,0.8,assigned,verbtable:create->raise:shareX=0.974
holdout2,pagerduty,/status_pages/{id}/posts/{post_id}/postmortem,GET,getPostmortem,r,r,1,assigned,method-prior:GET-locked
holdout2,pagerduty,/status_pages/{id}/severities/{severity_id},GET,getStatusPageSeverity,r,r,1,assigned,method-prior:GET-locked
holdout2,pagerduty,/status_pages/{id}/subscriptions/{subscription_id},DELETE,deleteStatusPageSubscription,w,w,0,review,
holdout2,pagerduty,/tags/{id},GET,getTag,r,r,1,assigned,method-prior:GET-locked
holdout2,pagerduty,/teams/{id},GET,getTeam,r,r,1,assigned,method-prior:GET-locked
holdout2,pagerduty,/teams/{id}/members,GET,listTeamUsers,r,r,1,assigned,method-prior:GET-locked
holdout2,pagerduty,/teams/{id}/users/{user_id},PUT,updateTeamUser,w,w,0,review,
holdout2,pagerduty,/templates/{id},GET,getTemplate,r,r,1,assigned,method-prior:GET-locked
holdout2,pagerduty,/users/me,GET,getCurrentUser,r,r,1,assigned,method-prior:GET-locked
holdout2,pagerduty,/users/{id}/contact_methods,GET,getUserContactMethods,r,r,1,assigned,method-prior:GET-locked
holdout2,pagerduty,/users/{id}/license,GET,getUserLicense,r,r,1,assigned,method-prior:GET-locked
holdout2,pagerduty,/users/{id}/notification_rules/{notification_rule_id},PUT,updateUserNotificationRule,w,w,0,review,
holdout2,pagerduty,/users/{id}/oauth_delegations/{delegation_id},GET,getUserDelegation,r,r,1,assigned,method-prior:GET-locked
holdout2,pagerduty,/users/{id}/oncall_handoff_notification_rules/{oncall_handoff_notification_rule_id},PUT,updateUserHandoffNotification,w,w,0,review,
holdout2,pagerduty,/users/{id}/sessions/{type}/{session_id},GET,getUserSession,r,r,1,assigned,method-prior:GET-locked
holdout2,pagerduty,/users/{id}/status_update_notification_rules/{status_update_notification_rule_id},PUT,updateUserStatusUpdateNotificationRule,w,w,0,review,
holdout2,pagerduty,/v3/schedules/{id},PUT,updateScheduleV3,w,w,0,review,
holdout2,pagerduty,/v3/schedules/{id}/custom_shifts/{custom_shift_id},GET,getCustomShift,r,r,1,assigned,method-prior:GET-locked
holdout2,pagerduty,/v3/schedules/{id}/overrides/{override_id},GET,getOverride,r,r,1,assigned,method-prior:GET-locked
holdout2,pagerduty,/v3/schedules/{id}/rotations/{rotation_id},GET,getRotation,r,r,1,assigned,method-prior:GET-locked
holdout2,pagerduty,/v3/schedules/{id}/rotations/{rotation_id}/events/{event_id},PUT,updateEvent,w,w,0,review,
holdout2,pagerduty,/webhook_subscriptions/oauth_clients,GET,listOauthClients,r,r,1,assigned,method-prior:GET-locked
holdout2,pagerduty,/webhook_subscriptions/{id},DELETE,deleteWebhookSubscription,w,w,0,review,
holdout2,pagerduty,/workflows/integrations,GET,listWorkflowIntegrations,r,r,1,assigned,method-prior:GET-locked
holdout2,pagerduty,/workflows/integrations/{integration_id}/connections/{id},DELETE,deleteWorkflowIntegrationConnection,w,w,0,review,
holdout2,adyen,/applePay/sessions,POST,post-applePay-sessions,x,x,0,review,
holdout2,adyen,/cancels,POST,post-cancels,x,x,0,review,
holdout2,adyen,/cardDetails,POST,post-cardDetails,r,x,0,review,
holdout2,adyen,/donationCampaigns,POST,post-donationCampaigns,r,x,0,review,
holdout2,adyen,/donations,POST,post-donations,x,x,0,review,
holdout2,adyen,/forward,POST,post-forward,x,x,0,review,
holdout2,adyen,/orders,POST,post-orders,x,x,0,review,
holdout2,adyen,/orders/cancel,POST,post-orders-cancel,x,x,0,review,
holdout2,adyen,/originKeys,POST,post-originKeys,r,x,0,review,
holdout2,adyen,/paymentLinks,POST,post-paymentLinks,x,x,0,review,
holdout2,adyen,/paymentLinks/{linkId},GET,get-paymentLinks-linkId,r,r,1,assigned,method-prior:GET-locked
holdout2,adyen,/paymentLinks/{linkId},PATCH,patch-paymentLinks-linkId,w,x,0,review,
holdout2,adyen,/paymentMethods,POST,post-paymentMethods,r,x,0,review,
holdout2,adyen,/paymentMethods/balance,POST,post-paymentMethods-balance,r,x,0,review,
holdout2,adyen,/payments,POST,post-payments,x,x,0,review,
holdout2,adyen,/payments/details,POST,post-payments-details,x,x,0,review,
holdout2,adyen,/payments/{paymentPspReference}/amountUpdates,POST,post-payments-paymentPspReference-amountUpdates,x,x,0,review,
holdout2,adyen,/payments/{paymentPspReference}/cancels,POST,post-payments-paymentPspReference-cancels,x,x,0,review,
holdout2,adyen,/payments/{paymentPspReference}/captures,POST,post-payments-paymentPspReference-captures,x,x,0,review,
holdout2,adyen,/payments/{paymentPspReference}/refunds,POST,post-payments-paymentPspReference-refunds,x,x,0,review,
holdout2,adyen,/payments/{paymentPspReference}/reversals,POST,post-payments-paymentPspReference-reversals,x,x,0,review,
holdout2,adyen,/paypal/updateOrder,POST,post-paypal-updateOrder,x,x,0,review,
holdout2,adyen,/sessions,POST,post-sessions,x,x,0,review,
holdout2,adyen,/sessions/{sessionId},GET,get-sessions-sessionId,r,r,1,assigned,method-prior:GET-locked
holdout2,adyen,/storedPaymentMethods,GET,get-storedPaymentMethods,r,r,1,assigned,method-prior:GET-locked
holdout2,adyen,/storedPaymentMethods,POST,post-storedPaymentMethods,x,x,0,review,
holdout2,adyen,/storedPaymentMethods/{storedPaymentMethodId},DELETE,delete-storedPaymentMethods-storedPaymentMethodId,w,w,0,review,
holdout2,adyen,/validateShopperId,POST,post-validateShopperId,r,x,0,review,
